season,round,race,circuit,driver_id,driver,constructor,grid,position,points,status,laps,fastest_lap
2018,1,Australian Grand Prix,Albert Park Grand Prix Circuit,vettel,Sebastian Vettel,Ferrari,3,1,25.0,Finished,58,53.0
2018,1,Australian Grand Prix,Albert Park Grand Prix Circuit,hamilton,Lewis Hamilton,Mercedes,1,2,18.0,Finished,58,50.0
2018,1,Australian Grand Prix,Albert Park Grand Prix Circuit,raikkonen,Kimi Räikkönen,Ferrari,2,3,15.0,Finished,58,57.0
2018,1,Australian Grand Prix,Albert Park Grand Prix Circuit,ricciardo,Daniel Ricciardo,Red Bull,8,4,12.0,Finished,58,54.0
2018,1,Australian Grand Prix,Albert Park Grand Prix Circuit,alonso,Fernando Alonso,McLaren,10,5,10.0,Finished,58,57.0
2018,1,Australian Grand Prix,Albert Park Grand Prix Circuit,max_verstappen,Max Verstappen,Red Bull,4,6,8.0,Finished,58,54.0
2018,1,Australian Grand Prix,Albert Park Grand Prix Circuit,hulkenberg,Nico Hülkenberg,Renault,7,7,6.0,Finished,58,57.0
2018,1,Australian Grand Prix,Albert Park Grand Prix Circuit,bottas,Valtteri Bottas,Mercedes,15,8,4.0,Finished,58,54.0
2018,1,Australian Grand Prix,Albert Park Grand Prix Circuit,vandoorne,Stoffel Vandoorne,McLaren,11,9,2.0,Finished,58,57.0
2018,1,Australian Grand Prix,Albert Park Grand Prix Circuit,sainz,Carlos Sainz,Renault,9,10,1.0,Finished,58,51.0
2018,1,Australian Grand Prix,Albert Park Grand Prix Circuit,perez,Sergio Pérez,Force India,12,11,0.0,Finished,58,51.0
2018,1,Australian Grand Prix,Albert Park Grand Prix Circuit,ocon,Esteban Ocon,Force India,14,12,0.0,Finished,58,57.0
2018,1,Australian Grand Prix,Albert Park Grand Prix Circuit,leclerc,Charles Leclerc,Sauber,18,13,0.0,Finished,58,56.0
2018,1,Australian Grand Prix,Albert Park Grand Prix Circuit,stroll,Lance Stroll,Williams,13,14,0.0,Finished,58,55.0
2018,1,Australian Grand Prix,Albert Park Grand Prix Circuit,brendon_hartley,Brendon Hartley,Toro Rosso,16,15,0.0,+1 Lap,57,57.0
2018,1,Australian Grand Prix,Albert Park Grand Prix Circuit,grosjean,Romain Grosjean,Haas F1 Team,6,16,0.0,Wheel,24,23.0
2018,1,Australian Grand Prix,Albert Park Grand Prix Circuit,kevin_magnussen,Kevin Magnussen,Haas F1 Team,5,17,0.0,Wheel,22,21.0
2018,1,Australian Grand Prix,Albert Park Grand Prix Circuit,gasly,Pierre Gasly,Toro Rosso,20,18,0.0,Engine,13,13.0
2018,1,Australian Grand Prix,Albert Park Grand Prix Circuit,ericsson,Marcus Ericsson,Sauber,17,19,0.0,Steering,5,4.0
2018,1,Australian Grand Prix,Albert Park Grand Prix Circuit,sirotkin,Sergey Sirotkin,Williams,19,20,0.0,Brakes,4,3.0
2018,2,Bahrain Grand Prix,Bahrain International Circuit,vettel,Sebastian Vettel,Ferrari,1,1,25.0,Finished,57,21.0
2018,2,Bahrain Grand Prix,Bahrain International Circuit,bottas,Valtteri Bottas,Mercedes,3,2,18.0,Finished,57,22.0
2018,2,Bahrain Grand Prix,Bahrain International Circuit,hamilton,Lewis Hamilton,Mercedes,9,3,15.0,Finished,57,51.0
2018,2,Bahrain Grand Prix,Bahrain International Circuit,gasly,Pierre Gasly,Toro Rosso,5,4,12.0,Finished,57,46.0
2018,2,Bahrain Grand Prix,Bahrain International Circuit,kevin_magnussen,Kevin Magnussen,Haas F1 Team,6,5,10.0,Finished,57,29.0
2018,2,Bahrain Grand Prix,Bahrain International Circuit,hulkenberg,Nico Hülkenberg,Renault,7,6,8.0,Finished,57,50.0
2018,2,Bahrain Grand Prix,Bahrain International Circuit,alonso,Fernando Alonso,McLaren,13,7,6.0,+1 Lap,56,47.0
2018,2,Bahrain Grand Prix,Bahrain International Circuit,vandoorne,Stoffel Vandoorne,McLaren,14,8,4.0,+1 Lap,56,30.0
2018,2,Bahrain Grand Prix,Bahrain International Circuit,ericsson,Marcus Ericsson,Sauber,17,9,2.0,+1 Lap,56,26.0
2018,2,Bahrain Grand Prix,Bahrain International Circuit,ocon,Esteban Ocon,Force India,8,10,1.0,+1 Lap,56,38.0
2018,2,Bahrain Grand Prix,Bahrain International Circuit,sainz,Carlos Sainz,Renault,10,11,0.0,+1 Lap,56,35.0
2018,2,Bahrain Grand Prix,Bahrain International Circuit,leclerc,Charles Leclerc,Sauber,19,12,0.0,+1 Lap,56,35.0
2018,2,Bahrain Grand Prix,Bahrain International Circuit,grosjean,Romain Grosjean,Haas F1 Team,16,13,0.0,+1 Lap,56,44.0
2018,2,Bahrain Grand Prix,Bahrain International Circuit,stroll,Lance Stroll,Williams,20,14,0.0,+1 Lap,56,40.0
2018,2,Bahrain Grand Prix,Bahrain International Circuit,sirotkin,Sergey Sirotkin,Williams,18,15,0.0,+1 Lap,56,47.0
2018,2,Bahrain Grand Prix,Bahrain International Circuit,perez,Sergio Pérez,Force India,12,16,0.0,+1 Lap,56,32.0
2018,2,Bahrain Grand Prix,Bahrain International Circuit,brendon_hartley,Brendon Hartley,Toro Rosso,11,17,0.0,+1 Lap,56,42.0
2018,2,Bahrain Grand Prix,Bahrain International Circuit,raikkonen,Kimi Räikkönen,Ferrari,2,18,0.0,Wheel,35,22.0
2018,2,Bahrain Grand Prix,Bahrain International Circuit,max_verstappen,Max Verstappen,Red Bull,15,19,0.0,Puncture,3,
2018,2,Bahrain Grand Prix,Bahrain International Circuit,ricciardo,Daniel Ricciardo,Red Bull,4,20,0.0,Electrical,1,
2018,3,Chinese Grand Prix,Shanghai International Circuit,ricciardo,Daniel Ricciardo,Red Bull,6,1,25.0,Finished,56,55.0
2018,3,Chinese Grand Prix,Shanghai International Circuit,bottas,Valtteri Bottas,Mercedes,3,2,18.0,Finished,56,50.0
2018,3,Chinese Grand Prix,Shanghai International Circuit,raikkonen,Kimi Räikkönen,Ferrari,2,3,15.0,Finished,56,48.0
2018,3,Chinese Grand Prix,Shanghai International Circuit,hamilton,Lewis Hamilton,Mercedes,4,4,12.0,Finished,56,20.0
2018,3,Chinese Grand Prix,Shanghai International Circuit,max_verstappen,Max Verstappen,Red Bull,5,5,10.0,Finished,56,50.0
2018,3,Chinese Grand Prix,Shanghai International Circuit,hulkenberg,Nico Hülkenberg,Renault,7,6,8.0,Finished,56,56.0
2018,3,Chinese Grand Prix,Shanghai International Circuit,alonso,Fernando Alonso,McLaren,13,7,6.0,Finished,56,56.0
2018,3,Chinese Grand Prix,Shanghai International Circuit,vettel,Sebastian Vettel,Ferrari,1,8,4.0,Finished,56,24.0
2018,3,Chinese Grand Prix,Shanghai International Circuit,sainz,Carlos Sainz,Renault,9,9,2.0,Finished,56,54.0
2018,3,Chinese Grand Prix,Shanghai International Circuit,kevin_magnussen,Kevin Magnussen,Haas F1 Team,11,10,1.0,Finished,56,54.0
2018,3,Chinese Grand Prix,Shanghai International Circuit,ocon,Esteban Ocon,Force India,12,11,0.0,Finished,56,47.0
2018,3,Chinese Grand Prix,Shanghai International Circuit,perez,Sergio Pérez,Force India,8,12,0.0,Finished,56,54.0
2018,3,Chinese Grand Prix,Shanghai International Circuit,vandoorne,Stoffel Vandoorne,McLaren,14,13,0.0,Finished,56,54.0
2018,3,Chinese Grand Prix,Shanghai International Circuit,stroll,Lance Stroll,Williams,18,14,0.0,Finished,56,54.0
2018,3,Chinese Grand Prix,Shanghai International Circuit,sirotkin,Sergey Sirotkin,Williams,16,15,0.0,Finished,56,47.0
2018,3,Chinese Grand Prix,Shanghai International Circuit,ericsson,Marcus Ericsson,Sauber,20,16,0.0,Finished,56,52.0
2018,3,Chinese Grand Prix,Shanghai International Circuit,grosjean,Romain Grosjean,Haas F1 Team,10,17,0.0,Finished,56,51.0
2018,3,Chinese Grand Prix,Shanghai International Circuit,gasly,Pierre Gasly,Toro Rosso,17,18,0.0,Finished,56,54.0
2018,3,Chinese Grand Prix,Shanghai International Circuit,leclerc,Charles Leclerc,Sauber,19,19,0.0,Finished,56,23.0
2018,3,Chinese Grand Prix,Shanghai International Circuit,brendon_hartley,Brendon Hartley,Toro Rosso,15,20,0.0,Collision damage,51,50.0
2018,4,Azerbaijan Grand Prix,Baku City Circuit,hamilton,Lewis Hamilton,Mercedes,2,1,25.0,Finished,51,35.0
2018,4,Azerbaijan Grand Prix,Baku City Circuit,raikkonen,Kimi Räikkönen,Ferrari,6,2,18.0,Finished,51,50.0
2018,4,Azerbaijan Grand Prix,Baku City Circuit,perez,Sergio Pérez,Force India,8,3,15.0,Finished,51,51.0
2018,4,Azerbaijan Grand Prix,Baku City Circuit,vettel,Sebastian Vettel,Ferrari,1,4,12.0,Finished,51,38.0
2018,4,Azerbaijan Grand Prix,Baku City Circuit,sainz,Carlos Sainz,Renault,9,5,10.0,Finished,51,50.0
2018,4,Azerbaijan Grand Prix,Baku City Circuit,leclerc,Charles Leclerc,Sauber,13,6,8.0,Finished,51,31.0
2018,4,Azerbaijan Grand Prix,Baku City Circuit,alonso,Fernando Alonso,McLaren,12,7,6.0,Finished,51,32.0
2018,4,Azerbaijan Grand Prix,Baku City Circuit,stroll,Lance Stroll,Williams,10,8,4.0,Finished,51,50.0
2018,4,Azerbaijan Grand Prix,Baku City Circuit,vandoorne,Stoffel Vandoorne,McLaren,16,9,2.0,Finished,51,50.0
2018,4,Azerbaijan Grand Prix,Baku City Circuit,brendon_hartley,Brendon Hartley,Toro Rosso,19,10,1.0,Finished,51,51.0
2018,4,Azerbaijan Grand Prix,Baku City Circuit,ericsson,Marcus Ericsson,Sauber,18,11,0.0,Finished,51,51.0
2018,4,Azerbaijan Grand Prix,Baku City Circuit,gasly,Pierre Gasly,Toro Rosso,17,12,0.0,Finished,51,38.0
2018,4,Azerbaijan Grand Prix,Baku City Circuit,kevin_magnussen,Kevin Magnussen,Haas F1 Team,15,13,0.0,Finished,51,35.0
2018,4,Azerbaijan Grand Prix,Baku City Circuit,bottas,Valtteri Bottas,Mercedes,3,14,0.0,Puncture,48,37.0
2018,4,Azerbaijan Grand Prix,Baku City Circuit,grosjean,Romain Grosjean,Haas F1 Team,20,15,0.0,Accident,42,34.0
2018,4,Azerbaijan Grand Prix,Baku City Circuit,max_verstappen,Max Verstappen,Red Bull,5,16,0.0,Collision,39,31.0
2018,4,Azerbaijan Grand Prix,Baku City Circuit,ricciardo,Daniel Ricciardo,Red Bull,4,17,0.0,Collision,39,34.0
2018,4,Azerbaijan Grand Prix,Baku City Circuit,hulkenberg,Nico Hülkenberg,Renault,14,18,0.0,Accident,10,10.0
2018,4,Azerbaijan Grand Prix,Baku City Circuit,ocon,Esteban Ocon,Force India,7,19,0.0,Collision,0,
2018,4,Azerbaijan Grand Prix,Baku City Circuit,sirotkin,Sergey Sirotkin,Williams,11,20,0.0,Collision,0,
2018,5,Spanish Grand Prix,Circuit de Barcelona-Catalunya,hamilton,Lewis Hamilton,Mercedes,1,1,25.0,Finished,66,64.0
2018,5,Spanish Grand Prix,Circuit de Barcelona-Catalunya,bottas,Valtteri Bottas,Mercedes,2,2,18.0,Finished,66,56.0
2018,5,Spanish Grand Prix,Circuit de Barcelona-Catalunya,max_verstappen,Max Verstappen,Red Bull,5,3,15.0,Finished,66,62.0
2018,5,Spanish Grand Prix,Circuit de Barcelona-Catalunya,vettel,Sebastian Vettel,Ferrari,3,4,12.0,Finished,66,61.0
2018,5,Spanish Grand Prix,Circuit de Barcelona-Catalunya,ricciardo,Daniel Ricciardo,Red Bull,6,5,10.0,Finished,66,61.0
2018,5,Spanish Grand Prix,Circuit de Barcelona-Catalunya,kevin_magnussen,Kevin Magnussen,Haas F1 Team,7,6,8.0,+1 Lap,65,64.0
2018,5,Spanish Grand Prix,Circuit de Barcelona-Catalunya,sainz,Carlos Sainz,Renault,9,7,6.0,+1 Lap,65,61.0
2018,5,Spanish Grand Prix,Circuit de Barcelona-Catalunya,alonso,Fernando Alonso,McLaren,8,8,4.0,+1 Lap,65,64.0
2018,5,Spanish Grand Prix,Circuit de Barcelona-Catalunya,perez,Sergio Pérez,Force India,15,9,2.0,+2 Laps,64,43.0
2018,5,Spanish Grand Prix,Circuit de Barcelona-Catalunya,leclerc,Charles Leclerc,Sauber,14,10,1.0,+2 Laps,64,51.0
2018,5,Spanish Grand Prix,Circuit de Barcelona-Catalunya,stroll,Lance Stroll,Williams,18,11,0.0,+2 Laps,64,60.0
2018,5,Spanish Grand Prix,Circuit de Barcelona-Catalunya,brendon_hartley,Brendon Hartley,Toro Rosso,20,12,0.0,+2 Laps,64,63.0
2018,5,Spanish Grand Prix,Circuit de Barcelona-Catalunya,ericsson,Marcus Ericsson,Sauber,17,13,0.0,+2 Laps,64,50.0
2018,5,Spanish Grand Prix,Circuit de Barcelona-Catalunya,sirotkin,Sergey Sirotkin,Williams,19,14,0.0,+3 Laps,63,57.0
2018,5,Spanish Grand Prix,Circuit de Barcelona-Catalunya,vandoorne,Stoffel Vandoorne,McLaren,11,15,0.0,Gearbox,45,38.0
2018,5,Spanish Grand Prix,Circuit de Barcelona-Catalunya,ocon,Esteban Ocon,Force India,13,16,0.0,Oil leak,38,36.0
2018,5,Spanish Grand Prix,Circuit de Barcelona-Catalunya,raikkonen,Kimi Räikkönen,Ferrari,4,17,0.0,Turbo,25,23.0
2018,5,Spanish Grand Prix,Circuit de Barcelona-Catalunya,grosjean,Romain Grosjean,Haas F1 Team,10,18,0.0,Collision,0,
2018,5,Spanish Grand Prix,Circuit de Barcelona-Catalunya,gasly,Pierre Gasly,Toro Rosso,12,19,0.0,Collision,0,
2018,5,Spanish Grand Prix,Circuit de Barcelona-Catalunya,hulkenberg,Nico Hülkenberg,Renault,16,20,0.0,Collision,0,
2018,6,Monaco Grand Prix,Circuit de Monaco,ricciardo,Daniel Ricciardo,Red Bull,1,1,25.0,Finished,78,13.0
2018,6,Monaco Grand Prix,Circuit de Monaco,vettel,Sebastian Vettel,Ferrari,2,2,18.0,Finished,78,14.0
2018,6,Monaco Grand Prix,Circuit de Monaco,hamilton,Lewis Hamilton,Mercedes,3,3,15.0,Finished,78,15.0
2018,6,Monaco Grand Prix,Circuit de Monaco,raikkonen,Kimi Räikkönen,Ferrari,4,4,12.0,Finished,78,13.0
2018,6,Monaco Grand Prix,Circuit de Monaco,bottas,Valtteri Bottas,Mercedes,5,5,10.0,Finished,78,21.0
2018,6,Monaco Grand Prix,Circuit de Monaco,ocon,Esteban Ocon,Force India,6,6,8.0,Finished,78,63.0
2018,6,Monaco Grand Prix,Circuit de Monaco,gasly,Pierre Gasly,Toro Rosso,10,7,6.0,Finished,78,68.0
2018,6,Monaco Grand Prix,Circuit de Monaco,hulkenberg,Nico Hülkenberg,Renault,11,8,4.0,Finished,78,57.0
2018,6,Monaco Grand Prix,Circuit de Monaco,max_verstappen,Max Verstappen,Red Bull,20,9,2.0,Finished,78,60.0
2018,6,Monaco Grand Prix,Circuit de Monaco,sainz,Carlos Sainz,Renault,8,10,1.0,Finished,78,19.0
2018,6,Monaco Grand Prix,Circuit de Monaco,ericsson,Marcus Ericsson,Sauber,16,11,0.0,Finished,78,19.0
2018,6,Monaco Grand Prix,Circuit de Monaco,perez,Sergio Pérez,Force India,9,12,0.0,Finished,78,24.0
2018,6,Monaco Grand Prix,Circuit de Monaco,kevin_magnussen,Kevin Magnussen,Haas F1 Team,19,13,0.0,Finished,78,20.0
2018,6,Monaco Grand Prix,Circuit de Monaco,vandoorne,Stoffel Vandoorne,McLaren,12,14,0.0,+1 Lap,77,76.0
2018,6,Monaco Grand Prix,Circuit de Monaco,grosjean,Romain Grosjean,Haas F1 Team,18,15,0.0,+1 Lap,77,74.0
2018,6,Monaco Grand Prix,Circuit de Monaco,sirotkin,Sergey Sirotkin,Williams,13,16,0.0,+1 Lap,77,75.0
2018,6,Monaco Grand Prix,Circuit de Monaco,stroll,Lance Stroll,Williams,17,17,0.0,+2 Laps,76,61.0
2018,6,Monaco Grand Prix,Circuit de Monaco,leclerc,Charles Leclerc,Sauber,14,18,0.0,Collision,70,17.0
2018,6,Monaco Grand Prix,Circuit de Monaco,brendon_hartley,Brendon Hartley,Toro Rosso,15,19,0.0,Collision,70,15.0
2018,6,Monaco Grand Prix,Circuit de Monaco,alonso,Fernando Alonso,McLaren,7,20,0.0,Gearbox,52,23.0
2018,7,Canadian Grand Prix,Circuit Gilles Villeneuve,vettel,Sebastian Vettel,Ferrari,1,1,25.0,Finished,68,57.0
2018,7,Canadian Grand Prix,Circuit Gilles Villeneuve,bottas,Valtteri Bottas,Mercedes,2,2,18.0,Finished,68,51.0
2018,7,Canadian Grand Prix,Circuit Gilles Villeneuve,max_verstappen,Max Verstappen,Red Bull,3,3,15.0,Finished,68,65.0
2018,7,Canadian Grand Prix,Circuit Gilles Villeneuve,ricciardo,Daniel Ricciardo,Red Bull,6,4,12.0,Finished,68,59.0
2018,7,Canadian Grand Prix,Circuit Gilles Villeneuve,hamilton,Lewis Hamilton,Mercedes,4,5,10.0,Finished,68,66.0
2018,7,Canadian Grand Prix,Circuit Gilles Villeneuve,raikkonen,Kimi Räikkönen,Ferrari,5,6,8.0,Finished,68,59.0
2018,7,Canadian Grand Prix,Circuit Gilles Villeneuve,hulkenberg,Nico Hülkenberg,Renault,7,7,6.0,+1 Lap,67,64.0
2018,7,Canadian Grand Prix,Circuit Gilles Villeneuve,sainz,Carlos Sainz,Renault,9,8,4.0,+1 Lap,67,61.0
2018,7,Canadian Grand Prix,Circuit Gilles Villeneuve,ocon,Esteban Ocon,Force India,8,9,2.0,+1 Lap,67,61.0
2018,7,Canadian Grand Prix,Circuit Gilles Villeneuve,leclerc,Charles Leclerc,Sauber,13,10,1.0,+1 Lap,67,65.0
2018,7,Canadian Grand Prix,Circuit Gilles Villeneuve,gasly,Pierre Gasly,Toro Rosso,16,11,0.0,+1 Lap,67,67.0
2018,7,Canadian Grand Prix,Circuit Gilles Villeneuve,grosjean,Romain Grosjean,Haas F1 Team,20,12,0.0,+1 Lap,67,56.0
2018,7,Canadian Grand Prix,Circuit Gilles Villeneuve,kevin_magnussen,Kevin Magnussen,Haas F1 Team,11,13,0.0,+1 Lap,67,65.0
2018,7,Canadian Grand Prix,Circuit Gilles Villeneuve,perez,Sergio Pérez,Force India,10,14,0.0,+1 Lap,67,64.0
2018,7,Canadian Grand Prix,Circuit Gilles Villeneuve,ericsson,Marcus Ericsson,Sauber,19,15,0.0,+2 Laps,66,62.0
2018,7,Canadian Grand Prix,Circuit Gilles Villeneuve,vandoorne,Stoffel Vandoorne,McLaren,15,16,0.0,+2 Laps,66,55.0
2018,7,Canadian Grand Prix,Circuit Gilles Villeneuve,sirotkin,Sergey Sirotkin,Williams,18,17,0.0,+2 Laps,66,53.0
2018,7,Canadian Grand Prix,Circuit Gilles Villeneuve,alonso,Fernando Alonso,McLaren,14,18,0.0,Exhaust,40,33.0
2018,7,Canadian Grand Prix,Circuit Gilles Villeneuve,brendon_hartley,Brendon Hartley,Toro Rosso,12,19,0.0,Collision,0,
2018,7,Canadian Grand Prix,Circuit Gilles Villeneuve,stroll,Lance Stroll,Williams,17,20,0.0,Collision,0,
2018,8,French Grand Prix,Circuit Paul Ricard,hamilton,Lewis Hamilton,Mercedes,1,1,25.0,Finished,53,49.0
2018,8,French Grand Prix,Circuit Paul Ricard,max_verstappen,Max Verstappen,Red Bull,4,2,18.0,Finished,53,47.0
2018,8,French Grand Prix,Circuit Paul Ricard,raikkonen,Kimi Räikkönen,Ferrari,6,3,15.0,Finished,53,48.0
2018,8,French Grand Prix,Circuit Paul Ricard,ricciardo,Daniel Ricciardo,Red Bull,5,4,12.0,Finished,53,37.0
2018,8,French Grand Prix,Circuit Paul Ricard,vettel,Sebastian Vettel,Ferrari,3,5,10.0,Finished,53,42.0
2018,8,French Grand Prix,Circuit Paul Ricard,kevin_magnussen,Kevin Magnussen,Haas F1 Team,9,6,8.0,Finished,53,50.0
2018,8,French Grand Prix,Circuit Paul Ricard,bottas,Valtteri Bottas,Mercedes,2,7,6.0,Finished,53,41.0
2018,8,French Grand Prix,Circuit Paul Ricard,sainz,Carlos Sainz,Renault,7,8,4.0,Finished,53,46.0
2018,8,French Grand Prix,Circuit Paul Ricard,hulkenberg,Nico Hülkenberg,Renault,12,9,2.0,Finished,53,46.0
2018,8,French Grand Prix,Circuit Paul Ricard,leclerc,Charles Leclerc,Sauber,8,10,1.0,Finished,53,45.0
2018,8,French Grand Prix,Circuit Paul Ricard,grosjean,Romain Grosjean,Haas F1 Team,10,11,0.0,+1 Lap,52,47.0
2018,8,French Grand Prix,Circuit Paul Ricard,vandoorne,Stoffel Vandoorne,McLaren,17,12,0.0,+1 Lap,52,48.0
2018,8,French Grand Prix,Circuit Paul Ricard,ericsson,Marcus Ericsson,Sauber,15,13,0.0,+1 Lap,52,37.0
2018,8,French Grand Prix,Circuit Paul Ricard,brendon_hartley,Brendon Hartley,Toro Rosso,20,14,0.0,+1 Lap,52,40.0
2018,8,French Grand Prix,Circuit Paul Ricard,sirotkin,Sergey Sirotkin,Williams,18,15,0.0,+1 Lap,52,35.0
2018,8,French Grand Prix,Circuit Paul Ricard,alonso,Fernando Alonso,McLaren,16,16,0.0,Wheel,50,48.0
2018,8,French Grand Prix,Circuit Paul Ricard,stroll,Lance Stroll,Williams,19,17,0.0,Puncture,48,35.0
2018,8,French Grand Prix,Circuit Paul Ricard,perez,Sergio Pérez,Force India,13,18,0.0,Engine,27,25.0
2018,8,French Grand Prix,Circuit Paul Ricard,ocon,Esteban Ocon,Force India,11,19,0.0,Collision,0,
2018,8,French Grand Prix,Circuit Paul Ricard,gasly,Pierre Gasly,Toro Rosso,14,20,0.0,Collision,0,
2018,9,Austrian Grand Prix,Red Bull Ring,max_verstappen,Max Verstappen,Red Bull,4,1,25.0,Finished,71,70.0
2018,9,Austrian Grand Prix,Red Bull Ring,raikkonen,Kimi Räikkönen,Ferrari,3,2,18.0,Finished,71,71.0
2018,9,Austrian Grand Prix,Red Bull Ring,vettel,Sebastian Vettel,Ferrari,6,3,15.0,Finished,71,67.0
2018,9,Austrian Grand Prix,Red Bull Ring,grosjean,Romain Grosjean,Haas F1 Team,5,4,12.0,+1 Lap,70,17.0
2018,9,Austrian Grand Prix,Red Bull Ring,kevin_magnussen,Kevin Magnussen,Haas F1 Team,8,5,10.0,+1 Lap,70,70.0
2018,9,Austrian Grand Prix,Red Bull Ring,ocon,Esteban Ocon,Force India,11,6,8.0,+1 Lap,70,64.0
2018,9,Austrian Grand Prix,Red Bull Ring,perez,Sergio Pérez,Force India,16,7,6.0,+1 Lap,70,66.0
2018,9,Austrian Grand Prix,Red Bull Ring,alonso,Fernando Alonso,McLaren,13,8,4.0,+1 Lap,70,69.0
2018,9,Austrian Grand Prix,Red Bull Ring,leclerc,Charles Leclerc,Sauber,18,9,2.0,+1 Lap,70,68.0
2018,9,Austrian Grand Prix,Red Bull Ring,ericsson,Marcus Ericsson,Sauber,20,10,1.0,+1 Lap,70,67.0
2018,9,Austrian Grand Prix,Red Bull Ring,gasly,Pierre Gasly,Toro Rosso,12,11,0.0,+1 Lap,70,38.0
2018,9,Austrian Grand Prix,Red Bull Ring,sainz,Carlos Sainz,Renault,9,12,0.0,+1 Lap,70,37.0
2018,9,Austrian Grand Prix,Red Bull Ring,sirotkin,Sergey Sirotkin,Williams,17,13,0.0,+2 Laps,69,64.0
2018,9,Austrian Grand Prix,Red Bull Ring,stroll,Lance Stroll,Williams,14,14,0.0,+2 Laps,69,68.0
2018,9,Austrian Grand Prix,Red Bull Ring,vandoorne,Stoffel Vandoorne,McLaren,15,15,0.0,Collision damage,65,63.0
2018,9,Austrian Grand Prix,Red Bull Ring,hamilton,Lewis Hamilton,Mercedes,2,16,0.0,Fuel pressure,62,58.0
2018,9,Austrian Grand Prix,Red Bull Ring,brendon_hartley,Brendon Hartley,Toro Rosso,19,17,0.0,Hydraulics,54,42.0
2018,9,Austrian Grand Prix,Red Bull Ring,ricciardo,Daniel Ricciardo,Red Bull,7,18,0.0,Exhaust,53,46.0
2018,9,Austrian Grand Prix,Red Bull Ring,bottas,Valtteri Bottas,Mercedes,1,19,0.0,Hydraulics,13,12.0
2018,9,Austrian Grand Prix,Red Bull Ring,hulkenberg,Nico Hülkenberg,Renault,10,20,0.0,Engine,11,7.0
2018,10,British Grand Prix,Silverstone Circuit,vettel,Sebastian Vettel,Ferrari,2,1,25.0,Finished,52,47.0
2018,10,British Grand Prix,Silverstone Circuit,hamilton,Lewis Hamilton,Mercedes,1,2,18.0,Finished,52,52.0
2018,10,British Grand Prix,Silverstone Circuit,raikkonen,Kimi Räikkönen,Ferrari,3,3,15.0,Finished,52,51.0
2018,10,British Grand Prix,Silverstone Circuit,bottas,Valtteri Bottas,Mercedes,4,4,12.0,Finished,52,43.0
2018,10,British Grand Prix,Silverstone Circuit,ricciardo,Daniel Ricciardo,Red Bull,6,5,10.0,Finished,52,46.0
2018,10,British Grand Prix,Silverstone Circuit,hulkenberg,Nico Hülkenberg,Renault,11,6,8.0,Finished,52,48.0
2018,10,British Grand Prix,Silverstone Circuit,ocon,Esteban Ocon,Force India,10,7,6.0,Finished,52,48.0
2018,10,British Grand Prix,Silverstone Circuit,alonso,Fernando Alonso,McLaren,13,8,4.0,Finished,52,52.0
2018,10,British Grand Prix,Silverstone Circuit,kevin_magnussen,Kevin Magnussen,Haas F1 Team,7,9,2.0,Finished,52,48.0
2018,10,British Grand Prix,Silverstone Circuit,perez,Sergio Pérez,Force India,12,10,1.0,Finished,52,48.0
2018,10,British Grand Prix,Silverstone Circuit,vandoorne,Stoffel Vandoorne,McLaren,17,11,0.0,Finished,52,48.0
2018,10,British Grand Prix,Silverstone Circuit,stroll,Lance Stroll,Williams,19,12,0.0,Finished,52,48.0
2018,10,British Grand Prix,Silverstone Circuit,gasly,Pierre Gasly,Toro Rosso,14,13,0.0,Finished,52,48.0
2018,10,British Grand Prix,Silverstone Circuit,sirotkin,Sergey Sirotkin,Williams,18,14,0.0,Finished,52,52.0
2018,10,British Grand Prix,Silverstone Circuit,max_verstappen,Max Verstappen,Red Bull,5,15,0.0,Brakes,46,42.0
2018,10,British Grand Prix,Silverstone Circuit,grosjean,Romain Grosjean,Haas F1 Team,8,16,0.0,Collision,37,28.0
2018,10,British Grand Prix,Silverstone Circuit,sainz,Carlos Sainz,Renault,16,17,0.0,Collision,37,25.0
2018,10,British Grand Prix,Silverstone Circuit,ericsson,Marcus Ericsson,Sauber,15,18,0.0,Accident,31,26.0
2018,10,British Grand Prix,Silverstone Circuit,leclerc,Charles Leclerc,Sauber,9,19,0.0,Tyre,18,3.0
2018,10,British Grand Prix,Silverstone Circuit,brendon_hartley,Brendon Hartley,Toro Rosso,0,20,0.0,Power Unit,1,
2018,11,German Grand Prix,Hockenheimring,hamilton,Lewis Hamilton,Mercedes,14,1,25.0,Finished,67,66.0
2018,11,German Grand Prix,Hockenheimring,bottas,Valtteri Bottas,Mercedes,2,2,18.0,Finished,67,65.0
2018,11,German Grand Prix,Hockenheimring,raikkonen,Kimi Räikkönen,Ferrari,3,3,15.0,Finished,67,64.0
2018,11,German Grand Prix,Hockenheimring,max_verstappen,Max Verstappen,Red Bull,4,4,12.0,Finished,67,66.0
2018,11,German Grand Prix,Hockenheimring,hulkenberg,Nico Hülkenberg,Renault,7,5,10.0,Finished,67,66.0
2018,11,German Grand Prix,Hockenheimring,grosjean,Romain Grosjean,Haas F1 Team,6,6,8.0,Finished,67,66.0
2018,11,German Grand Prix,Hockenheimring,perez,Sergio Pérez,Force India,10,7,6.0,Finished,67,66.0
2018,11,German Grand Prix,Hockenheimring,ocon,Esteban Ocon,Force India,15,8,4.0,Finished,67,64.0
2018,11,German Grand Prix,Hockenheimring,ericsson,Marcus Ericsson,Sauber,13,9,2.0,Finished,67,65.0
2018,11,German Grand Prix,Hockenheimring,brendon_hartley,Brendon Hartley,Toro Rosso,17,10,1.0,Finished,67,66.0
2018,11,German Grand Prix,Hockenheimring,kevin_magnussen,Kevin Magnussen,Haas F1 Team,5,11,0.0,Finished,67,66.0
2018,11,German Grand Prix,Hockenheimring,sainz,Carlos Sainz,Renault,8,12,0.0,Finished,67,63.0
2018,11,German Grand Prix,Hockenheimring,vandoorne,Stoffel Vandoorne,McLaren,19,13,0.0,Finished,67,67.0
2018,11,German Grand Prix,Hockenheimring,gasly,Pierre Gasly,Toro Rosso,16,14,0.0,+1 Lap,66,66.0
2018,11,German Grand Prix,Hockenheimring,leclerc,Charles Leclerc,Sauber,9,15,0.0,+1 Lap,66,64.0
2018,11,German Grand Prix,Hockenheimring,alonso,Fernando Alonso,McLaren,11,16,0.0,Retired,65,60.0
2018,11,German Grand Prix,Hockenheimring,stroll,Lance Stroll,Williams,18,17,0.0,Engine,53,35.0
2018,11,German Grand Prix,Hockenheimring,vettel,Sebastian Vettel,Ferrari,1,18,0.0,Accident,51,39.0
2018,11,German Grand Prix,Hockenheimring,sirotkin,Sergey Sirotkin,Williams,12,19,0.0,Engine,51,36.0
2018,11,German Grand Prix,Hockenheimring,ricciardo,Daniel Ricciardo,Red Bull,20,20,0.0,Engine,27,22.0
2018,12,Hungarian Grand Prix,Hungaroring,hamilton,Lewis Hamilton,Mercedes,1,1,25.0,Finished,70,63.0
2018,12,Hungarian Grand Prix,Hungaroring,vettel,Sebastian Vettel,Ferrari,4,2,18.0,Finished,70,70.0
2018,12,Hungarian Grand Prix,Hungaroring,raikkonen,Kimi Räikkönen,Ferrari,3,3,15.0,Finished,70,55.0
2018,12,Hungarian Grand Prix,Hungaroring,ricciardo,Daniel Ricciardo,Red Bull,12,4,12.0,Finished,70,46.0
2018,12,Hungarian Grand Prix,Hungaroring,bottas,Valtteri Bottas,Mercedes,2,5,10.0,Finished,70,39.0
2018,12,Hungarian Grand Prix,Hungaroring,gasly,Pierre Gasly,Toro Rosso,6,6,8.0,Finished,70,64.0
2018,12,Hungarian Grand Prix,Hungaroring,kevin_magnussen,Kevin Magnussen,Haas F1 Team,9,7,6.0,+1 Lap,69,60.0
2018,12,Hungarian Grand Prix,Hungaroring,alonso,Fernando Alonso,McLaren,11,8,4.0,+1 Lap,69,68.0
2018,12,Hungarian Grand Prix,Hungaroring,sainz,Carlos Sainz,Renault,5,9,2.0,+1 Lap,69,58.0
2018,12,Hungarian Grand Prix,Hungaroring,grosjean,Romain Grosjean,Haas F1 Team,10,10,1.0,+1 Lap,69,58.0
2018,12,Hungarian Grand Prix,Hungaroring,brendon_hartley,Brendon Hartley,Toro Rosso,8,11,0.0,+1 Lap,69,62.0
2018,12,Hungarian Grand Prix,Hungaroring,hulkenberg,Nico Hülkenberg,Renault,13,12,0.0,+1 Lap,69,69.0
2018,12,Hungarian Grand Prix,Hungaroring,ocon,Esteban Ocon,Force India,18,13,0.0,+1 Lap,69,63.0
2018,12,Hungarian Grand Prix,Hungaroring,perez,Sergio Pérez,Force India,19,14,0.0,+1 Lap,69,56.0
2018,12,Hungarian Grand Prix,Hungaroring,ericsson,Marcus Ericsson,Sauber,14,15,0.0,+2 Laps,68,53.0
2018,12,Hungarian Grand Prix,Hungaroring,sirotkin,Sergey Sirotkin,Williams,20,16,0.0,+2 Laps,68,53.0
2018,12,Hungarian Grand Prix,Hungaroring,stroll,Lance Stroll,Williams,15,17,0.0,+2 Laps,68,51.0
2018,12,Hungarian Grand Prix,Hungaroring,vandoorne,Stoffel Vandoorne,McLaren,16,18,0.0,Gearbox,49,46.0
2018,12,Hungarian Grand Prix,Hungaroring,max_verstappen,Max Verstappen,Red Bull,7,19,0.0,Power loss,5,5.0
2018,12,Hungarian Grand Prix,Hungaroring,leclerc,Charles Leclerc,Sauber,17,20,0.0,Suspension,0,
2018,13,Belgian Grand Prix,Circuit de Spa-Francorchamps,vettel,Sebastian Vettel,Ferrari,2,1,25.0,Finished,44,25.0
2018,13,Belgian Grand Prix,Circuit de Spa-Francorchamps,hamilton,Lewis Hamilton,Mercedes,1,2,18.0,Finished,44,23.0
2018,13,Belgian Grand Prix,Circuit de Spa-Francorchamps,max_verstappen,Max Verstappen,Red Bull,7,3,15.0,Finished,44,36.0
2018,13,Belgian Grand Prix,Circuit de Spa-Francorchamps,bottas,Valtteri Bottas,Mercedes,19,4,12.0,Finished,44,32.0
2018,13,Belgian Grand Prix,Circuit de Spa-Francorchamps,perez,Sergio Pérez,Force India,4,5,10.0,Finished,44,38.0
2018,13,Belgian Grand Prix,Circuit de Spa-Francorchamps,ocon,Esteban Ocon,Force India,3,6,8.0,Finished,44,35.0
2018,13,Belgian Grand Prix,Circuit de Spa-Francorchamps,grosjean,Romain Grosjean,Haas F1 Team,5,7,6.0,Finished,44,35.0
2018,13,Belgian Grand Prix,Circuit de Spa-Francorchamps,kevin_magnussen,Kevin Magnussen,Haas F1 Team,9,8,4.0,Finished,44,36.0
2018,13,Belgian Grand Prix,Circuit de Spa-Francorchamps,gasly,Pierre Gasly,Toro Rosso,10,9,2.0,Finished,44,36.0
2018,13,Belgian Grand Prix,Circuit de Spa-Francorchamps,ericsson,Marcus Ericsson,Sauber,13,10,1.0,+1 Lap,43,35.0
2018,13,Belgian Grand Prix,Circuit de Spa-Francorchamps,sainz,Carlos Sainz,Renault,14,11,0.0,+1 Lap,43,32.0
2018,13,Belgian Grand Prix,Circuit de Spa-Francorchamps,sirotkin,Sergey Sirotkin,Williams,16,12,0.0,+1 Lap,43,42.0
2018,13,Belgian Grand Prix,Circuit de Spa-Francorchamps,stroll,Lance Stroll,Williams,17,13,0.0,+1 Lap,43,39.0
2018,13,Belgian Grand Prix,Circuit de Spa-Francorchamps,brendon_hartley,Brendon Hartley,Toro Rosso,11,14,0.0,+1 Lap,43,33.0
2018,13,Belgian Grand Prix,Circuit de Spa-Francorchamps,vandoorne,Stoffel Vandoorne,McLaren,18,15,0.0,+1 Lap,43,38.0
2018,13,Belgian Grand Prix,Circuit de Spa-Francorchamps,ricciardo,Daniel Ricciardo,Red Bull,8,16,0.0,Retired,28,27.0
2018,13,Belgian Grand Prix,Circuit de Spa-Francorchamps,raikkonen,Kimi Räikkönen,Ferrari,6,17,0.0,Brakes,8,6.0
2018,13,Belgian Grand Prix,Circuit de Spa-Francorchamps,leclerc,Charles Leclerc,Sauber,12,18,0.0,Accident,0,
2018,13,Belgian Grand Prix,Circuit de Spa-Francorchamps,alonso,Fernando Alonso,McLaren,15,19,0.0,Accident,0,
2018,13,Belgian Grand Prix,Circuit de Spa-Francorchamps,hulkenberg,Nico Hülkenberg,Renault,20,20,0.0,Accident,0,
2018,14,Italian Grand Prix,Autodromo Nazionale di Monza,hamilton,Lewis Hamilton,Mercedes,3,1,25.0,Finished,53,30.0
2018,14,Italian Grand Prix,Autodromo Nazionale di Monza,raikkonen,Kimi Räikkönen,Ferrari,1,2,18.0,Finished,53,28.0
2018,14,Italian Grand Prix,Autodromo Nazionale di Monza,bottas,Valtteri Bottas,Mercedes,4,3,15.0,Finished,53,39.0
2018,14,Italian Grand Prix,Autodromo Nazionale di Monza,vettel,Sebastian Vettel,Ferrari,2,4,12.0,Finished,53,51.0
2018,14,Italian Grand Prix,Autodromo Nazionale di Monza,max_verstappen,Max Verstappen,Red Bull,5,5,10.0,Finished,53,41.0
2018,14,Italian Grand Prix,Autodromo Nazionale di Monza,ocon,Esteban Ocon,Force India,8,6,8.0,Finished,53,48.0
2018,14,Italian Grand Prix,Autodromo Nazionale di Monza,perez,Sergio Pérez,Force India,14,7,6.0,Finished,53,44.0
2018,14,Italian Grand Prix,Autodromo Nazionale di Monza,sainz,Carlos Sainz,Renault,7,8,4.0,Finished,53,43.0
2018,14,Italian Grand Prix,Autodromo Nazionale di Monza,stroll,Lance Stroll,Williams,10,9,2.0,+1 Lap,52,52.0
2018,14,Italian Grand Prix,Autodromo Nazionale di Monza,sirotkin,Sergey Sirotkin,Williams,12,10,1.0,+1 Lap,52,39.0
2018,14,Italian Grand Prix,Autodromo Nazionale di Monza,leclerc,Charles Leclerc,Sauber,15,11,0.0,+1 Lap,52,52.0
2018,14,Italian Grand Prix,Autodromo Nazionale di Monza,vandoorne,Stoffel Vandoorne,McLaren,17,12,0.0,+1 Lap,52,52.0
2018,14,Italian Grand Prix,Autodromo Nazionale di Monza,hulkenberg,Nico Hülkenberg,Renault,20,13,0.0,+1 Lap,52,47.0
2018,14,Italian Grand Prix,Autodromo Nazionale di Monza,gasly,Pierre Gasly,Toro Rosso,9,14,0.0,+1 Lap,52,47.0
2018,14,Italian Grand Prix,Autodromo Nazionale di Monza,ericsson,Marcus Ericsson,Sauber,18,15,0.0,+1 Lap,52,46.0
2018,14,Italian Grand Prix,Autodromo Nazionale di Monza,kevin_magnussen,Kevin Magnussen,Haas F1 Team,11,16,0.0,+1 Lap,52,44.0
2018,14,Italian Grand Prix,Autodromo Nazionale di Monza,ricciardo,Daniel Ricciardo,Red Bull,19,17,0.0,Engine,23,46.0
2018,14,Italian Grand Prix,Autodromo Nazionale di Monza,alonso,Fernando Alonso,McLaren,13,18,0.0,Engine,9,18.0
2018,14,Italian Grand Prix,Autodromo Nazionale di Monza,brendon_hartley,Brendon Hartley,Toro Rosso,16,19,0.0,Brakes,0,6.0
2018,14,Italian Grand Prix,Autodromo Nazionale di Monza,grosjean,Romain Grosjean,Haas F1 Team,6,20,0.0,Disqualified,53,
2018,15,Singapore Grand Prix,Marina Bay Street Circuit,hamilton,Lewis Hamilton,Mercedes,1,1,25.0,Finished,61,56.0
2018,15,Singapore Grand Prix,Marina Bay Street Circuit,max_verstappen,Max Verstappen,Red Bull,2,2,18.0,Finished,61,54.0
2018,15,Singapore Grand Prix,Marina Bay Street Circuit,vettel,Sebastian Vettel,Ferrari,3,3,15.0,Finished,61,48.0
2018,15,Singapore Grand Prix,Marina Bay Street Circuit,bottas,Valtteri Bottas,Mercedes,4,4,12.0,Finished,61,42.0
2018,15,Singapore Grand Prix,Marina Bay Street Circuit,raikkonen,Kimi Räikkönen,Ferrari,5,5,10.0,Finished,61,46.0
2018,15,Singapore Grand Prix,Marina Bay Street Circuit,ricciardo,Daniel Ricciardo,Red Bull,6,6,8.0,Finished,61,59.0
2018,15,Singapore Grand Prix,Marina Bay Street Circuit,alonso,Fernando Alonso,McLaren,11,7,6.0,Finished,61,57.0
2018,15,Singapore Grand Prix,Marina Bay Street Circuit,sainz,Carlos Sainz,Renault,12,8,4.0,+1 Lap,60,50.0
2018,15,Singapore Grand Prix,Marina Bay Street Circuit,leclerc,Charles Leclerc,Sauber,13,9,2.0,+1 Lap,60,57.0
2018,15,Singapore Grand Prix,Marina Bay Street Circuit,hulkenberg,Nico Hülkenberg,Renault,10,10,1.0,+1 Lap,60,53.0
2018,15,Singapore Grand Prix,Marina Bay Street Circuit,ericsson,Marcus Ericsson,Sauber,14,11,0.0,+1 Lap,60,50.0
2018,15,Singapore Grand Prix,Marina Bay Street Circuit,vandoorne,Stoffel Vandoorne,McLaren,18,12,0.0,+1 Lap,60,50.0
2018,15,Singapore Grand Prix,Marina Bay Street Circuit,gasly,Pierre Gasly,Toro Rosso,15,13,0.0,+1 Lap,60,56.0
2018,15,Singapore Grand Prix,Marina Bay Street Circuit,stroll,Lance Stroll,Williams,20,14,0.0,+1 Lap,60,53.0
2018,15,Singapore Grand Prix,Marina Bay Street Circuit,grosjean,Romain Grosjean,Haas F1 Team,8,15,0.0,+1 Lap,60,57.0
2018,15,Singapore Grand Prix,Marina Bay Street Circuit,perez,Sergio Pérez,Force India,7,16,0.0,+1 Lap,60,48.0
2018,15,Singapore Grand Prix,Marina Bay Street Circuit,brendon_hartley,Brendon Hartley,Toro Rosso,17,17,0.0,+1 Lap,60,38.0
2018,15,Singapore Grand Prix,Marina Bay Street Circuit,kevin_magnussen,Kevin Magnussen,Haas F1 Team,16,18,0.0,+2 Laps,59,50.0
2018,15,Singapore Grand Prix,Marina Bay Street Circuit,sirotkin,Sergey Sirotkin,Williams,19,19,0.0,+2 Laps,59,48.0
2018,15,Singapore Grand Prix,Marina Bay Street Circuit,ocon,Esteban Ocon,Force India,9,20,0.0,Collision,0,
2018,16,Russian Grand Prix,Sochi Autodrom,hamilton,Lewis Hamilton,Mercedes,2,1,25.0,Finished,53,50.0
2018,16,Russian Grand Prix,Sochi Autodrom,bottas,Valtteri Bottas,Mercedes,1,2,18.0,Finished,53,50.0
2018,16,Russian Grand Prix,Sochi Autodrom,vettel,Sebastian Vettel,Ferrari,3,3,15.0,Finished,53,50.0
2018,16,Russian Grand Prix,Sochi Autodrom,raikkonen,Kimi Räikkönen,Ferrari,4,4,12.0,Finished,53,47.0
2018,16,Russian Grand Prix,Sochi Autodrom,max_verstappen,Max Verstappen,Red Bull,19,5,10.0,Finished,53,45.0
2018,16,Russian Grand Prix,Sochi Autodrom,ricciardo,Daniel Ricciardo,Red Bull,18,6,8.0,Finished,53,41.0
2018,16,Russian Grand Prix,Sochi Autodrom,leclerc,Charles Leclerc,Sauber,7,7,6.0,Finished,53,52.0
2018,16,Russian Grand Prix,Sochi Autodrom,kevin_magnussen,Kevin Magnussen,Haas F1 Team,5,8,4.0,+1 Lap,52,52.0
2018,16,Russian Grand Prix,Sochi Autodrom,ocon,Esteban Ocon,Force India,6,9,2.0,+1 Lap,52,52.0
2018,16,Russian Grand Prix,Sochi Autodrom,perez,Sergio Pérez,Force India,8,10,1.0,+1 Lap,52,47.0
2018,16,Russian Grand Prix,Sochi Autodrom,grosjean,Romain Grosjean,Haas F1 Team,9,11,0.0,+1 Lap,52,46.0
2018,16,Russian Grand Prix,Sochi Autodrom,hulkenberg,Nico Hülkenberg,Renault,12,12,0.0,+1 Lap,52,52.0
2018,16,Russian Grand Prix,Sochi Autodrom,ericsson,Marcus Ericsson,Sauber,10,13,0.0,+1 Lap,52,39.0
2018,16,Russian Grand Prix,Sochi Autodrom,alonso,Fernando Alonso,McLaren,16,14,0.0,+1 Lap,52,44.0
2018,16,Russian Grand Prix,Sochi Autodrom,stroll,Lance Stroll,Williams,14,15,0.0,+1 Lap,52,44.0
2018,16,Russian Grand Prix,Sochi Autodrom,vandoorne,Stoffel Vandoorne,McLaren,15,16,0.0,+2 Laps,51,41.0
2018,16,Russian Grand Prix,Sochi Autodrom,sainz,Carlos Sainz,Renault,11,17,0.0,+2 Laps,51,35.0
2018,16,Russian Grand Prix,Sochi Autodrom,sirotkin,Sergey Sirotkin,Williams,13,18,0.0,+2 Laps,51,43.0
2018,16,Russian Grand Prix,Sochi Autodrom,gasly,Pierre Gasly,Toro Rosso,17,19,0.0,Brakes,4,3.0
2018,16,Russian Grand Prix,Sochi Autodrom,brendon_hartley,Brendon Hartley,Toro Rosso,20,20,0.0,Brakes,4,2.0
2018,17,Japanese Grand Prix,Suzuka Circuit,hamilton,Lewis Hamilton,Mercedes,1,1,25.0,Finished,53,51.0
2018,17,Japanese Grand Prix,Suzuka Circuit,bottas,Valtteri Bottas,Mercedes,2,2,18.0,Finished,53,46.0
2018,17,Japanese Grand Prix,Suzuka Circuit,max_verstappen,Max Verstappen,Red Bull,3,3,15.0,Finished,53,50.0
2018,17,Japanese Grand Prix,Suzuka Circuit,ricciardo,Daniel Ricciardo,Red Bull,15,4,12.0,Finished,53,50.0
2018,17,Japanese Grand Prix,Suzuka Circuit,raikkonen,Kimi Räikkönen,Ferrari,4,5,10.0,Finished,53,28.0
2018,17,Japanese Grand Prix,Suzuka Circuit,vettel,Sebastian Vettel,Ferrari,8,6,8.0,Finished,53,53.0
2018,17,Japanese Grand Prix,Suzuka Circuit,perez,Sergio Pérez,Force India,9,7,6.0,Finished,53,43.0
2018,17,Japanese Grand Prix,Suzuka Circuit,grosjean,Romain Grosjean,Haas F1 Team,5,8,4.0,Finished,53,47.0
2018,17,Japanese Grand Prix,Suzuka Circuit,ocon,Esteban Ocon,Force India,11,9,2.0,Finished,53,50.0
2018,17,Japanese Grand Prix,Suzuka Circuit,sainz,Carlos Sainz,Renault,13,10,1.0,+1 Lap,52,50.0
2018,17,Japanese Grand Prix,Suzuka Circuit,gasly,Pierre Gasly,Toro Rosso,7,11,0.0,+1 Lap,52,35.0
2018,17,Japanese Grand Prix,Suzuka Circuit,ericsson,Marcus Ericsson,Sauber,20,12,0.0,+1 Lap,52,8.0
2018,17,Japanese Grand Prix,Suzuka Circuit,brendon_hartley,Brendon Hartley,Toro Rosso,6,13,0.0,+1 Lap,52,30.0
2018,17,Japanese Grand Prix,Suzuka Circuit,alonso,Fernando Alonso,McLaren,18,14,0.0,+1 Lap,52,28.0
2018,17,Japanese Grand Prix,Suzuka Circuit,vandoorne,Stoffel Vandoorne,McLaren,19,15,0.0,+1 Lap,52,25.0
2018,17,Japanese Grand Prix,Suzuka Circuit,sirotkin,Sergey Sirotkin,Williams,17,16,0.0,+1 Lap,52,41.0
2018,17,Japanese Grand Prix,Suzuka Circuit,stroll,Lance Stroll,Williams,14,17,0.0,+1 Lap,52,41.0
2018,17,Japanese Grand Prix,Suzuka Circuit,leclerc,Charles Leclerc,Sauber,10,18,0.0,Mechanical,38,37.0
2018,17,Japanese Grand Prix,Suzuka Circuit,hulkenberg,Nico Hülkenberg,Renault,16,19,0.0,Engine,37,32.0
2018,17,Japanese Grand Prix,Suzuka Circuit,kevin_magnussen,Kevin Magnussen,Haas F1 Team,12,20,0.0,Collision damage,8,6.0
2018,18,United States Grand Prix,Circuit of the Americas,raikkonen,Kimi Räikkönen,Ferrari,2,1,25.0,Finished,56,45.0
2018,18,United States Grand Prix,Circuit of the Americas,max_verstappen,Max Verstappen,Red Bull,18,2,18.0,Finished,56,45.0
2018,18,United States Grand Prix,Circuit of the Americas,hamilton,Lewis Hamilton,Mercedes,1,3,15.0,Finished,56,40.0
2018,18,United States Grand Prix,Circuit of the Americas,vettel,Sebastian Vettel,Ferrari,5,4,12.0,Finished,56,41.0
2018,18,United States Grand Prix,Circuit of the Americas,bottas,Valtteri Bottas,Mercedes,3,5,10.0,Finished,56,46.0
2018,18,United States Grand Prix,Circuit of the Americas,hulkenberg,Nico Hülkenberg,Renault,7,6,8.0,Finished,56,51.0
2018,18,United States Grand Prix,Circuit of the Americas,sainz,Carlos Sainz,Renault,11,7,6.0,Finished,56,45.0
2018,18,United States Grand Prix,Circuit of the Americas,perez,Sergio Pérez,Force India,10,8,4.0,Finished,56,45.0
2018,18,United States Grand Prix,Circuit of the Americas,brendon_hartley,Brendon Hartley,Toro Rosso,20,9,2.0,+1 Lap,55,32.0
2018,18,United States Grand Prix,Circuit of the Americas,ericsson,Marcus Ericsson,Sauber,16,10,1.0,+1 Lap,55,36.0
2018,18,United States Grand Prix,Circuit of the Americas,vandoorne,Stoffel Vandoorne,McLaren,17,11,0.0,+1 Lap,55,52.0
2018,18,United States Grand Prix,Circuit of the Americas,gasly,Pierre Gasly,Toro Rosso,19,12,0.0,+1 Lap,55,33.0
2018,18,United States Grand Prix,Circuit of the Americas,sirotkin,Sergey Sirotkin,Williams,14,13,0.0,+1 Lap,55,42.0
2018,18,United States Grand Prix,Circuit of the Americas,stroll,Lance Stroll,Williams,15,14,0.0,+2 Laps,54,38.0
2018,18,United States Grand Prix,Circuit of the Americas,leclerc,Charles Leclerc,Sauber,9,15,0.0,Collision damage,31,12.0
2018,18,United States Grand Prix,Circuit of the Americas,ricciardo,Daniel Ricciardo,Red Bull,4,16,0.0,Battery,8,49.0
2018,18,United States Grand Prix,Circuit of the Americas,grosjean,Romain Grosjean,Haas F1 Team,8,17,0.0,Collision damage,2,12.0
2018,18,United States Grand Prix,Circuit of the Americas,alonso,Fernando Alonso,McLaren,13,18,0.0,Collision,1,5.0
2018,18,United States Grand Prix,Circuit of the Americas,ocon,Esteban Ocon,Force India,6,19,0.0,Disqualified,56,
2018,18,United States Grand Prix,Circuit of the Americas,kevin_magnussen,Kevin Magnussen,Haas F1 Team,12,20,0.0,Disqualified,56,
2018,19,Mexican Grand Prix,Autódromo Hermanos Rodríguez,max_verstappen,Max Verstappen,Red Bull,2,1,25.0,Finished,71,66.0
2018,19,Mexican Grand Prix,Autódromo Hermanos Rodríguez,vettel,Sebastian Vettel,Ferrari,4,2,18.0,Finished,71,49.0
2018,19,Mexican Grand Prix,Autódromo Hermanos Rodríguez,raikkonen,Kimi Räikkönen,Ferrari,6,3,15.0,Finished,71,19.0
2018,19,Mexican Grand Prix,Autódromo Hermanos Rodríguez,hamilton,Lewis Hamilton,Mercedes,3,4,12.0,Finished,71,49.0
2018,19,Mexican Grand Prix,Autódromo Hermanos Rodríguez,bottas,Valtteri Bottas,Mercedes,5,5,10.0,+1 Lap,70,65.0
2018,19,Mexican Grand Prix,Autódromo Hermanos Rodríguez,hulkenberg,Nico Hülkenberg,Renault,7,6,8.0,+2 Laps,69,67.0
2018,19,Mexican Grand Prix,Autódromo Hermanos Rodríguez,leclerc,Charles Leclerc,Sauber,9,7,6.0,+2 Laps,69,67.0
2018,19,Mexican Grand Prix,Autódromo Hermanos Rodríguez,vandoorne,Stoffel Vandoorne,McLaren,15,8,4.0,+2 Laps,69,14.0
2018,19,Mexican Grand Prix,Autódromo Hermanos Rodríguez,ericsson,Marcus Ericsson,Sauber,10,9,2.0,+2 Laps,69,18.0
2018,19,Mexican Grand Prix,Autódromo Hermanos Rodríguez,gasly,Pierre Gasly,Toro Rosso,20,10,1.0,+2 Laps,69,69.0
2018,19,Mexican Grand Prix,Autódromo Hermanos Rodríguez,ocon,Esteban Ocon,Force India,11,11,0.0,+2 Laps,69,6.0
2018,19,Mexican Grand Prix,Autódromo Hermanos Rodríguez,stroll,Lance Stroll,Williams,17,12,0.0,+2 Laps,69,27.0
2018,19,Mexican Grand Prix,Autódromo Hermanos Rodríguez,sirotkin,Sergey Sirotkin,Williams,19,13,0.0,+2 Laps,69,66.0
2018,19,Mexican Grand Prix,Autódromo Hermanos Rodríguez,brendon_hartley,Brendon Hartley,Toro Rosso,14,14,0.0,+2 Laps,69,26.0
2018,19,Mexican Grand Prix,Autódromo Hermanos Rodríguez,kevin_magnussen,Kevin Magnussen,Haas F1 Team,16,15,0.0,+2 Laps,69,45.0
2018,19,Mexican Grand Prix,Autódromo Hermanos Rodríguez,grosjean,Romain Grosjean,Haas F1 Team,18,16,0.0,+3 Laps,68,46.0
2018,19,Mexican Grand Prix,Autódromo Hermanos Rodríguez,ricciardo,Daniel Ricciardo,Red Bull,1,17,0.0,Engine,61,57.0
2018,19,Mexican Grand Prix,Autódromo Hermanos Rodríguez,perez,Sergio Pérez,Force India,13,18,0.0,Brakes,38,6.0
2018,19,Mexican Grand Prix,Autódromo Hermanos Rodríguez,sainz,Carlos Sainz,Renault,8,19,0.0,Suspension,28,6.0
2018,19,Mexican Grand Prix,Autódromo Hermanos Rodríguez,alonso,Fernando Alonso,McLaren,12,20,0.0,Engine,3,3.0
2018,20,Brazilian Grand Prix,Autódromo José Carlos Pace,hamilton,Lewis Hamilton,Mercedes,1,1,25.0,Finished,71,70.0
2018,20,Brazilian Grand Prix,Autódromo José Carlos Pace,max_verstappen,Max Verstappen,Red Bull,5,2,18.0,Finished,71,61.0
2018,20,Brazilian Grand Prix,Autódromo José Carlos Pace,raikkonen,Kimi Räikkönen,Ferrari,4,3,15.0,Finished,71,64.0
2018,20,Brazilian Grand Prix,Autódromo José Carlos Pace,ricciardo,Daniel Ricciardo,Red Bull,11,4,12.0,Finished,71,62.0
2018,20,Brazilian Grand Prix,Autódromo José Carlos Pace,bottas,Valtteri Bottas,Mercedes,3,5,10.0,Finished,71,65.0
2018,20,Brazilian Grand Prix,Autódromo José Carlos Pace,vettel,Sebastian Vettel,Ferrari,2,6,8.0,Finished,71,71.0
2018,20,Brazilian Grand Prix,Autódromo José Carlos Pace,leclerc,Charles Leclerc,Sauber,7,7,6.0,Finished,71,70.0
2018,20,Brazilian Grand Prix,Autódromo José Carlos Pace,grosjean,Romain Grosjean,Haas F1 Team,8,8,4.0,Finished,71,71.0
2018,20,Brazilian Grand Prix,Autódromo José Carlos Pace,kevin_magnussen,Kevin Magnussen,Haas F1 Team,10,9,2.0,Finished,71,67.0
2018,20,Brazilian Grand Prix,Autódromo José Carlos Pace,perez,Sergio Pérez,Force India,12,10,1.0,+1 Lap,70,58.0
2018,20,Brazilian Grand Prix,Autódromo José Carlos Pace,brendon_hartley,Brendon Hartley,Toro Rosso,16,11,0.0,+1 Lap,70,53.0
2018,20,Brazilian Grand Prix,Autódromo José Carlos Pace,sainz,Carlos Sainz,Renault,15,12,0.0,+1 Lap,70,50.0
2018,20,Brazilian Grand Prix,Autódromo José Carlos Pace,gasly,Pierre Gasly,Toro Rosso,9,13,0.0,+1 Lap,70,55.0
2018,20,Brazilian Grand Prix,Autódromo José Carlos Pace,vandoorne,Stoffel Vandoorne,McLaren,20,14,0.0,+1 Lap,70,68.0
2018,20,Brazilian Grand Prix,Autódromo José Carlos Pace,ocon,Esteban Ocon,Force India,18,15,0.0,+1 Lap,70,70.0
2018,20,Brazilian Grand Prix,Autódromo José Carlos Pace,sirotkin,Sergey Sirotkin,Williams,14,16,0.0,+2 Laps,69,52.0
2018,20,Brazilian Grand Prix,Autódromo José Carlos Pace,alonso,Fernando Alonso,McLaren,17,17,0.0,+2 Laps,69,57.0
2018,20,Brazilian Grand Prix,Autódromo José Carlos Pace,stroll,Lance Stroll,Williams,19,18,0.0,+2 Laps,69,68.0
2018,20,Brazilian Grand Prix,Autódromo José Carlos Pace,hulkenberg,Nico Hülkenberg,Renault,13,19,0.0,Overheating,32,30.0
2018,20,Brazilian Grand Prix,Autódromo José Carlos Pace,ericsson,Marcus Ericsson,Sauber,6,20,0.0,Collision,20,3.0
2018,21,Abu Dhabi Grand Prix,Yas Marina Circuit,hamilton,Lewis Hamilton,Mercedes,1,1,25.0,Finished,55,53.0
2018,21,Abu Dhabi Grand Prix,Yas Marina Circuit,vettel,Sebastian Vettel,Ferrari,3,2,18.0,Finished,55,54.0
2018,21,Abu Dhabi Grand Prix,Yas Marina Circuit,max_verstappen,Max Verstappen,Red Bull,6,3,15.0,Finished,55,51.0
2018,21,Abu Dhabi Grand Prix,Yas Marina Circuit,ricciardo,Daniel Ricciardo,Red Bull,5,4,12.0,Finished,55,35.0
2018,21,Abu Dhabi Grand Prix,Yas Marina Circuit,bottas,Valtteri Bottas,Mercedes,2,5,10.0,Finished,55,42.0
2018,21,Abu Dhabi Grand Prix,Yas Marina Circuit,sainz,Carlos Sainz,Renault,11,6,8.0,Finished,55,54.0
2018,21,Abu Dhabi Grand Prix,Yas Marina Circuit,leclerc,Charles Leclerc,Sauber,8,7,6.0,Finished,55,54.0
2018,21,Abu Dhabi Grand Prix,Yas Marina Circuit,perez,Sergio Pérez,Force India,14,8,4.0,Finished,55,53.0
2018,21,Abu Dhabi Grand Prix,Yas Marina Circuit,grosjean,Romain Grosjean,Haas F1 Team,7,9,2.0,+1 Lap,54,54.0
2018,21,Abu Dhabi Grand Prix,Yas Marina Circuit,kevin_magnussen,Kevin Magnussen,Haas F1 Team,13,10,1.0,+1 Lap,54,53.0
2018,21,Abu Dhabi Grand Prix,Yas Marina Circuit,alonso,Fernando Alonso,McLaren,15,11,0.0,+1 Lap,54,53.0
2018,21,Abu Dhabi Grand Prix,Yas Marina Circuit,brendon_hartley,Brendon Hartley,Toro Rosso,16,12,0.0,+1 Lap,54,53.0
2018,21,Abu Dhabi Grand Prix,Yas Marina Circuit,stroll,Lance Stroll,Williams,20,13,0.0,+1 Lap,54,53.0
2018,21,Abu Dhabi Grand Prix,Yas Marina Circuit,vandoorne,Stoffel Vandoorne,McLaren,18,14,0.0,+1 Lap,54,53.0
2018,21,Abu Dhabi Grand Prix,Yas Marina Circuit,sirotkin,Sergey Sirotkin,Williams,19,15,0.0,+1 Lap,54,54.0
2018,21,Abu Dhabi Grand Prix,Yas Marina Circuit,gasly,Pierre Gasly,Toro Rosso,17,16,0.0,Engine,46,42.0
2018,21,Abu Dhabi Grand Prix,Yas Marina Circuit,ocon,Esteban Ocon,Force India,9,17,0.0,Engine,44,41.0
2018,21,Abu Dhabi Grand Prix,Yas Marina Circuit,ericsson,Marcus Ericsson,Sauber,12,18,0.0,Power loss,24,22.0
2018,21,Abu Dhabi Grand Prix,Yas Marina Circuit,raikkonen,Kimi Räikkönen,Ferrari,4,19,0.0,Power loss,6,5.0
2018,21,Abu Dhabi Grand Prix,Yas Marina Circuit,hulkenberg,Nico Hülkenberg,Renault,10,20,0.0,Collision,0,
2019,1,Australian Grand Prix,Albert Park Grand Prix Circuit,bottas,Valtteri Bottas,Mercedes,2,1,26.0,Finished,58,57.0
2019,1,Australian Grand Prix,Albert Park Grand Prix Circuit,hamilton,Lewis Hamilton,Mercedes,1,2,18.0,Finished,58,57.0
2019,1,Australian Grand Prix,Albert Park Grand Prix Circuit,max_verstappen,Max Verstappen,Red Bull,4,3,15.0,Finished,58,57.0
2019,1,Australian Grand Prix,Albert Park Grand Prix Circuit,vettel,Sebastian Vettel,Ferrari,3,4,12.0,Finished,58,16.0
2019,1,Australian Grand Prix,Albert Park Grand Prix Circuit,leclerc,Charles Leclerc,Ferrari,5,5,10.0,Finished,58,58.0
2019,1,Australian Grand Prix,Albert Park Grand Prix Circuit,kevin_magnussen,Kevin Magnussen,Haas F1 Team,7,6,8.0,Finished,58,56.0
2019,1,Australian Grand Prix,Albert Park Grand Prix Circuit,hulkenberg,Nico Hülkenberg,Renault,11,7,6.0,+1 Lap,57,52.0
2019,1,Australian Grand Prix,Albert Park Grand Prix Circuit,raikkonen,Kimi Räikkönen,Alfa Romeo,9,8,4.0,+1 Lap,57,52.0
2019,1,Australian Grand Prix,Albert Park Grand Prix Circuit,stroll,Lance Stroll,Racing Point,16,9,2.0,+1 Lap,57,29.0
2019,1,Australian Grand Prix,Albert Park Grand Prix Circuit,kvyat,Daniil Kvyat,Toro Rosso,15,10,1.0,+1 Lap,57,39.0
2019,1,Australian Grand Prix,Albert Park Grand Prix Circuit,gasly,Pierre Gasly,Red Bull,17,11,0.0,+1 Lap,57,39.0
2019,1,Australian Grand Prix,Albert Park Grand Prix Circuit,norris,Lando Norris,McLaren,8,12,0.0,+1 Lap,57,17.0
2019,1,Australian Grand Prix,Albert Park Grand Prix Circuit,perez,Sergio Pérez,Racing Point,10,13,0.0,+1 Lap,57,41.0
2019,1,Australian Grand Prix,Albert Park Grand Prix Circuit,albon,Alexander Albon,Toro Rosso,13,14,0.0,+1 Lap,57,43.0
2019,1,Australian Grand Prix,Albert Park Grand Prix Circuit,giovinazzi,Antonio Giovinazzi,Alfa Romeo,14,15,0.0,+1 Lap,57,29.0
2019,1,Australian Grand Prix,Albert Park Grand Prix Circuit,russell,George Russell,Williams,19,16,0.0,+2 Laps,56,55.0
2019,1,Australian Grand Prix,Albert Park Grand Prix Circuit,kubica,Robert Kubica,Williams,20,17,0.0,+3 Laps,55,30.0
2019,1,Australian Grand Prix,Albert Park Grand Prix Circuit,grosjean,Romain Grosjean,Haas F1 Team,6,18,0.0,Wheel,29,17.0
2019,1,Australian Grand Prix,Albert Park Grand Prix Circuit,ricciardo,Daniel Ricciardo,Renault,12,19,0.0,Damage,28,18.0
2019,1,Australian Grand Prix,Albert Park Grand Prix Circuit,sainz,Carlos Sainz,McLaren,18,20,0.0,Engine,9,9.0
2019,2,Bahrain Grand Prix,Bahrain International Circuit,hamilton,Lewis Hamilton,Mercedes,3,1,25.0,Finished,57,36.0
2019,2,Bahrain Grand Prix,Bahrain International Circuit,bottas,Valtteri Bottas,Mercedes,4,2,18.0,Finished,57,42.0
2019,2,Bahrain Grand Prix,Bahrain International Circuit,leclerc,Charles Leclerc,Ferrari,1,3,16.0,Finished,57,38.0
2019,2,Bahrain Grand Prix,Bahrain International Circuit,max_verstappen,Max Verstappen,Red Bull,5,4,12.0,Finished,57,47.0
2019,2,Bahrain Grand Prix,Bahrain International Circuit,vettel,Sebastian Vettel,Ferrari,2,5,10.0,Finished,57,43.0
2019,2,Bahrain Grand Prix,Bahrain International Circuit,norris,Lando Norris,McLaren,9,6,8.0,Finished,57,14.0
2019,2,Bahrain Grand Prix,Bahrain International Circuit,raikkonen,Kimi Räikkönen,Alfa Romeo,8,7,6.0,Finished,57,45.0
2019,2,Bahrain Grand Prix,Bahrain International Circuit,gasly,Pierre Gasly,Red Bull,13,8,4.0,Finished,57,42.0
2019,2,Bahrain Grand Prix,Bahrain International Circuit,albon,Alexander Albon,Toro Rosso,12,9,2.0,Finished,57,39.0
2019,2,Bahrain Grand Prix,Bahrain International Circuit,perez,Sergio Pérez,Racing Point,14,10,1.0,Finished,57,51.0
2019,2,Bahrain Grand Prix,Bahrain International Circuit,giovinazzi,Antonio Giovinazzi,Alfa Romeo,16,11,0.0,Finished,57,42.0
2019,2,Bahrain Grand Prix,Bahrain International Circuit,kvyat,Daniil Kvyat,Toro Rosso,15,12,0.0,+1 Lap,56,40.0
2019,2,Bahrain Grand Prix,Bahrain International Circuit,kevin_magnussen,Kevin Magnussen,Haas F1 Team,6,13,0.0,+1 Lap,56,41.0
2019,2,Bahrain Grand Prix,Bahrain International Circuit,stroll,Lance Stroll,Racing Point,18,14,0.0,+1 Lap,56,31.0
2019,2,Bahrain Grand Prix,Bahrain International Circuit,russell,George Russell,Williams,19,15,0.0,+1 Lap,56,14.0
2019,2,Bahrain Grand Prix,Bahrain International Circuit,kubica,Robert Kubica,Williams,20,16,0.0,+2 Laps,55,13.0
2019,2,Bahrain Grand Prix,Bahrain International Circuit,hulkenberg,Nico Hülkenberg,Renault,17,17,0.0,Engine,53,14.0
2019,2,Bahrain Grand Prix,Bahrain International Circuit,ricciardo,Daniel Ricciardo,Renault,10,18,0.0,Out of fuel,53,42.0
2019,2,Bahrain Grand Prix,Bahrain International Circuit,sainz,Carlos Sainz,McLaren,7,19,0.0,Collision damage,53,42.0
2019,2,Bahrain Grand Prix,Bahrain International Circuit,grosjean,Romain Grosjean,Haas F1 Team,11,20,0.0,Retired,16,3.0
2019,3,Chinese Grand Prix,Shanghai International Circuit,hamilton,Lewis Hamilton,Mercedes,2,1,25.0,Finished,56,47.0
2019,3,Chinese Grand Prix,Shanghai International Circuit,bottas,Valtteri Bottas,Mercedes,1,2,18.0,Finished,56,38.0
2019,3,Chinese Grand Prix,Shanghai International Circuit,vettel,Sebastian Vettel,Ferrari,3,3,15.0,Finished,56,37.0
2019,3,Chinese Grand Prix,Shanghai International Circuit,max_verstappen,Max Verstappen,Red Bull,5,4,12.0,Finished,56,45.0
2019,3,Chinese Grand Prix,Shanghai International Circuit,leclerc,Charles Leclerc,Ferrari,4,5,10.0,Finished,56,45.0
2019,3,Chinese Grand Prix,Shanghai International Circuit,gasly,Pierre Gasly,Red Bull,6,6,9.0,Finished,56,55.0
2019,3,Chinese Grand Prix,Shanghai International Circuit,ricciardo,Daniel Ricciardo,Renault,7,7,6.0,+1 Lap,55,38.0
2019,3,Chinese Grand Prix,Shanghai International Circuit,perez,Sergio Pérez,Racing Point,12,8,4.0,+1 Lap,55,37.0
2019,3,Chinese Grand Prix,Shanghai International Circuit,raikkonen,Kimi Räikkönen,Alfa Romeo,13,9,2.0,+1 Lap,55,27.0
2019,3,Chinese Grand Prix,Shanghai International Circuit,albon,Alexander Albon,Toro Rosso,0,10,1.0,+1 Lap,55,22.0
2019,3,Chinese Grand Prix,Shanghai International Circuit,grosjean,Romain Grosjean,Haas F1 Team,10,11,0.0,+1 Lap,55,37.0
2019,3,Chinese Grand Prix,Shanghai International Circuit,stroll,Lance Stroll,Racing Point,16,12,0.0,+1 Lap,55,46.0
2019,3,Chinese Grand Prix,Shanghai International Circuit,kevin_magnussen,Kevin Magnussen,Haas F1 Team,9,13,0.0,+1 Lap,55,35.0
2019,3,Chinese Grand Prix,Shanghai International Circuit,sainz,Carlos Sainz,McLaren,14,14,0.0,+1 Lap,55,44.0
2019,3,Chinese Grand Prix,Shanghai International Circuit,giovinazzi,Antonio Giovinazzi,Alfa Romeo,19,15,0.0,+1 Lap,55,32.0
2019,3,Chinese Grand Prix,Shanghai International Circuit,russell,George Russell,Williams,17,16,0.0,+2 Laps,54,51.0
2019,3,Chinese Grand Prix,Shanghai International Circuit,kubica,Robert Kubica,Williams,18,17,0.0,+2 Laps,54,28.0
2019,3,Chinese Grand Prix,Shanghai International Circuit,norris,Lando Norris,McLaren,15,18,0.0,Collision,50,37.0
2019,3,Chinese Grand Prix,Shanghai International Circuit,kvyat,Daniil Kvyat,Toro Rosso,11,19,0.0,Collision,41,27.0
2019,3,Chinese Grand Prix,Shanghai International Circuit,hulkenberg,Nico Hülkenberg,Renault,8,20,0.0,Power Unit,16,14.0
2019,4,Azerbaijan Grand Prix,Baku City Circuit,bottas,Valtteri Bottas,Mercedes,1,1,25.0,Finished,51,50.0
2019,4,Azerbaijan Grand Prix,Baku City Circuit,hamilton,Lewis Hamilton,Mercedes,2,2,18.0,Finished,51,48.0
2019,4,Azerbaijan Grand Prix,Baku City Circuit,vettel,Sebastian Vettel,Ferrari,3,3,15.0,Finished,51,46.0
2019,4,Azerbaijan Grand Prix,Baku City Circuit,max_verstappen,Max Verstappen,Red Bull,4,4,12.0,Finished,51,39.0
2019,4,Azerbaijan Grand Prix,Baku City Circuit,leclerc,Charles Leclerc,Ferrari,8,5,11.0,Finished,51,50.0
2019,4,Azerbaijan Grand Prix,Baku City Circuit,perez,Sergio Pérez,Racing Point,5,6,8.0,Finished,51,49.0
2019,4,Azerbaijan Grand Prix,Baku City Circuit,sainz,Carlos Sainz,McLaren,9,7,6.0,Finished,51,43.0
2019,4,Azerbaijan Grand Prix,Baku City Circuit,norris,Lando Norris,McLaren,7,8,4.0,Finished,51,43.0
2019,4,Azerbaijan Grand Prix,Baku City Circuit,stroll,Lance Stroll,Racing Point,13,9,2.0,Finished,51,38.0
2019,4,Azerbaijan Grand Prix,Baku City Circuit,raikkonen,Kimi Räikkönen,Alfa Romeo,0,10,1.0,+1 Lap,50,48.0
2019,4,Azerbaijan Grand Prix,Baku City Circuit,albon,Alexander Albon,Toro Rosso,11,11,0.0,+1 Lap,50,49.0
2019,4,Azerbaijan Grand Prix,Baku City Circuit,giovinazzi,Antonio Giovinazzi,Alfa Romeo,17,12,0.0,+1 Lap,50,45.0
2019,4,Azerbaijan Grand Prix,Baku City Circuit,kevin_magnussen,Kevin Magnussen,Haas F1 Team,12,13,0.0,+1 Lap,50,42.0
2019,4,Azerbaijan Grand Prix,Baku City Circuit,hulkenberg,Nico Hülkenberg,Renault,15,14,0.0,+1 Lap,50,43.0
2019,4,Azerbaijan Grand Prix,Baku City Circuit,russell,George Russell,Williams,16,15,0.0,+2 Laps,49,42.0
2019,4,Azerbaijan Grand Prix,Baku City Circuit,kubica,Robert Kubica,Williams,0,16,0.0,+2 Laps,49,45.0
2019,4,Azerbaijan Grand Prix,Baku City Circuit,gasly,Pierre Gasly,Red Bull,0,17,0.0,Transmission,38,34.0
2019,4,Azerbaijan Grand Prix,Baku City Circuit,grosjean,Romain Grosjean,Haas F1 Team,14,18,0.0,Brakes,38,33.0
2019,4,Azerbaijan Grand Prix,Baku City Circuit,kvyat,Daniil Kvyat,Toro Rosso,6,19,0.0,Collision,33,28.0
2019,4,Azerbaijan Grand Prix,Baku City Circuit,ricciardo,Daniel Ricciardo,Renault,10,20,0.0,Collision,31,29.0
2019,5,Spanish Grand Prix,Circuit de Barcelona-Catalunya,hamilton,Lewis Hamilton,Mercedes,2,1,26.0,Finished,66,54.0
2019,5,Spanish Grand Prix,Circuit de Barcelona-Catalunya,bottas,Valtteri Bottas,Mercedes,1,2,18.0,Finished,66,55.0
2019,5,Spanish Grand Prix,Circuit de Barcelona-Catalunya,max_verstappen,Max Verstappen,Red Bull,4,3,15.0,Finished,66,57.0
2019,5,Spanish Grand Prix,Circuit de Barcelona-Catalunya,vettel,Sebastian Vettel,Ferrari,3,4,12.0,Finished,66,64.0
2019,5,Spanish Grand Prix,Circuit de Barcelona-Catalunya,leclerc,Charles Leclerc,Ferrari,5,5,10.0,Finished,66,57.0
2019,5,Spanish Grand Prix,Circuit de Barcelona-Catalunya,gasly,Pierre Gasly,Red Bull,6,6,8.0,Finished,66,57.0
2019,5,Spanish Grand Prix,Circuit de Barcelona-Catalunya,kevin_magnussen,Kevin Magnussen,Haas F1 Team,8,7,6.0,Finished,66,66.0
2019,5,Spanish Grand Prix,Circuit de Barcelona-Catalunya,sainz,Carlos Sainz,McLaren,12,8,4.0,Finished,66,59.0
2019,5,Spanish Grand Prix,Circuit de Barcelona-Catalunya,kvyat,Daniil Kvyat,Toro Rosso,9,9,2.0,Finished,66,64.0
2019,5,Spanish Grand Prix,Circuit de Barcelona-Catalunya,grosjean,Romain Grosjean,Haas F1 Team,7,10,1.0,Finished,66,64.0
2019,5,Spanish Grand Prix,Circuit de Barcelona-Catalunya,albon,Alexander Albon,Toro Rosso,11,11,0.0,Finished,66,65.0
2019,5,Spanish Grand Prix,Circuit de Barcelona-Catalunya,ricciardo,Daniel Ricciardo,Renault,13,12,0.0,Finished,66,56.0
2019,5,Spanish Grand Prix,Circuit de Barcelona-Catalunya,hulkenberg,Nico Hülkenberg,Renault,0,13,0.0,Finished,66,65.0
2019,5,Spanish Grand Prix,Circuit de Barcelona-Catalunya,raikkonen,Kimi Räikkönen,Alfa Romeo,14,14,0.0,Finished,66,66.0
2019,5,Spanish Grand Prix,Circuit de Barcelona-Catalunya,perez,Sergio Pérez,Racing Point,15,15,0.0,Finished,66,65.0
2019,5,Spanish Grand Prix,Circuit de Barcelona-Catalunya,giovinazzi,Antonio Giovinazzi,Alfa Romeo,18,16,0.0,Finished,66,64.0
2019,5,Spanish Grand Prix,Circuit de Barcelona-Catalunya,russell,George Russell,Williams,19,17,0.0,+1 Lap,65,64.0
2019,5,Spanish Grand Prix,Circuit de Barcelona-Catalunya,kubica,Robert Kubica,Williams,17,18,0.0,+1 Lap,65,65.0
2019,5,Spanish Grand Prix,Circuit de Barcelona-Catalunya,stroll,Lance Stroll,Racing Point,16,19,0.0,Collision,44,28.0
2019,5,Spanish Grand Prix,Circuit de Barcelona-Catalunya,norris,Lando Norris,McLaren,10,20,0.0,Collision,44,28.0
2019,6,Monaco Grand Prix,Circuit de Monaco,hamilton,Lewis Hamilton,Mercedes,1,1,25.0,Finished,78,9.0
2019,6,Monaco Grand Prix,Circuit de Monaco,vettel,Sebastian Vettel,Ferrari,4,2,18.0,Finished,78,9.0
2019,6,Monaco Grand Prix,Circuit de Monaco,bottas,Valtteri Bottas,Mercedes,2,3,15.0,Finished,78,65.0
2019,6,Monaco Grand Prix,Circuit de Monaco,max_verstappen,Max Verstappen,Red Bull,3,4,12.0,Finished,78,9.0
2019,6,Monaco Grand Prix,Circuit de Monaco,gasly,Pierre Gasly,Red Bull,8,5,11.0,Finished,78,72.0
2019,6,Monaco Grand Prix,Circuit de Monaco,sainz,Carlos Sainz,McLaren,9,6,8.0,Finished,78,32.0
2019,6,Monaco Grand Prix,Circuit de Monaco,kvyat,Daniil Kvyat,Toro Rosso,7,7,6.0,Finished,78,31.0
2019,6,Monaco Grand Prix,Circuit de Monaco,albon,Alexander Albon,Toro Rosso,10,8,4.0,Finished,78,43.0
2019,6,Monaco Grand Prix,Circuit de Monaco,ricciardo,Daniel Ricciardo,Renault,6,9,2.0,Finished,78,78.0
2019,6,Monaco Grand Prix,Circuit de Monaco,grosjean,Romain Grosjean,Haas F1 Team,13,10,1.0,Finished,78,41.0
2019,6,Monaco Grand Prix,Circuit de Monaco,norris,Lando Norris,McLaren,12,11,0.0,Finished,78,61.0
2019,6,Monaco Grand Prix,Circuit de Monaco,perez,Sergio Pérez,Racing Point,16,12,0.0,+1 Lap,77,67.0
2019,6,Monaco Grand Prix,Circuit de Monaco,hulkenberg,Nico Hülkenberg,Renault,11,13,0.0,+1 Lap,77,65.0
2019,6,Monaco Grand Prix,Circuit de Monaco,kevin_magnussen,Kevin Magnussen,Haas F1 Team,5,14,0.0,+1 Lap,77,61.0
2019,6,Monaco Grand Prix,Circuit de Monaco,russell,George Russell,Williams,19,15,0.0,+1 Lap,77,76.0
2019,6,Monaco Grand Prix,Circuit de Monaco,stroll,Lance Stroll,Racing Point,17,16,0.0,+1 Lap,77,45.0
2019,6,Monaco Grand Prix,Circuit de Monaco,raikkonen,Kimi Räikkönen,Alfa Romeo,14,17,0.0,+1 Lap,77,50.0
2019,6,Monaco Grand Prix,Circuit de Monaco,kubica,Robert Kubica,Williams,20,18,0.0,+1 Lap,77,32.0
2019,6,Monaco Grand Prix,Circuit de Monaco,giovinazzi,Antonio Giovinazzi,Alfa Romeo,18,19,0.0,+2 Laps,76,46.0
2019,6,Monaco Grand Prix,Circuit de Monaco,leclerc,Charles Leclerc,Ferrari,15,20,0.0,Collision,16,6.0
2019,7,Canadian Grand Prix,Circuit Gilles Villeneuve,hamilton,Lewis Hamilton,Mercedes,2,1,25.0,Finished,70,62.0
2019,7,Canadian Grand Prix,Circuit Gilles Villeneuve,vettel,Sebastian Vettel,Ferrari,1,2,18.0,Finished,70,57.0
2019,7,Canadian Grand Prix,Circuit Gilles Villeneuve,leclerc,Charles Leclerc,Ferrari,3,3,15.0,Finished,70,63.0
2019,7,Canadian Grand Prix,Circuit Gilles Villeneuve,bottas,Valtteri Bottas,Mercedes,6,4,13.0,Finished,70,69.0
2019,7,Canadian Grand Prix,Circuit Gilles Villeneuve,max_verstappen,Max Verstappen,Red Bull,9,5,10.0,Finished,70,67.0
2019,7,Canadian Grand Prix,Circuit Gilles Villeneuve,ricciardo,Daniel Ricciardo,Renault,4,6,8.0,+1 Lap,69,55.0
2019,7,Canadian Grand Prix,Circuit Gilles Villeneuve,hulkenberg,Nico Hülkenberg,Renault,7,7,6.0,+1 Lap,69,57.0
2019,7,Canadian Grand Prix,Circuit Gilles Villeneuve,gasly,Pierre Gasly,Red Bull,5,8,4.0,+1 Lap,69,51.0
2019,7,Canadian Grand Prix,Circuit Gilles Villeneuve,stroll,Lance Stroll,Racing Point,17,9,2.0,+1 Lap,69,47.0
2019,7,Canadian Grand Prix,Circuit Gilles Villeneuve,kvyat,Daniil Kvyat,Toro Rosso,10,10,1.0,+1 Lap,69,44.0
2019,7,Canadian Grand Prix,Circuit Gilles Villeneuve,sainz,Carlos Sainz,McLaren,11,11,0.0,+1 Lap,69,37.0
2019,7,Canadian Grand Prix,Circuit Gilles Villeneuve,perez,Sergio Pérez,Racing Point,15,12,0.0,+1 Lap,69,61.0
2019,7,Canadian Grand Prix,Circuit Gilles Villeneuve,giovinazzi,Antonio Giovinazzi,Alfa Romeo,12,13,0.0,+1 Lap,69,69.0
2019,7,Canadian Grand Prix,Circuit Gilles Villeneuve,grosjean,Romain Grosjean,Haas F1 Team,14,14,0.0,+1 Lap,69,60.0
2019,7,Canadian Grand Prix,Circuit Gilles Villeneuve,raikkonen,Kimi Räikkönen,Alfa Romeo,16,15,0.0,+1 Lap,69,60.0
2019,7,Canadian Grand Prix,Circuit Gilles Villeneuve,russell,George Russell,Williams,18,16,0.0,+2 Laps,68,58.0
2019,7,Canadian Grand Prix,Circuit Gilles Villeneuve,kevin_magnussen,Kevin Magnussen,Haas F1 Team,0,17,0.0,+2 Laps,68,41.0
2019,7,Canadian Grand Prix,Circuit Gilles Villeneuve,kubica,Robert Kubica,Williams,19,18,0.0,+3 Laps,67,64.0
2019,7,Canadian Grand Prix,Circuit Gilles Villeneuve,albon,Alexander Albon,Toro Rosso,13,19,0.0,Collision damage,59,47.0
2019,7,Canadian Grand Prix,Circuit Gilles Villeneuve,norris,Lando Norris,McLaren,8,20,0.0,Suspension,8,4.0
2019,8,French Grand Prix,Circuit Paul Ricard,hamilton,Lewis Hamilton,Mercedes,1,1,25.0,Finished,53,53.0
2019,8,French Grand Prix,Circuit Paul Ricard,bottas,Valtteri Bottas,Mercedes,2,2,18.0,Finished,53,43.0
2019,8,French Grand Prix,Circuit Paul Ricard,leclerc,Charles Leclerc,Ferrari,3,3,15.0,Finished,53,40.0
2019,8,French Grand Prix,Circuit Paul Ricard,max_verstappen,Max Verstappen,Red Bull,4,4,12.0,Finished,53,38.0
2019,8,French Grand Prix,Circuit Paul Ricard,vettel,Sebastian Vettel,Ferrari,7,5,11.0,Finished,53,53.0
2019,8,French Grand Prix,Circuit Paul Ricard,sainz,Carlos Sainz,McLaren,6,6,8.0,Finished,53,52.0
2019,8,French Grand Prix,Circuit Paul Ricard,raikkonen,Kimi Räikkönen,Alfa Romeo,12,7,6.0,+1 Lap,52,47.0
2019,8,French Grand Prix,Circuit Paul Ricard,hulkenberg,Nico Hülkenberg,Renault,13,8,4.0,+1 Lap,52,46.0
2019,8,French Grand Prix,Circuit Paul Ricard,norris,Lando Norris,McLaren,5,9,2.0,+1 Lap,52,45.0
2019,8,French Grand Prix,Circuit Paul Ricard,gasly,Pierre Gasly,Red Bull,9,10,1.0,+1 Lap,52,47.0
2019,8,French Grand Prix,Circuit Paul Ricard,ricciardo,Daniel Ricciardo,Renault,8,11,0.0,+1 Lap,52,42.0
2019,8,French Grand Prix,Circuit Paul Ricard,perez,Sergio Pérez,Racing Point,14,12,0.0,+1 Lap,52,42.0
2019,8,French Grand Prix,Circuit Paul Ricard,stroll,Lance Stroll,Racing Point,17,13,0.0,+1 Lap,52,44.0
2019,8,French Grand Prix,Circuit Paul Ricard,kvyat,Daniil Kvyat,Toro Rosso,19,14,0.0,+1 Lap,52,43.0
2019,8,French Grand Prix,Circuit Paul Ricard,albon,Alexander Albon,Toro Rosso,11,15,0.0,+1 Lap,52,51.0
2019,8,French Grand Prix,Circuit Paul Ricard,giovinazzi,Antonio Giovinazzi,Alfa Romeo,10,16,0.0,+1 Lap,52,50.0
2019,8,French Grand Prix,Circuit Paul Ricard,kevin_magnussen,Kevin Magnussen,Haas F1 Team,15,17,0.0,+1 Lap,52,50.0
2019,8,French Grand Prix,Circuit Paul Ricard,kubica,Robert Kubica,Williams,18,18,0.0,+2 Laps,51,50.0
2019,8,French Grand Prix,Circuit Paul Ricard,russell,George Russell,Williams,20,19,0.0,+2 Laps,51,51.0
2019,8,French Grand Prix,Circuit Paul Ricard,grosjean,Romain Grosjean,Haas F1 Team,16,20,0.0,Retired,44,42.0
2019,9,Austrian Grand Prix,Red Bull Ring,max_verstappen,Max Verstappen,Red Bull,2,1,26.0,Finished,71,60.0
2019,9,Austrian Grand Prix,Red Bull Ring,leclerc,Charles Leclerc,Ferrari,1,2,18.0,Finished,71,58.0
2019,9,Austrian Grand Prix,Red Bull Ring,bottas,Valtteri Bottas,Mercedes,3,3,15.0,Finished,71,53.0
2019,9,Austrian Grand Prix,Red Bull Ring,vettel,Sebastian Vettel,Ferrari,9,4,12.0,Finished,71,62.0
2019,9,Austrian Grand Prix,Red Bull Ring,hamilton,Lewis Hamilton,Mercedes,4,5,10.0,Finished,71,69.0
2019,9,Austrian Grand Prix,Red Bull Ring,norris,Lando Norris,McLaren,5,6,8.0,+1 Lap,70,69.0
2019,9,Austrian Grand Prix,Red Bull Ring,gasly,Pierre Gasly,Red Bull,8,7,6.0,+1 Lap,70,63.0
2019,9,Austrian Grand Prix,Red Bull Ring,sainz,Carlos Sainz,McLaren,19,8,4.0,+1 Lap,70,53.0
2019,9,Austrian Grand Prix,Red Bull Ring,raikkonen,Kimi Räikkönen,Alfa Romeo,6,9,2.0,+1 Lap,70,57.0
2019,9,Austrian Grand Prix,Red Bull Ring,giovinazzi,Antonio Giovinazzi,Alfa Romeo,7,10,1.0,+1 Lap,70,57.0
2019,9,Austrian Grand Prix,Red Bull Ring,perez,Sergio Pérez,Racing Point,13,11,0.0,+1 Lap,70,67.0
2019,9,Austrian Grand Prix,Red Bull Ring,ricciardo,Daniel Ricciardo,Renault,12,12,0.0,+1 Lap,70,65.0
2019,9,Austrian Grand Prix,Red Bull Ring,hulkenberg,Nico Hülkenberg,Renault,15,13,0.0,+1 Lap,70,59.0
2019,9,Austrian Grand Prix,Red Bull Ring,stroll,Lance Stroll,Racing Point,14,14,0.0,+1 Lap,70,57.0
2019,9,Austrian Grand Prix,Red Bull Ring,albon,Alexander Albon,Toro Rosso,18,15,0.0,+1 Lap,70,59.0
2019,9,Austrian Grand Prix,Red Bull Ring,grosjean,Romain Grosjean,Haas F1 Team,11,16,0.0,+1 Lap,70,56.0
2019,9,Austrian Grand Prix,Red Bull Ring,kvyat,Daniil Kvyat,Toro Rosso,16,17,0.0,+1 Lap,70,58.0
2019,9,Austrian Grand Prix,Red Bull Ring,russell,George Russell,Williams,0,18,0.0,+2 Laps,69,52.0
2019,9,Austrian Grand Prix,Red Bull Ring,kevin_magnussen,Kevin Magnussen,Haas F1 Team,10,19,0.0,+2 Laps,69,69.0
2019,9,Austrian Grand Prix,Red Bull Ring,kubica,Robert Kubica,Williams,17,20,0.0,+3 Laps,68,55.0
2019,10,British Grand Prix,Silverstone Circuit,hamilton,Lewis Hamilton,Mercedes,2,1,26.0,Finished,52,52.0
2019,10,British Grand Prix,Silverstone Circuit,bottas,Valtteri Bottas,Mercedes,1,2,18.0,Finished,52,47.0
2019,10,British Grand Prix,Silverstone Circuit,leclerc,Charles Leclerc,Ferrari,3,3,15.0,Finished,52,47.0
2019,10,British Grand Prix,Silverstone Circuit,gasly,Pierre Gasly,Red Bull,5,4,12.0,Finished,52,48.0
2019,10,British Grand Prix,Silverstone Circuit,max_verstappen,Max Verstappen,Red Bull,4,5,10.0,Finished,52,45.0
2019,10,British Grand Prix,Silverstone Circuit,sainz,Carlos Sainz,McLaren,13,6,8.0,Finished,52,50.0
2019,10,British Grand Prix,Silverstone Circuit,ricciardo,Daniel Ricciardo,Renault,7,7,6.0,Finished,52,50.0
2019,10,British Grand Prix,Silverstone Circuit,raikkonen,Kimi Räikkönen,Alfa Romeo,12,8,4.0,Finished,52,51.0
2019,10,British Grand Prix,Silverstone Circuit,kvyat,Daniil Kvyat,Toro Rosso,17,9,2.0,Finished,52,51.0
2019,10,British Grand Prix,Silverstone Circuit,hulkenberg,Nico Hülkenberg,Renault,10,10,1.0,Finished,52,51.0
2019,10,British Grand Prix,Silverstone Circuit,norris,Lando Norris,McLaren,8,11,0.0,Finished,52,50.0
2019,10,British Grand Prix,Silverstone Circuit,albon,Alexander Albon,Toro Rosso,9,12,0.0,Finished,52,46.0
2019,10,British Grand Prix,Silverstone Circuit,stroll,Lance Stroll,Racing Point,18,13,0.0,Finished,52,49.0
2019,10,British Grand Prix,Silverstone Circuit,russell,George Russell,Williams,19,14,0.0,+1 Lap,51,50.0
2019,10,British Grand Prix,Silverstone Circuit,kubica,Robert Kubica,Williams,20,15,0.0,+1 Lap,51,50.0
2019,10,British Grand Prix,Silverstone Circuit,vettel,Sebastian Vettel,Ferrari,6,16,0.0,+1 Lap,51,46.0
2019,10,British Grand Prix,Silverstone Circuit,perez,Sergio Pérez,Racing Point,15,17,0.0,+1 Lap,51,50.0
2019,10,British Grand Prix,Silverstone Circuit,giovinazzi,Antonio Giovinazzi,Alfa Romeo,11,18,0.0,Spun off,18,17.0
2019,10,British Grand Prix,Silverstone Circuit,grosjean,Romain Grosjean,Haas F1 Team,14,19,0.0,Collision,9,4.0
2019,10,British Grand Prix,Silverstone Circuit,kevin_magnussen,Kevin Magnussen,Haas F1 Team,16,20,0.0,Collision,6,5.0
2019,11,German Grand Prix,Hockenheimring,max_verstappen,Max Verstappen,Red Bull,2,1,26.0,Finished,64,61.0
2019,11,German Grand Prix,Hockenheimring,vettel,Sebastian Vettel,Ferrari,20,2,18.0,Finished,64,63.0
2019,11,German Grand Prix,Hockenheimring,kvyat,Daniil Kvyat,Toro Rosso,14,3,15.0,Finished,64,61.0
2019,11,German Grand Prix,Hockenheimring,stroll,Lance Stroll,Racing Point,15,4,12.0,Finished,64,61.0
2019,11,German Grand Prix,Hockenheimring,sainz,Carlos Sainz,McLaren,7,5,10.0,Finished,64,63.0
2019,11,German Grand Prix,Hockenheimring,albon,Alexander Albon,Toro Rosso,16,6,8.0,Finished,64,63.0
2019,11,German Grand Prix,Hockenheimring,grosjean,Romain Grosjean,Haas F1 Team,6,7,6.0,Finished,64,55.0
2019,11,German Grand Prix,Hockenheimring,kevin_magnussen,Kevin Magnussen,Haas F1 Team,12,8,4.0,Finished,64,62.0
2019,11,German Grand Prix,Hockenheimring,hamilton,Lewis Hamilton,Mercedes,1,9,2.0,Finished,64,64.0
2019,11,German Grand Prix,Hockenheimring,kubica,Robert Kubica,Williams,18,10,1.0,Finished,64,63.0
2019,11,German Grand Prix,Hockenheimring,russell,George Russell,Williams,17,11,0.0,Finished,64,60.0
2019,11,German Grand Prix,Hockenheimring,raikkonen,Kimi Räikkönen,Alfa Romeo,5,12,0.0,Finished,64,60.0
2019,11,German Grand Prix,Hockenheimring,giovinazzi,Antonio Giovinazzi,Alfa Romeo,11,13,0.0,Finished,64,60.0
2019,11,German Grand Prix,Hockenheimring,gasly,Pierre Gasly,Red Bull,4,14,0.0,Collision,61,56.0
2019,11,German Grand Prix,Hockenheimring,bottas,Valtteri Bottas,Mercedes,3,15,0.0,Accident,56,54.0
2019,11,German Grand Prix,Hockenheimring,hulkenberg,Nico Hülkenberg,Renault,9,16,0.0,Accident,39,18.0
2019,11,German Grand Prix,Hockenheimring,leclerc,Charles Leclerc,Ferrari,10,17,0.0,Accident,27,17.0
2019,11,German Grand Prix,Hockenheimring,norris,Lando Norris,McLaren,19,18,0.0,Power loss,25,16.0
2019,11,German Grand Prix,Hockenheimring,ricciardo,Daniel Ricciardo,Renault,13,19,0.0,Exhaust,13,10.0
2019,11,German Grand Prix,Hockenheimring,perez,Sergio Pérez,Racing Point,8,20,0.0,Spun off,1,
2019,12,Hungarian Grand Prix,Hungaroring,hamilton,Lewis Hamilton,Mercedes,3,1,25.0,Finished,70,60.0
2019,12,Hungarian Grand Prix,Hungaroring,max_verstappen,Max Verstappen,Red Bull,1,2,19.0,Finished,70,69.0
2019,12,Hungarian Grand Prix,Hungaroring,vettel,Sebastian Vettel,Ferrari,5,3,15.0,Finished,70,65.0
2019,12,Hungarian Grand Prix,Hungaroring,leclerc,Charles Leclerc,Ferrari,4,4,12.0,Finished,70,49.0
2019,12,Hungarian Grand Prix,Hungaroring,sainz,Carlos Sainz,McLaren,8,5,10.0,+1 Lap,69,66.0
2019,12,Hungarian Grand Prix,Hungaroring,gasly,Pierre Gasly,Red Bull,6,6,8.0,+1 Lap,69,65.0
2019,12,Hungarian Grand Prix,Hungaroring,raikkonen,Kimi Räikkönen,Alfa Romeo,10,7,6.0,+1 Lap,69,65.0
2019,12,Hungarian Grand Prix,Hungaroring,bottas,Valtteri Bottas,Mercedes,2,8,4.0,+1 Lap,69,59.0
2019,12,Hungarian Grand Prix,Hungaroring,norris,Lando Norris,McLaren,7,9,2.0,+1 Lap,69,65.0
2019,12,Hungarian Grand Prix,Hungaroring,albon,Alexander Albon,Toro Rosso,12,10,1.0,+1 Lap,69,65.0
2019,12,Hungarian Grand Prix,Hungaroring,perez,Sergio Pérez,Racing Point,16,11,0.0,+1 Lap,69,47.0
2019,12,Hungarian Grand Prix,Hungaroring,hulkenberg,Nico Hülkenberg,Renault,11,12,0.0,+1 Lap,69,59.0
2019,12,Hungarian Grand Prix,Hungaroring,kevin_magnussen,Kevin Magnussen,Haas F1 Team,14,13,0.0,+1 Lap,69,67.0
2019,12,Hungarian Grand Prix,Hungaroring,ricciardo,Daniel Ricciardo,Renault,20,14,0.0,+1 Lap,69,49.0
2019,12,Hungarian Grand Prix,Hungaroring,kvyat,Daniil Kvyat,Toro Rosso,13,15,0.0,+2 Laps,68,55.0
2019,12,Hungarian Grand Prix,Hungaroring,russell,George Russell,Williams,15,16,0.0,+2 Laps,68,66.0
2019,12,Hungarian Grand Prix,Hungaroring,stroll,Lance Stroll,Racing Point,18,17,0.0,+2 Laps,68,52.0
2019,12,Hungarian Grand Prix,Hungaroring,giovinazzi,Antonio Giovinazzi,Alfa Romeo,17,18,0.0,+2 Laps,68,64.0
2019,12,Hungarian Grand Prix,Hungaroring,kubica,Robert Kubica,Williams,19,19,0.0,+3 Laps,67,42.0
2019,12,Hungarian Grand Prix,Hungaroring,grosjean,Romain Grosjean,Haas F1 Team,9,20,0.0,Water pressure,49,46.0
2019,13,Belgian Grand Prix,Circuit de Spa-Francorchamps,leclerc,Charles Leclerc,Ferrari,1,1,25.0,Finished,44,23.0
2019,13,Belgian Grand Prix,Circuit de Spa-Francorchamps,hamilton,Lewis Hamilton,Mercedes,3,2,18.0,Finished,44,24.0
2019,13,Belgian Grand Prix,Circuit de Spa-Francorchamps,bottas,Valtteri Bottas,Mercedes,4,3,15.0,Finished,44,27.0
2019,13,Belgian Grand Prix,Circuit de Spa-Francorchamps,vettel,Sebastian Vettel,Ferrari,2,4,13.0,Finished,44,36.0
2019,13,Belgian Grand Prix,Circuit de Spa-Francorchamps,albon,Alexander Albon,Red Bull,17,5,10.0,Finished,44,41.0
2019,13,Belgian Grand Prix,Circuit de Spa-Francorchamps,perez,Sergio Pérez,Racing Point,7,6,8.0,Finished,44,29.0
2019,13,Belgian Grand Prix,Circuit de Spa-Francorchamps,kvyat,Daniil Kvyat,Toro Rosso,19,7,6.0,Finished,44,26.0
2019,13,Belgian Grand Prix,Circuit de Spa-Francorchamps,hulkenberg,Nico Hülkenberg,Renault,12,8,4.0,Finished,44,34.0
2019,13,Belgian Grand Prix,Circuit de Spa-Francorchamps,gasly,Pierre Gasly,Toro Rosso,13,9,2.0,Finished,44,21.0
2019,13,Belgian Grand Prix,Circuit de Spa-Francorchamps,stroll,Lance Stroll,Racing Point,16,10,1.0,Finished,44,34.0
2019,13,Belgian Grand Prix,Circuit de Spa-Francorchamps,norris,Lando Norris,McLaren,11,11,0.0,Engine,43,21.0
2019,13,Belgian Grand Prix,Circuit de Spa-Francorchamps,kevin_magnussen,Kevin Magnussen,Haas F1 Team,8,12,0.0,+1 Lap,43,33.0
2019,13,Belgian Grand Prix,Circuit de Spa-Francorchamps,grosjean,Romain Grosjean,Haas F1 Team,9,13,0.0,+1 Lap,43,18.0
2019,13,Belgian Grand Prix,Circuit de Spa-Francorchamps,ricciardo,Daniel Ricciardo,Renault,10,14,0.0,+1 Lap,43,21.0
2019,13,Belgian Grand Prix,Circuit de Spa-Francorchamps,russell,George Russell,Williams,14,15,0.0,+1 Lap,43,34.0
2019,13,Belgian Grand Prix,Circuit de Spa-Francorchamps,raikkonen,Kimi Räikkönen,Alfa Romeo,6,16,0.0,+1 Lap,43,37.0
2019,13,Belgian Grand Prix,Circuit de Spa-Francorchamps,kubica,Robert Kubica,Williams,0,17,0.0,+1 Lap,43,33.0
2019,13,Belgian Grand Prix,Circuit de Spa-Francorchamps,giovinazzi,Antonio Giovinazzi,Alfa Romeo,18,18,0.0,Accident,42,31.0
2019,13,Belgian Grand Prix,Circuit de Spa-Francorchamps,sainz,Carlos Sainz,McLaren,15,19,0.0,Power loss,1,
2019,13,Belgian Grand Prix,Circuit de Spa-Francorchamps,max_verstappen,Max Verstappen,Red Bull,5,20,0.0,Accident,0,
2019,14,Italian Grand Prix,Autodromo Nazionale di Monza,leclerc,Charles Leclerc,Ferrari,1,1,25.0,Finished,53,47.0
2019,14,Italian Grand Prix,Autodromo Nazionale di Monza,bottas,Valtteri Bottas,Mercedes,3,2,18.0,Finished,53,47.0
2019,14,Italian Grand Prix,Autodromo Nazionale di Monza,hamilton,Lewis Hamilton,Mercedes,2,3,16.0,Finished,53,51.0
2019,14,Italian Grand Prix,Autodromo Nazionale di Monza,ricciardo,Daniel Ricciardo,Renault,5,4,12.0,Finished,53,53.0
2019,14,Italian Grand Prix,Autodromo Nazionale di Monza,hulkenberg,Nico Hülkenberg,Renault,6,5,10.0,Finished,53,53.0
2019,14,Italian Grand Prix,Autodromo Nazionale di Monza,albon,Alexander Albon,Red Bull,8,6,8.0,Finished,53,45.0
2019,14,Italian Grand Prix,Autodromo Nazionale di Monza,perez,Sergio Pérez,Racing Point,18,7,6.0,Finished,53,35.0
2019,14,Italian Grand Prix,Autodromo Nazionale di Monza,max_verstappen,Max Verstappen,Red Bull,19,8,4.0,Finished,53,41.0
2019,14,Italian Grand Prix,Autodromo Nazionale di Monza,giovinazzi,Antonio Giovinazzi,Alfa Romeo,10,9,2.0,+1 Lap,52,44.0
2019,14,Italian Grand Prix,Autodromo Nazionale di Monza,norris,Lando Norris,McLaren,16,10,1.0,+1 Lap,52,52.0
2019,14,Italian Grand Prix,Autodromo Nazionale di Monza,gasly,Pierre Gasly,Toro Rosso,17,11,0.0,+1 Lap,52,51.0
2019,14,Italian Grand Prix,Autodromo Nazionale di Monza,stroll,Lance Stroll,Racing Point,9,12,0.0,+1 Lap,52,31.0
2019,14,Italian Grand Prix,Autodromo Nazionale di Monza,vettel,Sebastian Vettel,Ferrari,4,13,0.0,+1 Lap,52,50.0
2019,14,Italian Grand Prix,Autodromo Nazionale di Monza,russell,George Russell,Williams,14,14,0.0,+1 Lap,52,51.0
2019,14,Italian Grand Prix,Autodromo Nazionale di Monza,raikkonen,Kimi Räikkönen,Alfa Romeo,0,15,0.0,+1 Lap,52,52.0
2019,14,Italian Grand Prix,Autodromo Nazionale di Monza,grosjean,Romain Grosjean,Haas F1 Team,13,16,0.0,+1 Lap,52,31.0
2019,14,Italian Grand Prix,Autodromo Nazionale di Monza,kubica,Robert Kubica,Williams,15,17,0.0,+2 Laps,51,47.0
2019,14,Italian Grand Prix,Autodromo Nazionale di Monza,kevin_magnussen,Kevin Magnussen,Haas F1 Team,11,18,0.0,Hydraulics,43,38.0
2019,14,Italian Grand Prix,Autodromo Nazionale di Monza,kvyat,Daniil Kvyat,Toro Rosso,12,19,0.0,Engine,29,19.0
2019,14,Italian Grand Prix,Autodromo Nazionale di Monza,sainz,Carlos Sainz,McLaren,7,20,0.0,Wheel,27,10.0
2019,15,Singapore Grand Prix,Marina Bay Street Circuit,vettel,Sebastian Vettel,Ferrari,3,1,25.0,Finished,61,57.0
2019,15,Singapore Grand Prix,Marina Bay Street Circuit,leclerc,Charles Leclerc,Ferrari,1,2,18.0,Finished,61,59.0
2019,15,Singapore Grand Prix,Marina Bay Street Circuit,max_verstappen,Max Verstappen,Red Bull,4,3,15.0,Finished,61,56.0
2019,15,Singapore Grand Prix,Marina Bay Street Circuit,hamilton,Lewis Hamilton,Mercedes,2,4,12.0,Finished,61,58.0
2019,15,Singapore Grand Prix,Marina Bay Street Circuit,bottas,Valtteri Bottas,Mercedes,5,5,10.0,Finished,61,58.0
2019,15,Singapore Grand Prix,Marina Bay Street Circuit,albon,Alexander Albon,Red Bull,6,6,8.0,Finished,61,59.0
2019,15,Singapore Grand Prix,Marina Bay Street Circuit,norris,Lando Norris,McLaren,9,7,6.0,Finished,61,58.0
2019,15,Singapore Grand Prix,Marina Bay Street Circuit,gasly,Pierre Gasly,Toro Rosso,11,8,4.0,Finished,61,58.0
2019,15,Singapore Grand Prix,Marina Bay Street Circuit,hulkenberg,Nico Hülkenberg,Renault,8,9,2.0,Finished,61,59.0
2019,15,Singapore Grand Prix,Marina Bay Street Circuit,giovinazzi,Antonio Giovinazzi,Alfa Romeo,10,10,1.0,Finished,61,59.0
2019,15,Singapore Grand Prix,Marina Bay Street Circuit,grosjean,Romain Grosjean,Haas F1 Team,17,11,0.0,Finished,61,54.0
2019,15,Singapore Grand Prix,Marina Bay Street Circuit,sainz,Carlos Sainz,McLaren,7,12,0.0,Finished,61,41.0
2019,15,Singapore Grand Prix,Marina Bay Street Circuit,stroll,Lance Stroll,Racing Point,16,13,0.0,Finished,61,57.0
2019,15,Singapore Grand Prix,Marina Bay Street Circuit,ricciardo,Daniel Ricciardo,Renault,20,14,0.0,Finished,61,55.0
2019,15,Singapore Grand Prix,Marina Bay Street Circuit,kvyat,Daniil Kvyat,Toro Rosso,14,15,0.0,Finished,61,57.0
2019,15,Singapore Grand Prix,Marina Bay Street Circuit,kubica,Robert Kubica,Williams,19,16,0.0,Finished,61,59.0
2019,15,Singapore Grand Prix,Marina Bay Street Circuit,kevin_magnussen,Kevin Magnussen,Haas F1 Team,13,17,0.0,Finished,61,58.0
2019,15,Singapore Grand Prix,Marina Bay Street Circuit,raikkonen,Kimi Räikkönen,Alfa Romeo,12,18,0.0,Collision,49,18.0
2019,15,Singapore Grand Prix,Marina Bay Street Circuit,perez,Sergio Pérez,Racing Point,15,19,0.0,Engine,42,15.0
2019,15,Singapore Grand Prix,Marina Bay Street Circuit,russell,George Russell,Williams,18,20,0.0,Collision,34,29.0
2019,16,Russian Grand Prix,Sochi Autodrom,hamilton,Lewis Hamilton,Mercedes,2,1,26.0,Finished,53,51.0
2019,16,Russian Grand Prix,Sochi Autodrom,bottas,Valtteri Bottas,Mercedes,4,2,18.0,Finished,53,50.0
2019,16,Russian Grand Prix,Sochi Autodrom,leclerc,Charles Leclerc,Ferrari,1,3,15.0,Finished,53,52.0
2019,16,Russian Grand Prix,Sochi Autodrom,max_verstappen,Max Verstappen,Red Bull,9,4,12.0,Finished,53,47.0
2019,16,Russian Grand Prix,Sochi Autodrom,albon,Alexander Albon,Red Bull,0,5,10.0,Finished,53,50.0
2019,16,Russian Grand Prix,Sochi Autodrom,sainz,Carlos Sainz,McLaren,5,6,8.0,Finished,53,53.0
2019,16,Russian Grand Prix,Sochi Autodrom,perez,Sergio Pérez,Racing Point,11,7,6.0,Finished,53,49.0
2019,16,Russian Grand Prix,Sochi Autodrom,norris,Lando Norris,McLaren,7,8,4.0,Finished,53,52.0
2019,16,Russian Grand Prix,Sochi Autodrom,kevin_magnussen,Kevin Magnussen,Haas F1 Team,13,9,2.0,Finished,53,53.0
2019,16,Russian Grand Prix,Sochi Autodrom,hulkenberg,Nico Hülkenberg,Renault,6,10,1.0,Finished,53,53.0
2019,16,Russian Grand Prix,Sochi Autodrom,stroll,Lance Stroll,Racing Point,14,11,0.0,Finished,53,53.0
2019,16,Russian Grand Prix,Sochi Autodrom,kvyat,Daniil Kvyat,Toro Rosso,19,12,0.0,Finished,53,52.0
2019,16,Russian Grand Prix,Sochi Autodrom,raikkonen,Kimi Räikkönen,Alfa Romeo,15,13,0.0,Finished,53,51.0
2019,16,Russian Grand Prix,Sochi Autodrom,gasly,Pierre Gasly,Toro Rosso,16,14,0.0,Finished,53,51.0
2019,16,Russian Grand Prix,Sochi Autodrom,giovinazzi,Antonio Giovinazzi,Alfa Romeo,12,15,0.0,Finished,53,51.0
2019,16,Russian Grand Prix,Sochi Autodrom,kubica,Robert Kubica,Williams,18,16,0.0,Brakes,28,24.0
2019,16,Russian Grand Prix,Sochi Autodrom,russell,George Russell,Williams,17,17,0.0,Brakes,27,18.0
2019,16,Russian Grand Prix,Sochi Autodrom,vettel,Sebastian Vettel,Ferrari,3,18,0.0,Power loss,26,16.0
2019,16,Russian Grand Prix,Sochi Autodrom,ricciardo,Daniel Ricciardo,Renault,10,19,0.0,Collision,24,22.0
2019,16,Russian Grand Prix,Sochi Autodrom,grosjean,Romain Grosjean,Haas F1 Team,8,20,0.0,Collision,0,
2019,17,Japanese Grand Prix,Suzuka Circuit,bottas,Valtteri Bottas,Mercedes,3,1,25.0,Finished,52,49.0
2019,17,Japanese Grand Prix,Suzuka Circuit,vettel,Sebastian Vettel,Ferrari,1,2,18.0,Finished,52,38.0
2019,17,Japanese Grand Prix,Suzuka Circuit,hamilton,Lewis Hamilton,Mercedes,4,3,16.0,Finished,52,45.0
2019,17,Japanese Grand Prix,Suzuka Circuit,albon,Alexander Albon,Red Bull,6,4,12.0,Finished,52,36.0
2019,17,Japanese Grand Prix,Suzuka Circuit,sainz,Carlos Sainz,McLaren,7,5,10.0,Finished,52,46.0
2019,17,Japanese Grand Prix,Suzuka Circuit,leclerc,Charles Leclerc,Ferrari,2,6,8.0,+1 Lap,51,48.0
2019,17,Japanese Grand Prix,Suzuka Circuit,gasly,Pierre Gasly,Toro Rosso,9,7,6.0,+1 Lap,51,43.0
2019,17,Japanese Grand Prix,Suzuka Circuit,perez,Sergio Pérez,Racing Point,17,8,4.0,+1 Lap,51,46.0
2019,17,Japanese Grand Prix,Suzuka Circuit,stroll,Lance Stroll,Racing Point,12,9,2.0,+1 Lap,51,26.0
2019,17,Japanese Grand Prix,Suzuka Circuit,kvyat,Daniil Kvyat,Toro Rosso,14,10,1.0,+1 Lap,51,47.0
2019,17,Japanese Grand Prix,Suzuka Circuit,norris,Lando Norris,McLaren,8,11,0.0,+1 Lap,51,31.0
2019,17,Japanese Grand Prix,Suzuka Circuit,raikkonen,Kimi Räikkönen,Alfa Romeo,13,12,0.0,+1 Lap,51,50.0
2019,17,Japanese Grand Prix,Suzuka Circuit,grosjean,Romain Grosjean,Haas F1 Team,10,13,0.0,+1 Lap,51,18.0
2019,17,Japanese Grand Prix,Suzuka Circuit,giovinazzi,Antonio Giovinazzi,Alfa Romeo,11,14,0.0,+1 Lap,51,51.0
2019,17,Japanese Grand Prix,Suzuka Circuit,kevin_magnussen,Kevin Magnussen,Haas F1 Team,19,15,0.0,+1 Lap,51,49.0
2019,17,Japanese Grand Prix,Suzuka Circuit,russell,George Russell,Williams,18,16,0.0,+2 Laps,50,27.0
2019,17,Japanese Grand Prix,Suzuka Circuit,kubica,Robert Kubica,Williams,0,17,0.0,+2 Laps,50,44.0
2019,17,Japanese Grand Prix,Suzuka Circuit,max_verstappen,Max Verstappen,Red Bull,5,18,0.0,Brakes,14,10.0
2019,17,Japanese Grand Prix,Suzuka Circuit,ricciardo,Daniel Ricciardo,Renault,16,19,0.0,Disqualified,51,48.0
2019,17,Japanese Grand Prix,Suzuka Circuit,hulkenberg,Nico Hülkenberg,Renault,15,20,0.0,Disqualified,51,47.0
2019,18,Mexican Grand Prix,Autódromo Hermanos Rodríguez,hamilton,Lewis Hamilton,Mercedes,3,1,25.0,Finished,71,66.0
2019,18,Mexican Grand Prix,Autódromo Hermanos Rodríguez,vettel,Sebastian Vettel,Ferrari,2,2,18.0,Finished,71,68.0
2019,18,Mexican Grand Prix,Autódromo Hermanos Rodríguez,bottas,Valtteri Bottas,Mercedes,6,3,15.0,Finished,71,66.0
2019,18,Mexican Grand Prix,Autódromo Hermanos Rodríguez,leclerc,Charles Leclerc,Ferrari,1,4,13.0,Finished,71,53.0
2019,18,Mexican Grand Prix,Autódromo Hermanos Rodríguez,albon,Alexander Albon,Red Bull,5,5,10.0,Finished,71,48.0
2019,18,Mexican Grand Prix,Autódromo Hermanos Rodríguez,max_verstappen,Max Verstappen,Red Bull,4,6,8.0,Finished,71,65.0
2019,18,Mexican Grand Prix,Autódromo Hermanos Rodríguez,perez,Sergio Pérez,Racing Point,11,7,6.0,Finished,71,70.0
2019,18,Mexican Grand Prix,Autódromo Hermanos Rodríguez,ricciardo,Daniel Ricciardo,Renault,13,8,4.0,Finished,71,53.0
2019,18,Mexican Grand Prix,Autódromo Hermanos Rodríguez,gasly,Pierre Gasly,Toro Rosso,10,9,2.0,+1 Lap,70,53.0
2019,18,Mexican Grand Prix,Autódromo Hermanos Rodríguez,hulkenberg,Nico Hülkenberg,Renault,12,10,1.0,+1 Lap,70,59.0
2019,18,Mexican Grand Prix,Autódromo Hermanos Rodríguez,kvyat,Daniil Kvyat,Toro Rosso,9,11,0.0,+1 Lap,70,48.0
2019,18,Mexican Grand Prix,Autódromo Hermanos Rodríguez,stroll,Lance Stroll,Racing Point,16,12,0.0,+1 Lap,70,68.0
2019,18,Mexican Grand Prix,Autódromo Hermanos Rodríguez,sainz,Carlos Sainz,McLaren,7,13,0.0,+1 Lap,70,66.0
2019,18,Mexican Grand Prix,Autódromo Hermanos Rodríguez,giovinazzi,Antonio Giovinazzi,Alfa Romeo,15,14,0.0,+1 Lap,70,65.0
2019,18,Mexican Grand Prix,Autódromo Hermanos Rodríguez,kevin_magnussen,Kevin Magnussen,Haas F1 Team,17,15,0.0,+2 Laps,69,53.0
2019,18,Mexican Grand Prix,Autódromo Hermanos Rodríguez,russell,George Russell,Williams,19,16,0.0,+2 Laps,69,69.0
2019,18,Mexican Grand Prix,Autódromo Hermanos Rodríguez,grosjean,Romain Grosjean,Haas F1 Team,18,17,0.0,+2 Laps,69,68.0
2019,18,Mexican Grand Prix,Autódromo Hermanos Rodríguez,kubica,Robert Kubica,Williams,20,18,0.0,+2 Laps,69,63.0
2019,18,Mexican Grand Prix,Autódromo Hermanos Rodríguez,raikkonen,Kimi Räikkönen,Alfa Romeo,14,19,0.0,Overheating,58,55.0
2019,18,Mexican Grand Prix,Autódromo Hermanos Rodríguez,norris,Lando Norris,McLaren,8,20,0.0,Withdrew,48,46.0
2019,19,United States Grand Prix,Circuit of the Americas,bottas,Valtteri Bottas,Mercedes,1,1,25.0,Finished,56,37.0
2019,19,United States Grand Prix,Circuit of the Americas,hamilton,Lewis Hamilton,Mercedes,5,2,18.0,Finished,56,26.0
2019,19,United States Grand Prix,Circuit of the Americas,max_verstappen,Max Verstappen,Red Bull,3,3,15.0,Finished,56,42.0
2019,19,United States Grand Prix,Circuit of the Americas,leclerc,Charles Leclerc,Ferrari,4,4,13.0,Finished,56,44.0
2019,19,United States Grand Prix,Circuit of the Americas,albon,Alexander Albon,Red Bull,6,5,10.0,Finished,56,42.0
2019,19,United States Grand Prix,Circuit of the Americas,ricciardo,Daniel Ricciardo,Renault,9,6,8.0,Finished,56,28.0
2019,19,United States Grand Prix,Circuit of the Americas,norris,Lando Norris,McLaren,8,7,6.0,Finished,56,44.0
2019,19,United States Grand Prix,Circuit of the Americas,sainz,Carlos Sainz,McLaren,7,8,4.0,+1 Lap,55,44.0
2019,19,United States Grand Prix,Circuit of the Americas,hulkenberg,Nico Hülkenberg,Renault,11,9,2.0,+1 Lap,55,47.0
2019,19,United States Grand Prix,Circuit of the Americas,perez,Sergio Pérez,Racing Point,0,10,1.0,+1 Lap,55,34.0
2019,19,United States Grand Prix,Circuit of the Americas,raikkonen,Kimi Räikkönen,Alfa Romeo,17,11,0.0,+1 Lap,55,46.0
2019,19,United States Grand Prix,Circuit of the Americas,kvyat,Daniil Kvyat,Toro Rosso,13,12,0.0,+1 Lap,55,41.0
2019,19,United States Grand Prix,Circuit of the Americas,stroll,Lance Stroll,Racing Point,14,13,0.0,+1 Lap,55,42.0
2019,19,United States Grand Prix,Circuit of the Americas,giovinazzi,Antonio Giovinazzi,Alfa Romeo,16,14,0.0,+1 Lap,55,41.0
2019,19,United States Grand Prix,Circuit of the Americas,grosjean,Romain Grosjean,Haas F1 Team,15,15,0.0,+1 Lap,55,52.0
2019,19,United States Grand Prix,Circuit of the Americas,gasly,Pierre Gasly,Toro Rosso,10,16,0.0,Suspension,54,31.0
2019,19,United States Grand Prix,Circuit of the Americas,russell,George Russell,Williams,18,17,0.0,+2 Laps,54,54.0
2019,19,United States Grand Prix,Circuit of the Americas,kevin_magnussen,Kevin Magnussen,Haas F1 Team,12,18,0.0,Brakes,52,42.0
2019,19,United States Grand Prix,Circuit of the Americas,kubica,Robert Kubica,Williams,19,19,0.0,Oil leak,31,22.0
2019,19,United States Grand Prix,Circuit of the Americas,vettel,Sebastian Vettel,Ferrari,2,20,0.0,Suspension,7,6.0
2019,20,Brazilian Grand Prix,Autódromo José Carlos Pace,max_verstappen,Max Verstappen,Red Bull,1,1,25.0,Finished,71,61.0
2019,20,Brazilian Grand Prix,Autódromo José Carlos Pace,gasly,Pierre Gasly,Toro Rosso,6,2,18.0,Finished,71,65.0
2019,20,Brazilian Grand Prix,Autódromo José Carlos Pace,sainz,Carlos Sainz,McLaren,20,3,15.0,Finished,71,63.0
2019,20,Brazilian Grand Prix,Autódromo José Carlos Pace,raikkonen,Kimi Räikkönen,Alfa Romeo,8,4,12.0,Finished,71,65.0
2019,20,Brazilian Grand Prix,Autódromo José Carlos Pace,giovinazzi,Antonio Giovinazzi,Alfa Romeo,12,5,10.0,Finished,71,49.0
2019,20,Brazilian Grand Prix,Autódromo José Carlos Pace,ricciardo,Daniel Ricciardo,Renault,11,6,8.0,Finished,71,44.0
2019,20,Brazilian Grand Prix,Autódromo José Carlos Pace,hamilton,Lewis Hamilton,Mercedes,3,7,6.0,Finished,71,46.0
2019,20,Brazilian Grand Prix,Autódromo José Carlos Pace,norris,Lando Norris,McLaren,10,8,4.0,Finished,71,63.0
2019,20,Brazilian Grand Prix,Autódromo José Carlos Pace,perez,Sergio Pérez,Racing Point,15,9,2.0,Finished,71,64.0
2019,20,Brazilian Grand Prix,Autódromo José Carlos Pace,kvyat,Daniil Kvyat,Toro Rosso,16,10,1.0,Finished,71,49.0
2019,20,Brazilian Grand Prix,Autódromo José Carlos Pace,kevin_magnussen,Kevin Magnussen,Haas F1 Team,9,11,0.0,Finished,71,65.0
2019,20,Brazilian Grand Prix,Autódromo José Carlos Pace,russell,George Russell,Williams,18,12,0.0,Finished,71,57.0
2019,20,Brazilian Grand Prix,Autódromo José Carlos Pace,grosjean,Romain Grosjean,Haas F1 Team,7,13,0.0,Finished,71,29.0
2019,20,Brazilian Grand Prix,Autódromo José Carlos Pace,albon,Alexander Albon,Red Bull,5,14,0.0,Finished,71,52.0
2019,20,Brazilian Grand Prix,Autódromo José Carlos Pace,hulkenberg,Nico Hülkenberg,Renault,13,15,0.0,Finished,71,64.0
2019,20,Brazilian Grand Prix,Autódromo José Carlos Pace,kubica,Robert Kubica,Williams,19,16,0.0,+1 Lap,70,63.0
2019,20,Brazilian Grand Prix,Autódromo José Carlos Pace,vettel,Sebastian Vettel,Ferrari,2,17,0.0,Collision,65,51.0
2019,20,Brazilian Grand Prix,Autódromo José Carlos Pace,leclerc,Charles Leclerc,Ferrari,14,18,0.0,Collision,65,63.0
2019,20,Brazilian Grand Prix,Autódromo José Carlos Pace,stroll,Lance Stroll,Racing Point,17,19,0.0,Suspension,65,65.0
2019,20,Brazilian Grand Prix,Autódromo José Carlos Pace,bottas,Valtteri Bottas,Mercedes,4,20,0.0,Power Unit,51,43.0
2019,21,Abu Dhabi Grand Prix,Yas Marina Circuit,hamilton,Lewis Hamilton,Mercedes,1,1,26.0,Finished,55,53.0
2019,21,Abu Dhabi Grand Prix,Yas Marina Circuit,max_verstappen,Max Verstappen,Red Bull,2,2,18.0,Finished,55,55.0
2019,21,Abu Dhabi Grand Prix,Yas Marina Circuit,leclerc,Charles Leclerc,Ferrari,3,3,15.0,Finished,55,44.0
2019,21,Abu Dhabi Grand Prix,Yas Marina Circuit,bottas,Valtteri Bottas,Mercedes,20,4,12.0,Finished,55,31.0
2019,21,Abu Dhabi Grand Prix,Yas Marina Circuit,vettel,Sebastian Vettel,Ferrari,4,5,10.0,Finished,55,55.0
2019,21,Abu Dhabi Grand Prix,Yas Marina Circuit,albon,Alexander Albon,Red Bull,5,6,8.0,Finished,55,49.0
2019,21,Abu Dhabi Grand Prix,Yas Marina Circuit,perez,Sergio Pérez,Racing Point,10,7,6.0,+1 Lap,54,39.0
2019,21,Abu Dhabi Grand Prix,Yas Marina Circuit,norris,Lando Norris,McLaren,6,8,4.0,+1 Lap,54,50.0
2019,21,Abu Dhabi Grand Prix,Yas Marina Circuit,kvyat,Daniil Kvyat,Toro Rosso,13,9,2.0,+1 Lap,54,42.0
2019,21,Abu Dhabi Grand Prix,Yas Marina Circuit,sainz,Carlos Sainz,McLaren,8,10,1.0,+1 Lap,54,43.0
2019,21,Abu Dhabi Grand Prix,Yas Marina Circuit,ricciardo,Daniel Ricciardo,Renault,7,11,0.0,+1 Lap,54,51.0
2019,21,Abu Dhabi Grand Prix,Yas Marina Circuit,hulkenberg,Nico Hülkenberg,Renault,9,12,0.0,+1 Lap,54,52.0
2019,21,Abu Dhabi Grand Prix,Yas Marina Circuit,raikkonen,Kimi Räikkönen,Alfa Romeo,17,13,0.0,+1 Lap,54,25.0
2019,21,Abu Dhabi Grand Prix,Yas Marina Circuit,kevin_magnussen,Kevin Magnussen,Haas F1 Team,14,14,0.0,+1 Lap,54,22.0
2019,21,Abu Dhabi Grand Prix,Yas Marina Circuit,grosjean,Romain Grosjean,Haas F1 Team,15,15,0.0,+1 Lap,54,33.0
2019,21,Abu Dhabi Grand Prix,Yas Marina Circuit,giovinazzi,Antonio Giovinazzi,Alfa Romeo,16,16,0.0,+1 Lap,54,28.0
2019,21,Abu Dhabi Grand Prix,Yas Marina Circuit,russell,George Russell,Williams,18,17,0.0,+1 Lap,54,50.0
2019,21,Abu Dhabi Grand Prix,Yas Marina Circuit,gasly,Pierre Gasly,Toro Rosso,11,18,0.0,+2 Laps,53,53.0
2019,21,Abu Dhabi Grand Prix,Yas Marina Circuit,kubica,Robert Kubica,Williams,19,19,0.0,+2 Laps,53,51.0
2019,21,Abu Dhabi Grand Prix,Yas Marina Circuit,stroll,Lance Stroll,Racing Point,12,20,0.0,Brakes,45,25.0
2020,1,Austrian Grand Prix,Red Bull Ring,bottas,Valtteri Bottas,Mercedes,1,1,25.0,Finished,71,68.0
2020,1,Austrian Grand Prix,Red Bull Ring,leclerc,Charles Leclerc,Ferrari,7,2,18.0,Finished,71,64.0
2020,1,Austrian Grand Prix,Red Bull Ring,norris,Lando Norris,McLaren,3,3,16.0,Finished,71,71.0
2020,1,Austrian Grand Prix,Red Bull Ring,hamilton,Lewis Hamilton,Mercedes,5,4,12.0,Finished,71,67.0
2020,1,Austrian Grand Prix,Red Bull Ring,sainz,Carlos Sainz,McLaren,8,5,10.0,Finished,71,63.0
2020,1,Austrian Grand Prix,Red Bull Ring,perez,Sergio Pérez,Racing Point,6,6,8.0,Finished,71,63.0
2020,1,Austrian Grand Prix,Red Bull Ring,gasly,Pierre Gasly,AlphaTauri,12,7,6.0,Finished,71,64.0
2020,1,Austrian Grand Prix,Red Bull Ring,ocon,Esteban Ocon,Renault,14,8,4.0,Finished,71,64.0
2020,1,Austrian Grand Prix,Red Bull Ring,giovinazzi,Antonio Giovinazzi,Alfa Romeo,18,9,2.0,Finished,71,70.0
2020,1,Austrian Grand Prix,Red Bull Ring,vettel,Sebastian Vettel,Ferrari,11,10,1.0,Finished,71,71.0
2020,1,Austrian Grand Prix,Red Bull Ring,latifi,Nicholas Latifi,Williams,20,11,0.0,Finished,71,63.0
2020,1,Austrian Grand Prix,Red Bull Ring,kvyat,Daniil Kvyat,AlphaTauri,13,12,0.0,Suspension,69,50.0
2020,1,Austrian Grand Prix,Red Bull Ring,albon,Alexander Albon,Red Bull,4,13,0.0,Electronics,67,50.0
2020,1,Austrian Grand Prix,Red Bull Ring,raikkonen,Kimi Räikkönen,Alfa Romeo,19,14,0.0,Wheel,53,48.0
2020,1,Austrian Grand Prix,Red Bull Ring,russell,George Russell,Williams,17,15,0.0,Fuel pressure,49,49.0
2020,1,Austrian Grand Prix,Red Bull Ring,grosjean,Romain Grosjean,Haas F1 Team,15,16,0.0,Brakes,49,46.0
2020,1,Austrian Grand Prix,Red Bull Ring,kevin_magnussen,Kevin Magnussen,Haas F1 Team,16,17,0.0,Brakes,24,23.0
2020,1,Austrian Grand Prix,Red Bull Ring,stroll,Lance Stroll,Racing Point,9,18,0.0,Engine,20,4.0
2020,1,Austrian Grand Prix,Red Bull Ring,ricciardo,Daniel Ricciardo,Renault,10,19,0.0,Overheating,17,8.0
2020,1,Austrian Grand Prix,Red Bull Ring,max_verstappen,Max Verstappen,Red Bull,2,20,0.0,Electronics,11,5.0
2020,2,Styrian Grand Prix,Red Bull Ring,hamilton,Lewis Hamilton,Mercedes,1,1,25.0,Finished,71,68.0
2020,2,Styrian Grand Prix,Red Bull Ring,bottas,Valtteri Bottas,Mercedes,4,2,18.0,Finished,71,62.0
2020,2,Styrian Grand Prix,Red Bull Ring,max_verstappen,Max Verstappen,Red Bull,2,3,15.0,Finished,71,70.0
2020,2,Styrian Grand Prix,Red Bull Ring,albon,Alexander Albon,Red Bull,6,4,12.0,Finished,71,67.0
2020,2,Styrian Grand Prix,Red Bull Ring,norris,Lando Norris,McLaren,9,5,10.0,Finished,71,66.0
2020,2,Styrian Grand Prix,Red Bull Ring,perez,Sergio Pérez,Racing Point,17,6,8.0,Finished,71,68.0
2020,2,Styrian Grand Prix,Red Bull Ring,stroll,Lance Stroll,Racing Point,12,7,6.0,Finished,71,65.0
2020,2,Styrian Grand Prix,Red Bull Ring,ricciardo,Daniel Ricciardo,Renault,8,8,4.0,Finished,71,65.0
2020,2,Styrian Grand Prix,Red Bull Ring,sainz,Carlos Sainz,McLaren,3,9,3.0,+1 Lap,70,68.0
2020,2,Styrian Grand Prix,Red Bull Ring,kvyat,Daniil Kvyat,AlphaTauri,13,10,1.0,+1 Lap,70,60.0
2020,2,Styrian Grand Prix,Red Bull Ring,raikkonen,Kimi Räikkönen,Alfa Romeo,16,11,0.0,+1 Lap,70,57.0
2020,2,Styrian Grand Prix,Red Bull Ring,kevin_magnussen,Kevin Magnussen,Haas F1 Team,15,12,0.0,+1 Lap,70,69.0
2020,2,Styrian Grand Prix,Red Bull Ring,grosjean,Romain Grosjean,Haas F1 Team,0,13,0.0,+1 Lap,70,69.0
2020,2,Styrian Grand Prix,Red Bull Ring,giovinazzi,Antonio Giovinazzi,Alfa Romeo,19,14,0.0,+1 Lap,70,54.0
2020,2,Styrian Grand Prix,Red Bull Ring,gasly,Pierre Gasly,AlphaTauri,7,15,0.0,+1 Lap,70,69.0
2020,2,Styrian Grand Prix,Red Bull Ring,russell,George Russell,Williams,11,16,0.0,+2 Laps,69,36.0
2020,2,Styrian Grand Prix,Red Bull Ring,latifi,Nicholas Latifi,Williams,18,17,0.0,+2 Laps,69,68.0
2020,2,Styrian Grand Prix,Red Bull Ring,ocon,Esteban Ocon,Renault,5,18,0.0,Overheating,25,22.0
2020,2,Styrian Grand Prix,Red Bull Ring,leclerc,Charles Leclerc,Ferrari,14,19,0.0,Collision damage,4,3.0
2020,2,Styrian Grand Prix,Red Bull Ring,vettel,Sebastian Vettel,Ferrari,10,20,0.0,Collision damage,1,
2020,3,Hungarian Grand Prix,Hungaroring,hamilton,Lewis Hamilton,Mercedes,1,1,26.0,Finished,70,70.0
2020,3,Hungarian Grand Prix,Hungaroring,max_verstappen,Max Verstappen,Red Bull,7,2,18.0,Finished,70,60.0
2020,3,Hungarian Grand Prix,Hungaroring,bottas,Valtteri Bottas,Mercedes,2,3,15.0,Finished,70,66.0
2020,3,Hungarian Grand Prix,Hungaroring,stroll,Lance Stroll,Racing Point,3,4,12.0,Finished,70,68.0
2020,3,Hungarian Grand Prix,Hungaroring,albon,Alexander Albon,Red Bull,13,5,10.0,Finished,70,68.0
2020,3,Hungarian Grand Prix,Hungaroring,vettel,Sebastian Vettel,Ferrari,5,6,8.0,+1 Lap,69,49.0
2020,3,Hungarian Grand Prix,Hungaroring,perez,Sergio Pérez,Racing Point,4,7,6.0,+1 Lap,69,39.0
2020,3,Hungarian Grand Prix,Hungaroring,ricciardo,Daniel Ricciardo,Renault,11,8,4.0,+1 Lap,69,46.0
2020,3,Hungarian Grand Prix,Hungaroring,sainz,Carlos Sainz,McLaren,9,9,2.0,+1 Lap,69,68.0
2020,3,Hungarian Grand Prix,Hungaroring,kevin_magnussen,Kevin Magnussen,Haas F1 Team,0,10,1.0,+1 Lap,69,67.0
2020,3,Hungarian Grand Prix,Hungaroring,leclerc,Charles Leclerc,Ferrari,6,11,0.0,+1 Lap,69,64.0
2020,3,Hungarian Grand Prix,Hungaroring,kvyat,Daniil Kvyat,AlphaTauri,17,12,0.0,+1 Lap,69,51.0
2020,3,Hungarian Grand Prix,Hungaroring,norris,Lando Norris,McLaren,8,13,0.0,+1 Lap,69,42.0
2020,3,Hungarian Grand Prix,Hungaroring,ocon,Esteban Ocon,Renault,14,14,0.0,+1 Lap,69,40.0
2020,3,Hungarian Grand Prix,Hungaroring,raikkonen,Kimi Räikkönen,Alfa Romeo,20,15,0.0,+1 Lap,69,67.0
2020,3,Hungarian Grand Prix,Hungaroring,grosjean,Romain Grosjean,Haas F1 Team,0,16,0.0,+1 Lap,69,61.0
2020,3,Hungarian Grand Prix,Hungaroring,giovinazzi,Antonio Giovinazzi,Alfa Romeo,19,17,0.0,+1 Lap,69,44.0
2020,3,Hungarian Grand Prix,Hungaroring,russell,George Russell,Williams,12,18,0.0,+1 Lap,69,67.0
2020,3,Hungarian Grand Prix,Hungaroring,latifi,Nicholas Latifi,Williams,15,19,0.0,+5 Laps,65,64.0
2020,3,Hungarian Grand Prix,Hungaroring,gasly,Pierre Gasly,AlphaTauri,10,20,0.0,Engine,15,10.0
2020,4,British Grand Prix,Silverstone Circuit,hamilton,Lewis Hamilton,Mercedes,1,1,25.0,Finished,52,45.0
2020,4,British Grand Prix,Silverstone Circuit,max_verstappen,Max Verstappen,Red Bull,3,2,19.0,Finished,52,52.0
2020,4,British Grand Prix,Silverstone Circuit,leclerc,Charles Leclerc,Ferrari,4,3,15.0,Finished,52,49.0
2020,4,British Grand Prix,Silverstone Circuit,ricciardo,Daniel Ricciardo,Renault,8,4,12.0,Finished,52,49.0
2020,4,British Grand Prix,Silverstone Circuit,norris,Lando Norris,McLaren,5,5,10.0,Finished,52,41.0
2020,4,British Grand Prix,Silverstone Circuit,ocon,Esteban Ocon,Renault,9,6,8.0,Finished,52,50.0
2020,4,British Grand Prix,Silverstone Circuit,gasly,Pierre Gasly,AlphaTauri,11,7,6.0,Finished,52,52.0
2020,4,British Grand Prix,Silverstone Circuit,albon,Alexander Albon,Red Bull,12,8,4.0,Finished,52,52.0
2020,4,British Grand Prix,Silverstone Circuit,stroll,Lance Stroll,Racing Point,6,9,2.0,Finished,52,44.0
2020,4,British Grand Prix,Silverstone Circuit,vettel,Sebastian Vettel,Ferrari,10,10,1.0,Finished,52,44.0
2020,4,British Grand Prix,Silverstone Circuit,bottas,Valtteri Bottas,Mercedes,2,11,0.0,Finished,52,41.0
2020,4,British Grand Prix,Silverstone Circuit,russell,George Russell,Williams,20,12,0.0,Finished,52,41.0
2020,4,British Grand Prix,Silverstone Circuit,sainz,Carlos Sainz,McLaren,7,13,0.0,Finished,52,47.0
2020,4,British Grand Prix,Silverstone Circuit,giovinazzi,Antonio Giovinazzi,Alfa Romeo,15,14,0.0,Finished,52,49.0
2020,4,British Grand Prix,Silverstone Circuit,latifi,Nicholas Latifi,Williams,18,15,0.0,Finished,52,44.0
2020,4,British Grand Prix,Silverstone Circuit,grosjean,Romain Grosjean,Haas F1 Team,17,16,0.0,Finished,52,49.0
2020,4,British Grand Prix,Silverstone Circuit,raikkonen,Kimi Räikkönen,Alfa Romeo,16,17,0.0,+1 Lap,51,49.0
2020,4,British Grand Prix,Silverstone Circuit,kvyat,Daniil Kvyat,AlphaTauri,19,18,0.0,Accident,11,11.0
2020,4,British Grand Prix,Silverstone Circuit,kevin_magnussen,Kevin Magnussen,Haas F1 Team,14,19,0.0,Collision,1,
2020,4,British Grand Prix,Silverstone Circuit,hulkenberg,Nico Hülkenberg,Racing Point,13,20,0.0,Power Unit,0,
2020,5,70th Anniversary Grand Prix,Silverstone Circuit,max_verstappen,Max Verstappen,Red Bull,4,1,25.0,Finished,52,46.0
2020,5,70th Anniversary Grand Prix,Silverstone Circuit,hamilton,Lewis Hamilton,Mercedes,2,2,19.0,Finished,52,43.0
2020,5,70th Anniversary Grand Prix,Silverstone Circuit,bottas,Valtteri Bottas,Mercedes,1,3,15.0,Finished,52,44.0
2020,5,70th Anniversary Grand Prix,Silverstone Circuit,leclerc,Charles Leclerc,Ferrari,8,4,12.0,Finished,52,39.0
2020,5,70th Anniversary Grand Prix,Silverstone Circuit,albon,Alexander Albon,Red Bull,9,5,10.0,Finished,52,46.0
2020,5,70th Anniversary Grand Prix,Silverstone Circuit,stroll,Lance Stroll,Racing Point,6,6,8.0,Finished,52,45.0
2020,5,70th Anniversary Grand Prix,Silverstone Circuit,hulkenberg,Nico Hülkenberg,Racing Point,3,7,6.0,Finished,52,52.0
2020,5,70th Anniversary Grand Prix,Silverstone Circuit,ocon,Esteban Ocon,Renault,14,8,4.0,Finished,52,50.0
2020,5,70th Anniversary Grand Prix,Silverstone Circuit,norris,Lando Norris,McLaren,10,9,2.0,Finished,52,49.0
2020,5,70th Anniversary Grand Prix,Silverstone Circuit,kvyat,Daniil Kvyat,AlphaTauri,16,10,1.0,Finished,52,52.0
2020,5,70th Anniversary Grand Prix,Silverstone Circuit,gasly,Pierre Gasly,AlphaTauri,7,11,0.0,Finished,52,52.0
2020,5,70th Anniversary Grand Prix,Silverstone Circuit,vettel,Sebastian Vettel,Ferrari,11,12,0.0,Finished,52,49.0
2020,5,70th Anniversary Grand Prix,Silverstone Circuit,sainz,Carlos Sainz,McLaren,12,13,0.0,Finished,52,49.0
2020,5,70th Anniversary Grand Prix,Silverstone Circuit,ricciardo,Daniel Ricciardo,Renault,5,14,0.0,+1 Lap,51,39.0
2020,5,70th Anniversary Grand Prix,Silverstone Circuit,raikkonen,Kimi Räikkönen,Alfa Romeo,20,15,0.0,+1 Lap,51,30.0
2020,5,70th Anniversary Grand Prix,Silverstone Circuit,grosjean,Romain Grosjean,Haas F1 Team,13,16,0.0,+1 Lap,51,51.0
2020,5,70th Anniversary Grand Prix,Silverstone Circuit,giovinazzi,Antonio Giovinazzi,Alfa Romeo,19,17,0.0,+1 Lap,51,37.0
2020,5,70th Anniversary Grand Prix,Silverstone Circuit,russell,George Russell,Williams,15,18,0.0,+1 Lap,51,50.0
2020,5,70th Anniversary Grand Prix,Silverstone Circuit,latifi,Nicholas Latifi,Williams,18,19,0.0,+1 Lap,51,48.0
2020,5,70th Anniversary Grand Prix,Silverstone Circuit,kevin_magnussen,Kevin Magnussen,Haas F1 Team,17,20,0.0,Retired,43,39.0
2020,6,Spanish Grand Prix,Circuit de Barcelona-Catalunya,hamilton,Lewis Hamilton,Mercedes,1,1,25.0,Finished,66,63.0
2020,6,Spanish Grand Prix,Circuit de Barcelona-Catalunya,max_verstappen,Max Verstappen,Red Bull,3,2,18.0,Finished,66,53.0
2020,6,Spanish Grand Prix,Circuit de Barcelona-Catalunya,bottas,Valtteri Bottas,Mercedes,2,3,16.0,Finished,66,66.0
2020,6,Spanish Grand Prix,Circuit de Barcelona-Catalunya,stroll,Lance Stroll,Racing Point,5,4,12.0,+1 Lap,65,56.0
2020,6,Spanish Grand Prix,Circuit de Barcelona-Catalunya,perez,Sergio Pérez,Racing Point,4,5,10.0,+1 Lap,65,58.0
2020,6,Spanish Grand Prix,Circuit de Barcelona-Catalunya,sainz,Carlos Sainz,McLaren,7,6,8.0,+1 Lap,65,59.0
2020,6,Spanish Grand Prix,Circuit de Barcelona-Catalunya,vettel,Sebastian Vettel,Ferrari,11,7,6.0,+1 Lap,65,48.0
2020,6,Spanish Grand Prix,Circuit de Barcelona-Catalunya,albon,Alexander Albon,Red Bull,6,8,4.0,+1 Lap,65,41.0
2020,6,Spanish Grand Prix,Circuit de Barcelona-Catalunya,gasly,Pierre Gasly,AlphaTauri,10,9,2.0,+1 Lap,65,44.0
2020,6,Spanish Grand Prix,Circuit de Barcelona-Catalunya,norris,Lando Norris,McLaren,8,10,1.0,+1 Lap,65,56.0
2020,6,Spanish Grand Prix,Circuit de Barcelona-Catalunya,ricciardo,Daniel Ricciardo,Renault,13,11,0.0,+1 Lap,65,51.0
2020,6,Spanish Grand Prix,Circuit de Barcelona-Catalunya,kvyat,Daniil Kvyat,AlphaTauri,12,12,0.0,+1 Lap,65,47.0
2020,6,Spanish Grand Prix,Circuit de Barcelona-Catalunya,ocon,Esteban Ocon,Renault,15,13,0.0,+1 Lap,65,65.0
2020,6,Spanish Grand Prix,Circuit de Barcelona-Catalunya,raikkonen,Kimi Räikkönen,Alfa Romeo,14,14,0.0,+1 Lap,65,47.0
2020,6,Spanish Grand Prix,Circuit de Barcelona-Catalunya,kevin_magnussen,Kevin Magnussen,Haas F1 Team,16,15,0.0,+1 Lap,65,64.0
2020,6,Spanish Grand Prix,Circuit de Barcelona-Catalunya,giovinazzi,Antonio Giovinazzi,Alfa Romeo,20,16,0.0,+1 Lap,65,47.0
2020,6,Spanish Grand Prix,Circuit de Barcelona-Catalunya,russell,George Russell,Williams,18,17,0.0,+1 Lap,65,37.0
2020,6,Spanish Grand Prix,Circuit de Barcelona-Catalunya,latifi,Nicholas Latifi,Williams,19,18,0.0,+2 Laps,64,60.0
2020,6,Spanish Grand Prix,Circuit de Barcelona-Catalunya,grosjean,Romain Grosjean,Haas F1 Team,17,19,0.0,+2 Laps,64,64.0
2020,6,Spanish Grand Prix,Circuit de Barcelona-Catalunya,leclerc,Charles Leclerc,Ferrari,9,20,0.0,Electronics,38,35.0
2020,7,Belgian Grand Prix,Circuit de Spa-Francorchamps,hamilton,Lewis Hamilton,Mercedes,1,1,25.0,Finished,44,28.0
2020,7,Belgian Grand Prix,Circuit de Spa-Francorchamps,bottas,Valtteri Bottas,Mercedes,2,2,18.0,Finished,44,27.0
2020,7,Belgian Grand Prix,Circuit de Spa-Francorchamps,max_verstappen,Max Verstappen,Red Bull,3,3,15.0,Finished,44,27.0
2020,7,Belgian Grand Prix,Circuit de Spa-Francorchamps,ricciardo,Daniel Ricciardo,Renault,4,4,13.0,Finished,44,44.0
2020,7,Belgian Grand Prix,Circuit de Spa-Francorchamps,ocon,Esteban Ocon,Renault,6,5,10.0,Finished,44,44.0
2020,7,Belgian Grand Prix,Circuit de Spa-Francorchamps,albon,Alexander Albon,Red Bull,5,6,8.0,Finished,44,27.0
2020,7,Belgian Grand Prix,Circuit de Spa-Francorchamps,norris,Lando Norris,McLaren,10,7,6.0,Finished,44,39.0
2020,7,Belgian Grand Prix,Circuit de Spa-Francorchamps,gasly,Pierre Gasly,AlphaTauri,12,8,4.0,Finished,44,29.0
2020,7,Belgian Grand Prix,Circuit de Spa-Francorchamps,stroll,Lance Stroll,Racing Point,9,9,2.0,Finished,44,34.0
2020,7,Belgian Grand Prix,Circuit de Spa-Francorchamps,perez,Sergio Pérez,Racing Point,8,10,1.0,Finished,44,20.0
2020,7,Belgian Grand Prix,Circuit de Spa-Francorchamps,kvyat,Daniil Kvyat,AlphaTauri,11,11,0.0,Finished,44,28.0
2020,7,Belgian Grand Prix,Circuit de Spa-Francorchamps,raikkonen,Kimi Räikkönen,Alfa Romeo,16,12,0.0,Finished,44,28.0
2020,7,Belgian Grand Prix,Circuit de Spa-Francorchamps,vettel,Sebastian Vettel,Ferrari,14,13,0.0,Finished,44,31.0
2020,7,Belgian Grand Prix,Circuit de Spa-Francorchamps,leclerc,Charles Leclerc,Ferrari,13,14,0.0,Finished,44,26.0
2020,7,Belgian Grand Prix,Circuit de Spa-Francorchamps,grosjean,Romain Grosjean,Haas F1 Team,17,15,0.0,Finished,44,28.0
2020,7,Belgian Grand Prix,Circuit de Spa-Francorchamps,latifi,Nicholas Latifi,Williams,19,16,0.0,Finished,44,32.0
2020,7,Belgian Grand Prix,Circuit de Spa-Francorchamps,kevin_magnussen,Kevin Magnussen,Haas F1 Team,20,17,0.0,Finished,44,37.0
2020,7,Belgian Grand Prix,Circuit de Spa-Francorchamps,giovinazzi,Antonio Giovinazzi,Alfa Romeo,18,18,0.0,Accident,9,9.0
2020,7,Belgian Grand Prix,Circuit de Spa-Francorchamps,russell,George Russell,Williams,15,19,0.0,Debris,9,5.0
2020,7,Belgian Grand Prix,Circuit de Spa-Francorchamps,sainz,Carlos Sainz,McLaren,7,20,0.0,Exhaust,0,
2020,8,Italian Grand Prix,Autodromo Nazionale di Monza,gasly,Pierre Gasly,AlphaTauri,10,1,25.0,Finished,53,34.0
2020,8,Italian Grand Prix,Autodromo Nazionale di Monza,sainz,Carlos Sainz,McLaren,3,2,18.0,Finished,53,40.0
2020,8,Italian Grand Prix,Autodromo Nazionale di Monza,stroll,Lance Stroll,Racing Point,8,3,15.0,Finished,53,42.0
2020,8,Italian Grand Prix,Autodromo Nazionale di Monza,norris,Lando Norris,McLaren,6,4,12.0,Finished,53,50.0
2020,8,Italian Grand Prix,Autodromo Nazionale di Monza,bottas,Valtteri Bottas,Mercedes,2,5,10.0,Finished,53,51.0
2020,8,Italian Grand Prix,Autodromo Nazionale di Monza,ricciardo,Daniel Ricciardo,Renault,7,6,8.0,Finished,53,38.0
2020,8,Italian Grand Prix,Autodromo Nazionale di Monza,hamilton,Lewis Hamilton,Mercedes,1,7,7.0,Finished,53,34.0
2020,8,Italian Grand Prix,Autodromo Nazionale di Monza,ocon,Esteban Ocon,Renault,12,8,4.0,Finished,53,52.0
2020,8,Italian Grand Prix,Autodromo Nazionale di Monza,kvyat,Daniil Kvyat,AlphaTauri,11,9,2.0,Finished,53,44.0
2020,8,Italian Grand Prix,Autodromo Nazionale di Monza,perez,Sergio Pérez,Racing Point,4,10,1.0,Finished,53,50.0
2020,8,Italian Grand Prix,Autodromo Nazionale di Monza,latifi,Nicholas Latifi,Williams,20,11,0.0,Finished,53,39.0
2020,8,Italian Grand Prix,Autodromo Nazionale di Monza,grosjean,Romain Grosjean,Haas F1 Team,16,12,0.0,Finished,53,48.0
2020,8,Italian Grand Prix,Autodromo Nazionale di Monza,raikkonen,Kimi Räikkönen,Alfa Romeo,14,13,0.0,Finished,53,29.0
2020,8,Italian Grand Prix,Autodromo Nazionale di Monza,russell,George Russell,Williams,19,14,0.0,Finished,53,39.0
2020,8,Italian Grand Prix,Autodromo Nazionale di Monza,albon,Alexander Albon,Red Bull,9,15,0.0,Finished,53,48.0
2020,8,Italian Grand Prix,Autodromo Nazionale di Monza,giovinazzi,Antonio Giovinazzi,Alfa Romeo,18,16,0.0,Finished,53,43.0
2020,8,Italian Grand Prix,Autodromo Nazionale di Monza,max_verstappen,Max Verstappen,Red Bull,5,17,0.0,Power Unit,30,10.0
2020,8,Italian Grand Prix,Autodromo Nazionale di Monza,leclerc,Charles Leclerc,Ferrari,13,18,0.0,Accident,23,19.0
2020,8,Italian Grand Prix,Autodromo Nazionale di Monza,kevin_magnussen,Kevin Magnussen,Haas F1 Team,15,19,0.0,Power Unit,17,10.0
2020,8,Italian Grand Prix,Autodromo Nazionale di Monza,vettel,Sebastian Vettel,Ferrari,17,20,0.0,Brakes,6,4.0
2020,9,Tuscan Grand Prix,Autodromo Internazionale del Mugello,hamilton,Lewis Hamilton,Mercedes,1,1,26.0,Finished,59,58.0
2020,9,Tuscan Grand Prix,Autodromo Internazionale del Mugello,bottas,Valtteri Bottas,Mercedes,2,2,18.0,Finished,59,53.0
2020,9,Tuscan Grand Prix,Autodromo Internazionale del Mugello,albon,Alexander Albon,Red Bull,4,3,15.0,Finished,59,51.0
2020,9,Tuscan Grand Prix,Autodromo Internazionale del Mugello,ricciardo,Daniel Ricciardo,Renault,8,4,12.0,Finished,59,57.0
2020,9,Tuscan Grand Prix,Autodromo Internazionale del Mugello,perez,Sergio Pérez,Racing Point,7,5,10.0,Finished,59,59.0
2020,9,Tuscan Grand Prix,Autodromo Internazionale del Mugello,norris,Lando Norris,McLaren,11,6,8.0,Finished,59,59.0
2020,9,Tuscan Grand Prix,Autodromo Internazionale del Mugello,kvyat,Daniil Kvyat,AlphaTauri,12,7,6.0,Finished,59,51.0
2020,9,Tuscan Grand Prix,Autodromo Internazionale del Mugello,leclerc,Charles Leclerc,Ferrari,5,8,4.0,Finished,59,50.0
2020,9,Tuscan Grand Prix,Autodromo Internazionale del Mugello,raikkonen,Kimi Räikkönen,Alfa Romeo,13,9,2.0,Finished,59,59.0
2020,9,Tuscan Grand Prix,Autodromo Internazionale del Mugello,vettel,Sebastian Vettel,Ferrari,14,10,1.0,Finished,59,59.0
2020,9,Tuscan Grand Prix,Autodromo Internazionale del Mugello,russell,George Russell,Williams,18,11,0.0,Finished,59,58.0
2020,9,Tuscan Grand Prix,Autodromo Internazionale del Mugello,grosjean,Romain Grosjean,Haas F1 Team,15,12,0.0,Finished,59,59.0
2020,9,Tuscan Grand Prix,Autodromo Internazionale del Mugello,stroll,Lance Stroll,Racing Point,6,13,0.0,Puncture,42,42.0
2020,9,Tuscan Grand Prix,Autodromo Internazionale del Mugello,ocon,Esteban Ocon,Renault,10,14,0.0,Brakes,7,6.0
2020,9,Tuscan Grand Prix,Autodromo Internazionale del Mugello,latifi,Nicholas Latifi,Williams,19,15,0.0,Collision,6,6.0
2020,9,Tuscan Grand Prix,Autodromo Internazionale del Mugello,kevin_magnussen,Kevin Magnussen,Haas F1 Team,20,16,0.0,Collision,5,4.0
2020,9,Tuscan Grand Prix,Autodromo Internazionale del Mugello,giovinazzi,Antonio Giovinazzi,Alfa Romeo,17,17,0.0,Collision,5,4.0
2020,9,Tuscan Grand Prix,Autodromo Internazionale del Mugello,sainz,Carlos Sainz,McLaren,9,18,0.0,Collision,5,5.0
2020,9,Tuscan Grand Prix,Autodromo Internazionale del Mugello,max_verstappen,Max Verstappen,Red Bull,3,19,0.0,Collision,0,
2020,9,Tuscan Grand Prix,Autodromo Internazionale del Mugello,gasly,Pierre Gasly,AlphaTauri,16,20,0.0,Collision,0,
2020,10,Russian Grand Prix,Sochi Autodrom,bottas,Valtteri Bottas,Mercedes,3,1,26.0,Finished,53,51.0
2020,10,Russian Grand Prix,Sochi Autodrom,max_verstappen,Max Verstappen,Red Bull,2,2,18.0,Finished,53,53.0
2020,10,Russian Grand Prix,Sochi Autodrom,hamilton,Lewis Hamilton,Mercedes,1,3,15.0,Finished,53,48.0
2020,10,Russian Grand Prix,Sochi Autodrom,perez,Sergio Pérez,Racing Point,4,4,12.0,Finished,53,52.0
2020,10,Russian Grand Prix,Sochi Autodrom,ricciardo,Daniel Ricciardo,Renault,5,5,10.0,Finished,53,53.0
2020,10,Russian Grand Prix,Sochi Autodrom,leclerc,Charles Leclerc,Ferrari,10,6,8.0,Finished,53,47.0
2020,10,Russian Grand Prix,Sochi Autodrom,ocon,Esteban Ocon,Renault,7,7,6.0,Finished,53,48.0
2020,10,Russian Grand Prix,Sochi Autodrom,kvyat,Daniil Kvyat,AlphaTauri,11,8,4.0,Finished,53,48.0
2020,10,Russian Grand Prix,Sochi Autodrom,gasly,Pierre Gasly,AlphaTauri,9,9,2.0,Finished,53,50.0
2020,10,Russian Grand Prix,Sochi Autodrom,albon,Alexander Albon,Red Bull,15,10,1.0,Finished,53,51.0
2020,10,Russian Grand Prix,Sochi Autodrom,giovinazzi,Antonio Giovinazzi,Alfa Romeo,17,11,0.0,+1 Lap,52,44.0
2020,10,Russian Grand Prix,Sochi Autodrom,kevin_magnussen,Kevin Magnussen,Haas F1 Team,18,12,0.0,+1 Lap,52,52.0
2020,10,Russian Grand Prix,Sochi Autodrom,vettel,Sebastian Vettel,Ferrari,14,13,0.0,+1 Lap,52,46.0
2020,10,Russian Grand Prix,Sochi Autodrom,raikkonen,Kimi Räikkönen,Alfa Romeo,19,14,0.0,+1 Lap,52,37.0
2020,10,Russian Grand Prix,Sochi Autodrom,norris,Lando Norris,McLaren,8,15,0.0,+1 Lap,52,50.0
2020,10,Russian Grand Prix,Sochi Autodrom,latifi,Nicholas Latifi,Williams,20,16,0.0,+1 Lap,52,47.0
2020,10,Russian Grand Prix,Sochi Autodrom,grosjean,Romain Grosjean,Haas F1 Team,16,17,0.0,+1 Lap,52,44.0
2020,10,Russian Grand Prix,Sochi Autodrom,russell,George Russell,Williams,13,18,0.0,+1 Lap,52,52.0
2020,10,Russian Grand Prix,Sochi Autodrom,sainz,Carlos Sainz,McLaren,6,19,0.0,Accident,0,
2020,10,Russian Grand Prix,Sochi Autodrom,stroll,Lance Stroll,Racing Point,12,20,0.0,Collision,0,
2020,11,Eifel Grand Prix,Nürburgring,hamilton,Lewis Hamilton,Mercedes,2,1,25.0,Finished,60,58.0
2020,11,Eifel Grand Prix,Nürburgring,max_verstappen,Max Verstappen,Red Bull,3,2,19.0,Finished,60,60.0
2020,11,Eifel Grand Prix,Nürburgring,ricciardo,Daniel Ricciardo,Renault,6,3,15.0,Finished,60,53.0
2020,11,Eifel Grand Prix,Nürburgring,perez,Sergio Pérez,Racing Point,9,4,12.0,Finished,60,58.0
2020,11,Eifel Grand Prix,Nürburgring,sainz,Carlos Sainz,McLaren,10,5,10.0,Finished,60,53.0
2020,11,Eifel Grand Prix,Nürburgring,gasly,Pierre Gasly,AlphaTauri,12,6,8.0,Finished,60,53.0
2020,11,Eifel Grand Prix,Nürburgring,leclerc,Charles Leclerc,Ferrari,4,7,6.0,Finished,60,54.0
2020,11,Eifel Grand Prix,Nürburgring,hulkenberg,Nico Hülkenberg,Racing Point,20,8,4.0,Finished,60,58.0
2020,11,Eifel Grand Prix,Nürburgring,grosjean,Romain Grosjean,Haas F1 Team,16,9,2.0,Finished,60,54.0
2020,11,Eifel Grand Prix,Nürburgring,giovinazzi,Antonio Giovinazzi,Alfa Romeo,14,10,1.0,Finished,60,38.0
2020,11,Eifel Grand Prix,Nürburgring,vettel,Sebastian Vettel,Ferrari,11,11,0.0,Finished,60,43.0
2020,11,Eifel Grand Prix,Nürburgring,raikkonen,Kimi Räikkönen,Alfa Romeo,19,12,0.0,Finished,60,54.0
2020,11,Eifel Grand Prix,Nürburgring,kevin_magnussen,Kevin Magnussen,Haas F1 Team,15,13,0.0,Finished,60,37.0
2020,11,Eifel Grand Prix,Nürburgring,latifi,Nicholas Latifi,Williams,18,14,0.0,Finished,60,39.0
2020,11,Eifel Grand Prix,Nürburgring,kvyat,Daniil Kvyat,AlphaTauri,13,15,0.0,Finished,60,41.0
2020,11,Eifel Grand Prix,Nürburgring,norris,Lando Norris,McLaren,8,16,0.0,Power Unit,42,40.0
2020,11,Eifel Grand Prix,Nürburgring,albon,Alexander Albon,Red Bull,5,17,0.0,Radiator,23,9.0
2020,11,Eifel Grand Prix,Nürburgring,ocon,Esteban Ocon,Renault,7,18,0.0,Gearbox,22,21.0
2020,11,Eifel Grand Prix,Nürburgring,bottas,Valtteri Bottas,Mercedes,1,19,0.0,Power Unit,18,8.0
2020,11,Eifel Grand Prix,Nürburgring,russell,George Russell,Williams,17,20,0.0,Collision,12,6.0
2020,12,Portuguese Grand Prix,Autódromo Internacional do Algarve,hamilton,Lewis Hamilton,Mercedes,1,1,26.0,Finished,66,63.0
2020,12,Portuguese Grand Prix,Autódromo Internacional do Algarve,bottas,Valtteri Bottas,Mercedes,2,2,18.0,Finished,66,66.0
2020,12,Portuguese Grand Prix,Autódromo Internacional do Algarve,max_verstappen,Max Verstappen,Red Bull,3,3,15.0,Finished,66,62.0
2020,12,Portuguese Grand Prix,Autódromo Internacional do Algarve,leclerc,Charles Leclerc,Ferrari,4,4,12.0,Finished,66,66.0
2020,12,Portuguese Grand Prix,Autódromo Internacional do Algarve,gasly,Pierre Gasly,AlphaTauri,9,5,10.0,+1 Lap,65,65.0
2020,12,Portuguese Grand Prix,Autódromo Internacional do Algarve,sainz,Carlos Sainz,McLaren,7,6,8.0,+1 Lap,65,65.0
2020,12,Portuguese Grand Prix,Autódromo Internacional do Algarve,perez,Sergio Pérez,Racing Point,5,7,6.0,+1 Lap,65,49.0
2020,12,Portuguese Grand Prix,Autódromo Internacional do Algarve,ocon,Esteban Ocon,Renault,11,8,4.0,+1 Lap,65,61.0
2020,12,Portuguese Grand Prix,Autódromo Internacional do Algarve,ricciardo,Daniel Ricciardo,Renault,10,9,2.0,+1 Lap,65,61.0
2020,12,Portuguese Grand Prix,Autódromo Internacional do Algarve,vettel,Sebastian Vettel,Ferrari,15,10,1.0,+1 Lap,65,62.0
2020,12,Portuguese Grand Prix,Autódromo Internacional do Algarve,raikkonen,Kimi Räikkönen,Alfa Romeo,16,11,0.0,+1 Lap,65,60.0
2020,12,Portuguese Grand Prix,Autódromo Internacional do Algarve,albon,Alexander Albon,Red Bull,6,12,0.0,+1 Lap,65,61.0
2020,12,Portuguese Grand Prix,Autódromo Internacional do Algarve,norris,Lando Norris,McLaren,8,13,0.0,+1 Lap,65,65.0
2020,12,Portuguese Grand Prix,Autódromo Internacional do Algarve,russell,George Russell,Williams,14,14,0.0,+1 Lap,65,62.0
2020,12,Portuguese Grand Prix,Autódromo Internacional do Algarve,giovinazzi,Antonio Giovinazzi,Alfa Romeo,17,15,0.0,+1 Lap,65,46.0
2020,12,Portuguese Grand Prix,Autódromo Internacional do Algarve,kevin_magnussen,Kevin Magnussen,Haas F1 Team,19,16,0.0,+1 Lap,65,63.0
2020,12,Portuguese Grand Prix,Autódromo Internacional do Algarve,grosjean,Romain Grosjean,Haas F1 Team,18,17,0.0,+1 Lap,65,59.0
2020,12,Portuguese Grand Prix,Autódromo Internacional do Algarve,latifi,Nicholas Latifi,Williams,20,18,0.0,+2 Laps,64,53.0
2020,12,Portuguese Grand Prix,Autódromo Internacional do Algarve,kvyat,Daniil Kvyat,AlphaTauri,13,19,0.0,+2 Laps,64,59.0
2020,12,Portuguese Grand Prix,Autódromo Internacional do Algarve,stroll,Lance Stroll,Racing Point,12,20,0.0,Collision damage,51,45.0
2020,13,Emilia Romagna Grand Prix,Autodromo Enzo e Dino Ferrari,hamilton,Lewis Hamilton,Mercedes,2,1,26.0,Finished,63,63.0
2020,13,Emilia Romagna Grand Prix,Autodromo Enzo e Dino Ferrari,bottas,Valtteri Bottas,Mercedes,1,2,18.0,Finished,63,63.0
2020,13,Emilia Romagna Grand Prix,Autodromo Enzo e Dino Ferrari,ricciardo,Daniel Ricciardo,Renault,5,3,15.0,Finished,63,62.0
2020,13,Emilia Romagna Grand Prix,Autodromo Enzo e Dino Ferrari,kvyat,Daniil Kvyat,AlphaTauri,8,4,12.0,Finished,63,62.0
2020,13,Emilia Romagna Grand Prix,Autodromo Enzo e Dino Ferrari,leclerc,Charles Leclerc,Ferrari,7,5,10.0,Finished,63,62.0
2020,13,Emilia Romagna Grand Prix,Autodromo Enzo e Dino Ferrari,perez,Sergio Pérez,Racing Point,11,6,8.0,Finished,63,49.0
2020,13,Emilia Romagna Grand Prix,Autodromo Enzo e Dino Ferrari,sainz,Carlos Sainz,McLaren,10,7,6.0,Finished,63,62.0
2020,13,Emilia Romagna Grand Prix,Autodromo Enzo e Dino Ferrari,norris,Lando Norris,McLaren,9,8,4.0,Finished,63,63.0
2020,13,Emilia Romagna Grand Prix,Autodromo Enzo e Dino Ferrari,raikkonen,Kimi Räikkönen,Alfa Romeo,18,9,2.0,Finished,63,63.0
2020,13,Emilia Romagna Grand Prix,Autodromo Enzo e Dino Ferrari,giovinazzi,Antonio Giovinazzi,Alfa Romeo,20,10,1.0,Finished,63,61.0
2020,13,Emilia Romagna Grand Prix,Autodromo Enzo e Dino Ferrari,latifi,Nicholas Latifi,Williams,19,11,0.0,Finished,63,37.0
2020,13,Emilia Romagna Grand Prix,Autodromo Enzo e Dino Ferrari,vettel,Sebastian Vettel,Ferrari,14,12,0.0,Finished,63,44.0
2020,13,Emilia Romagna Grand Prix,Autodromo Enzo e Dino Ferrari,stroll,Lance Stroll,Racing Point,15,13,0.0,Finished,63,46.0
2020,13,Emilia Romagna Grand Prix,Autodromo Enzo e Dino Ferrari,grosjean,Romain Grosjean,Haas F1 Team,16,14,0.0,Finished,63,45.0
2020,13,Emilia Romagna Grand Prix,Autodromo Enzo e Dino Ferrari,albon,Alexander Albon,Red Bull,6,15,0.0,Finished,63,63.0
2020,13,Emilia Romagna Grand Prix,Autodromo Enzo e Dino Ferrari,russell,George Russell,Williams,13,16,0.0,Accident,51,43.0
2020,13,Emilia Romagna Grand Prix,Autodromo Enzo e Dino Ferrari,max_verstappen,Max Verstappen,Red Bull,3,17,0.0,Puncture,50,44.0
2020,13,Emilia Romagna Grand Prix,Autodromo Enzo e Dino Ferrari,kevin_magnussen,Kevin Magnussen,Haas F1 Team,17,18,0.0,Illness,47,45.0
2020,13,Emilia Romagna Grand Prix,Autodromo Enzo e Dino Ferrari,ocon,Esteban Ocon,Renault,12,19,0.0,Gearbox,27,22.0
2020,13,Emilia Romagna Grand Prix,Autodromo Enzo e Dino Ferrari,gasly,Pierre Gasly,AlphaTauri,4,20,0.0,Water pressure,8,5.0
2020,14,Turkish Grand Prix,Istanbul Park,hamilton,Lewis Hamilton,Mercedes,6,1,25.0,Finished,58,56.0
2020,14,Turkish Grand Prix,Istanbul Park,perez,Sergio Pérez,Racing Point,3,2,18.0,Finished,58,50.0
2020,14,Turkish Grand Prix,Istanbul Park,vettel,Sebastian Vettel,Ferrari,11,3,15.0,Finished,58,53.0
2020,14,Turkish Grand Prix,Istanbul Park,leclerc,Charles Leclerc,Ferrari,12,4,12.0,Finished,58,47.0
2020,14,Turkish Grand Prix,Istanbul Park,sainz,Carlos Sainz,McLaren,15,5,10.0,Finished,58,56.0
2020,14,Turkish Grand Prix,Istanbul Park,max_verstappen,Max Verstappen,Red Bull,2,6,8.0,Finished,58,53.0
2020,14,Turkish Grand Prix,Istanbul Park,albon,Alexander Albon,Red Bull,4,7,6.0,Finished,58,54.0
2020,14,Turkish Grand Prix,Istanbul Park,norris,Lando Norris,McLaren,14,8,5.0,Finished,58,58.0
2020,14,Turkish Grand Prix,Istanbul Park,stroll,Lance Stroll,Racing Point,1,9,2.0,Finished,58,55.0
2020,14,Turkish Grand Prix,Istanbul Park,ricciardo,Daniel Ricciardo,Renault,5,10,1.0,Finished,58,54.0
2020,14,Turkish Grand Prix,Istanbul Park,ocon,Esteban Ocon,Renault,7,11,0.0,+1 Lap,57,55.0
2020,14,Turkish Grand Prix,Istanbul Park,kvyat,Daniil Kvyat,AlphaTauri,16,12,0.0,+1 Lap,57,53.0
2020,14,Turkish Grand Prix,Istanbul Park,gasly,Pierre Gasly,AlphaTauri,19,13,0.0,+1 Lap,57,53.0
2020,14,Turkish Grand Prix,Istanbul Park,bottas,Valtteri Bottas,Mercedes,9,14,0.0,+1 Lap,57,57.0
2020,14,Turkish Grand Prix,Istanbul Park,raikkonen,Kimi Räikkönen,Alfa Romeo,8,15,0.0,+1 Lap,57,57.0
2020,14,Turkish Grand Prix,Istanbul Park,russell,George Russell,Williams,0,16,0.0,+1 Lap,57,51.0
2020,14,Turkish Grand Prix,Istanbul Park,kevin_magnussen,Kevin Magnussen,Haas F1 Team,13,17,0.0,Withdrew,55,45.0
2020,14,Turkish Grand Prix,Istanbul Park,grosjean,Romain Grosjean,Haas F1 Team,17,18,0.0,Collision damage,49,38.0
2020,14,Turkish Grand Prix,Istanbul Park,latifi,Nicholas Latifi,Williams,0,19,0.0,Collision damage,39,32.0
2020,14,Turkish Grand Prix,Istanbul Park,giovinazzi,Antonio Giovinazzi,Alfa Romeo,10,20,0.0,Gearbox,11,11.0
2020,15,Bahrain Grand Prix,Bahrain International Circuit,hamilton,Lewis Hamilton,Mercedes,1,1,25.0,Finished,57,38.0
2020,15,Bahrain Grand Prix,Bahrain International Circuit,max_verstappen,Max Verstappen,Red Bull,3,2,19.0,Finished,57,48.0
2020,15,Bahrain Grand Prix,Bahrain International Circuit,albon,Alexander Albon,Red Bull,4,3,15.0,Finished,57,41.0
2020,15,Bahrain Grand Prix,Bahrain International Circuit,norris,Lando Norris,McLaren,9,4,12.0,Finished,57,53.0
2020,15,Bahrain Grand Prix,Bahrain International Circuit,sainz,Carlos Sainz,McLaren,15,5,10.0,Finished,57,46.0
2020,15,Bahrain Grand Prix,Bahrain International Circuit,gasly,Pierre Gasly,AlphaTauri,8,6,8.0,Finished,57,48.0
2020,15,Bahrain Grand Prix,Bahrain International Circuit,ricciardo,Daniel Ricciardo,Renault,6,7,6.0,Finished,57,38.0
2020,15,Bahrain Grand Prix,Bahrain International Circuit,bottas,Valtteri Bottas,Mercedes,2,8,4.0,Finished,57,28.0
2020,15,Bahrain Grand Prix,Bahrain International Circuit,ocon,Esteban Ocon,Renault,7,9,2.0,Finished,57,37.0
2020,15,Bahrain Grand Prix,Bahrain International Circuit,leclerc,Charles Leclerc,Ferrari,12,10,1.0,+1 Lap,56,44.0
2020,15,Bahrain Grand Prix,Bahrain International Circuit,kvyat,Daniil Kvyat,AlphaTauri,10,11,0.0,+1 Lap,56,35.0
2020,15,Bahrain Grand Prix,Bahrain International Circuit,russell,George Russell,Williams,14,12,0.0,+1 Lap,56,47.0
2020,15,Bahrain Grand Prix,Bahrain International Circuit,vettel,Sebastian Vettel,Ferrari,11,13,0.0,+1 Lap,56,41.0
2020,15,Bahrain Grand Prix,Bahrain International Circuit,latifi,Nicholas Latifi,Williams,20,14,0.0,+1 Lap,56,39.0
2020,15,Bahrain Grand Prix,Bahrain International Circuit,raikkonen,Kimi Räikkönen,Alfa Romeo,17,15,0.0,+1 Lap,56,43.0
2020,15,Bahrain Grand Prix,Bahrain International Circuit,giovinazzi,Antonio Giovinazzi,Alfa Romeo,16,16,0.0,+1 Lap,56,22.0
2020,15,Bahrain Grand Prix,Bahrain International Circuit,kevin_magnussen,Kevin Magnussen,Haas F1 Team,18,17,0.0,+1 Lap,56,29.0
2020,15,Bahrain Grand Prix,Bahrain International Circuit,perez,Sergio Pérez,Racing Point,5,18,0.0,Engine,53,40.0
2020,15,Bahrain Grand Prix,Bahrain International Circuit,stroll,Lance Stroll,Racing Point,13,19,0.0,Collision,2,
2020,15,Bahrain Grand Prix,Bahrain International Circuit,grosjean,Romain Grosjean,Haas F1 Team,19,20,0.0,Collision,0,
2020,16,Sakhir Grand Prix,Bahrain International Circuit,perez,Sergio Pérez,Racing Point,5,1,25.0,Finished,87,69.0
2020,16,Sakhir Grand Prix,Bahrain International Circuit,ocon,Esteban Ocon,Renault,11,2,18.0,Finished,87,75.0
2020,16,Sakhir Grand Prix,Bahrain International Circuit,stroll,Lance Stroll,Racing Point,10,3,15.0,Finished,87,85.0
2020,16,Sakhir Grand Prix,Bahrain International Circuit,sainz,Carlos Sainz,McLaren,8,4,12.0,Finished,87,80.0
2020,16,Sakhir Grand Prix,Bahrain International Circuit,ricciardo,Daniel Ricciardo,Renault,7,5,10.0,Finished,87,57.0
2020,16,Sakhir Grand Prix,Bahrain International Circuit,albon,Alexander Albon,Red Bull,12,6,8.0,Finished,87,52.0
2020,16,Sakhir Grand Prix,Bahrain International Circuit,kvyat,Daniil Kvyat,AlphaTauri,6,7,6.0,Finished,87,80.0
2020,16,Sakhir Grand Prix,Bahrain International Circuit,bottas,Valtteri Bottas,Mercedes,1,8,4.0,Finished,87,60.0
2020,16,Sakhir Grand Prix,Bahrain International Circuit,russell,George Russell,Mercedes,2,9,3.0,Finished,87,80.0
2020,16,Sakhir Grand Prix,Bahrain International Circuit,norris,Lando Norris,McLaren,19,10,1.0,Finished,87,85.0
2020,16,Sakhir Grand Prix,Bahrain International Circuit,gasly,Pierre Gasly,AlphaTauri,9,11,0.0,Finished,87,53.0
2020,16,Sakhir Grand Prix,Bahrain International Circuit,vettel,Sebastian Vettel,Ferrari,13,12,0.0,Finished,87,56.0
2020,16,Sakhir Grand Prix,Bahrain International Circuit,giovinazzi,Antonio Giovinazzi,Alfa Romeo,14,13,0.0,Finished,87,56.0
2020,16,Sakhir Grand Prix,Bahrain International Circuit,raikkonen,Kimi Räikkönen,Alfa Romeo,18,14,0.0,Finished,87,56.0
2020,16,Sakhir Grand Prix,Bahrain International Circuit,kevin_magnussen,Kevin Magnussen,Haas F1 Team,15,15,0.0,Finished,87,57.0
2020,16,Sakhir Grand Prix,Bahrain International Circuit,aitken,Jack Aitken,Williams,17,16,0.0,Finished,87,56.0
2020,16,Sakhir Grand Prix,Bahrain International Circuit,pietro_fittipaldi,Pietro Fittipaldi,Haas F1 Team,20,17,0.0,Finished,87,56.0
2020,16,Sakhir Grand Prix,Bahrain International Circuit,latifi,Nicholas Latifi,Williams,16,18,0.0,Engine,52,29.0
2020,16,Sakhir Grand Prix,Bahrain International Circuit,max_verstappen,Max Verstappen,Red Bull,3,19,0.0,Accident,0,
2020,16,Sakhir Grand Prix,Bahrain International Circuit,leclerc,Charles Leclerc,Ferrari,4,20,0.0,Collision,0,
2020,17,Abu Dhabi Grand Prix,Yas Marina Circuit,max_verstappen,Max Verstappen,Red Bull,1,1,25.0,Finished,55,14.0
2020,17,Abu Dhabi Grand Prix,Yas Marina Circuit,bottas,Valtteri Bottas,Mercedes,2,2,18.0,Finished,55,40.0
2020,17,Abu Dhabi Grand Prix,Yas Marina Circuit,hamilton,Lewis Hamilton,Mercedes,3,3,15.0,Finished,55,37.0
2020,17,Abu Dhabi Grand Prix,Yas Marina Circuit,albon,Alexander Albon,Red Bull,5,4,12.0,Finished,55,42.0
2020,17,Abu Dhabi Grand Prix,Yas Marina Circuit,norris,Lando Norris,McLaren,4,5,10.0,Finished,55,53.0
2020,17,Abu Dhabi Grand Prix,Yas Marina Circuit,sainz,Carlos Sainz,McLaren,6,6,8.0,Finished,55,48.0
2020,17,Abu Dhabi Grand Prix,Yas Marina Circuit,ricciardo,Daniel Ricciardo,Renault,11,7,7.0,Finished,55,55.0
2020,17,Abu Dhabi Grand Prix,Yas Marina Circuit,gasly,Pierre Gasly,AlphaTauri,9,8,4.0,Finished,55,53.0
2020,17,Abu Dhabi Grand Prix,Yas Marina Circuit,ocon,Esteban Ocon,Renault,10,9,2.0,Finished,55,47.0
2020,17,Abu Dhabi Grand Prix,Yas Marina Circuit,stroll,Lance Stroll,Racing Point,8,10,1.0,Finished,55,41.0
2020,17,Abu Dhabi Grand Prix,Yas Marina Circuit,kvyat,Daniil Kvyat,AlphaTauri,7,11,0.0,+1 Lap,54,47.0
2020,17,Abu Dhabi Grand Prix,Yas Marina Circuit,raikkonen,Kimi Räikkönen,Alfa Romeo,15,12,0.0,+1 Lap,54,53.0
2020,17,Abu Dhabi Grand Prix,Yas Marina Circuit,leclerc,Charles Leclerc,Ferrari,12,13,0.0,+1 Lap,54,24.0
2020,17,Abu Dhabi Grand Prix,Yas Marina Circuit,vettel,Sebastian Vettel,Ferrari,13,14,0.0,+1 Lap,54,37.0
2020,17,Abu Dhabi Grand Prix,Yas Marina Circuit,russell,George Russell,Williams,16,15,0.0,+1 Lap,54,54.0
2020,17,Abu Dhabi Grand Prix,Yas Marina Circuit,giovinazzi,Antonio Giovinazzi,Alfa Romeo,14,16,0.0,+1 Lap,54,29.0
2020,17,Abu Dhabi Grand Prix,Yas Marina Circuit,latifi,Nicholas Latifi,Williams,18,17,0.0,+1 Lap,54,49.0
2020,17,Abu Dhabi Grand Prix,Yas Marina Circuit,kevin_magnussen,Kevin Magnussen,Haas F1 Team,20,18,0.0,+1 Lap,54,50.0
2020,17,Abu Dhabi Grand Prix,Yas Marina Circuit,pietro_fittipaldi,Pietro Fittipaldi,Haas F1 Team,17,19,0.0,+2 Laps,53,50.0
2020,17,Abu Dhabi Grand Prix,Yas Marina Circuit,perez,Sergio Pérez,Racing Point,19,20,0.0,Transmission,8,6.0
2021,1,Bahrain Grand Prix,Bahrain International Circuit,hamilton,Lewis Hamilton,Mercedes,2,1,25.0,Finished,56,44.0
2021,1,Bahrain Grand Prix,Bahrain International Circuit,max_verstappen,Max Verstappen,Red Bull,1,2,18.0,Finished,56,41.0
2021,1,Bahrain Grand Prix,Bahrain International Circuit,bottas,Valtteri Bottas,Mercedes,3,3,16.0,Finished,56,56.0
2021,1,Bahrain Grand Prix,Bahrain International Circuit,norris,Lando Norris,McLaren,7,4,12.0,Finished,56,38.0
2021,1,Bahrain Grand Prix,Bahrain International Circuit,perez,Sergio Pérez,Red Bull,0,5,10.0,Finished,56,44.0
2021,1,Bahrain Grand Prix,Bahrain International Circuit,leclerc,Charles Leclerc,Ferrari,4,6,8.0,Finished,56,39.0
2021,1,Bahrain Grand Prix,Bahrain International Circuit,ricciardo,Daniel Ricciardo,McLaren,6,7,6.0,Finished,56,36.0
2021,1,Bahrain Grand Prix,Bahrain International Circuit,sainz,Carlos Sainz,Ferrari,8,8,4.0,Finished,56,48.0
2021,1,Bahrain Grand Prix,Bahrain International Circuit,tsunoda,Yuki Tsunoda,AlphaTauri,13,9,2.0,Finished,56,38.0
2021,1,Bahrain Grand Prix,Bahrain International Circuit,stroll,Lance Stroll,Aston Martin,10,10,1.0,Finished,56,31.0
2021,1,Bahrain Grand Prix,Bahrain International Circuit,raikkonen,Kimi Räikkönen,Alfa Romeo,14,11,0.0,Finished,56,45.0
2021,1,Bahrain Grand Prix,Bahrain International Circuit,giovinazzi,Antonio Giovinazzi,Alfa Romeo,12,12,0.0,+1 Lap,55,32.0
2021,1,Bahrain Grand Prix,Bahrain International Circuit,ocon,Esteban Ocon,Alpine F1 Team,16,13,0.0,+1 Lap,55,33.0
2021,1,Bahrain Grand Prix,Bahrain International Circuit,russell,George Russell,Williams,15,14,0.0,+1 Lap,55,40.0
2021,1,Bahrain Grand Prix,Bahrain International Circuit,vettel,Sebastian Vettel,Aston Martin,20,15,0.0,+1 Lap,55,26.0
2021,1,Bahrain Grand Prix,Bahrain International Circuit,mick_schumacher,Mick Schumacher,Haas F1 Team,18,16,0.0,+1 Lap,55,38.0
2021,1,Bahrain Grand Prix,Bahrain International Circuit,gasly,Pierre Gasly,AlphaTauri,5,17,0.0,Retired,52,48.0
2021,1,Bahrain Grand Prix,Bahrain International Circuit,latifi,Nicholas Latifi,Williams,17,18,0.0,Retired,51,16.0
2021,1,Bahrain Grand Prix,Bahrain International Circuit,alonso,Fernando Alonso,Alpine F1 Team,9,19,0.0,Brakes,32,31.0
2021,1,Bahrain Grand Prix,Bahrain International Circuit,mazepin,Nikita Mazepin,Haas F1 Team,19,20,0.0,Accident,0,
2021,2,Emilia Romagna Grand Prix,Autodromo Enzo e Dino Ferrari,max_verstappen,Max Verstappen,Red Bull,3,1,25.0,Finished,63,60.0
2021,2,Emilia Romagna Grand Prix,Autodromo Enzo e Dino Ferrari,hamilton,Lewis Hamilton,Mercedes,1,2,19.0,Finished,63,60.0
2021,2,Emilia Romagna Grand Prix,Autodromo Enzo e Dino Ferrari,norris,Lando Norris,McLaren,7,3,15.0,Finished,63,63.0
2021,2,Emilia Romagna Grand Prix,Autodromo Enzo e Dino Ferrari,leclerc,Charles Leclerc,Ferrari,4,4,12.0,Finished,63,60.0
2021,2,Emilia Romagna Grand Prix,Autodromo Enzo e Dino Ferrari,sainz,Carlos Sainz,Ferrari,11,5,10.0,Finished,63,60.0
2021,2,Emilia Romagna Grand Prix,Autodromo Enzo e Dino Ferrari,ricciardo,Daniel Ricciardo,McLaren,6,6,8.0,Finished,63,54.0
2021,2,Emilia Romagna Grand Prix,Autodromo Enzo e Dino Ferrari,gasly,Pierre Gasly,AlphaTauri,5,7,6.0,Finished,63,52.0
2021,2,Emilia Romagna Grand Prix,Autodromo Enzo e Dino Ferrari,stroll,Lance Stroll,Aston Martin,10,8,4.0,Finished,63,59.0
2021,2,Emilia Romagna Grand Prix,Autodromo Enzo e Dino Ferrari,ocon,Esteban Ocon,Alpine F1 Team,9,9,2.0,Finished,63,62.0
2021,2,Emilia Romagna Grand Prix,Autodromo Enzo e Dino Ferrari,alonso,Fernando Alonso,Alpine F1 Team,15,10,1.0,Finished,63,62.0
2021,2,Emilia Romagna Grand Prix,Autodromo Enzo e Dino Ferrari,perez,Sergio Pérez,Red Bull,2,11,0.0,Finished,63,62.0
2021,2,Emilia Romagna Grand Prix,Autodromo Enzo e Dino Ferrari,tsunoda,Yuki Tsunoda,AlphaTauri,20,12,0.0,Finished,63,49.0
2021,2,Emilia Romagna Grand Prix,Autodromo Enzo e Dino Ferrari,raikkonen,Kimi Räikkönen,Alfa Romeo,16,13,0.0,Finished,63,62.0
2021,2,Emilia Romagna Grand Prix,Autodromo Enzo e Dino Ferrari,giovinazzi,Antonio Giovinazzi,Alfa Romeo,17,14,0.0,+1 Lap,62,57.0
2021,2,Emilia Romagna Grand Prix,Autodromo Enzo e Dino Ferrari,vettel,Sebastian Vettel,Aston Martin,0,15,0.0,Gearbox,61,59.0
2021,2,Emilia Romagna Grand Prix,Autodromo Enzo e Dino Ferrari,mick_schumacher,Mick Schumacher,Haas F1 Team,18,16,0.0,+2 Laps,61,58.0
2021,2,Emilia Romagna Grand Prix,Autodromo Enzo e Dino Ferrari,mazepin,Nikita Mazepin,Haas F1 Team,19,17,0.0,+2 Laps,61,55.0
2021,2,Emilia Romagna Grand Prix,Autodromo Enzo e Dino Ferrari,bottas,Valtteri Bottas,Mercedes,8,18,0.0,Collision,30,30.0
2021,2,Emilia Romagna Grand Prix,Autodromo Enzo e Dino Ferrari,russell,George Russell,Williams,12,19,0.0,Collision,30,28.0
2021,2,Emilia Romagna Grand Prix,Autodromo Enzo e Dino Ferrari,latifi,Nicholas Latifi,Williams,14,20,0.0,Collision,0,
2021,3,Portuguese Grand Prix,Autódromo Internacional do Algarve,hamilton,Lewis Hamilton,Mercedes,2,1,25.0,Finished,66,47.0
2021,3,Portuguese Grand Prix,Autódromo Internacional do Algarve,max_verstappen,Max Verstappen,Red Bull,3,2,18.0,Finished,66,62.0
2021,3,Portuguese Grand Prix,Autódromo Internacional do Algarve,bottas,Valtteri Bottas,Mercedes,1,3,16.0,Finished,66,65.0
2021,3,Portuguese Grand Prix,Autódromo Internacional do Algarve,perez,Sergio Pérez,Red Bull,4,4,12.0,Finished,66,55.0
2021,3,Portuguese Grand Prix,Autódromo Internacional do Algarve,norris,Lando Norris,McLaren,7,5,10.0,Finished,66,55.0
2021,3,Portuguese Grand Prix,Autódromo Internacional do Algarve,leclerc,Charles Leclerc,Ferrari,8,6,8.0,Finished,66,63.0
2021,3,Portuguese Grand Prix,Autódromo Internacional do Algarve,ocon,Esteban Ocon,Alpine F1 Team,6,7,6.0,Finished,66,34.0
2021,3,Portuguese Grand Prix,Autódromo Internacional do Algarve,alonso,Fernando Alonso,Alpine F1 Team,13,8,4.0,Finished,66,66.0
2021,3,Portuguese Grand Prix,Autódromo Internacional do Algarve,ricciardo,Daniel Ricciardo,McLaren,16,9,2.0,Finished,66,64.0
2021,3,Portuguese Grand Prix,Autódromo Internacional do Algarve,gasly,Pierre Gasly,AlphaTauri,9,10,1.0,Finished,66,65.0
2021,3,Portuguese Grand Prix,Autódromo Internacional do Algarve,sainz,Carlos Sainz,Ferrari,5,11,0.0,Finished,66,60.0
2021,3,Portuguese Grand Prix,Autódromo Internacional do Algarve,giovinazzi,Antonio Giovinazzi,Alfa Romeo,12,12,0.0,+1 Lap,65,60.0
2021,3,Portuguese Grand Prix,Autódromo Internacional do Algarve,vettel,Sebastian Vettel,Aston Martin,10,13,0.0,+1 Lap,65,60.0
2021,3,Portuguese Grand Prix,Autódromo Internacional do Algarve,stroll,Lance Stroll,Aston Martin,17,14,0.0,+1 Lap,65,59.0
2021,3,Portuguese Grand Prix,Autódromo Internacional do Algarve,tsunoda,Yuki Tsunoda,AlphaTauri,14,15,0.0,+1 Lap,65,61.0
2021,3,Portuguese Grand Prix,Autódromo Internacional do Algarve,russell,George Russell,Williams,11,16,0.0,+1 Lap,65,60.0
2021,3,Portuguese Grand Prix,Autódromo Internacional do Algarve,mick_schumacher,Mick Schumacher,Haas F1 Team,19,17,0.0,+2 Laps,64,61.0
2021,3,Portuguese Grand Prix,Autódromo Internacional do Algarve,latifi,Nicholas Latifi,Williams,18,18,0.0,+2 Laps,64,60.0
2021,3,Portuguese Grand Prix,Autódromo Internacional do Algarve,mazepin,Nikita Mazepin,Haas F1 Team,20,19,0.0,+2 Laps,64,64.0
2021,3,Portuguese Grand Prix,Autódromo Internacional do Algarve,raikkonen,Kimi Räikkönen,Alfa Romeo,15,20,0.0,Collision damage,1,
2021,4,Spanish Grand Prix,Circuit de Barcelona-Catalunya,hamilton,Lewis Hamilton,Mercedes,1,1,25.0,Finished,66,54.0
2021,4,Spanish Grand Prix,Circuit de Barcelona-Catalunya,max_verstappen,Max Verstappen,Red Bull,2,2,19.0,Finished,66,62.0
2021,4,Spanish Grand Prix,Circuit de Barcelona-Catalunya,bottas,Valtteri Bottas,Mercedes,3,3,15.0,Finished,66,65.0
2021,4,Spanish Grand Prix,Circuit de Barcelona-Catalunya,leclerc,Charles Leclerc,Ferrari,4,4,12.0,Finished,66,64.0
2021,4,Spanish Grand Prix,Circuit de Barcelona-Catalunya,perez,Sergio Pérez,Red Bull,8,5,10.0,Finished,66,60.0
2021,4,Spanish Grand Prix,Circuit de Barcelona-Catalunya,ricciardo,Daniel Ricciardo,McLaren,7,6,8.0,Finished,66,60.0
2021,4,Spanish Grand Prix,Circuit de Barcelona-Catalunya,sainz,Carlos Sainz,Ferrari,6,7,6.0,Finished,66,53.0
2021,4,Spanish Grand Prix,Circuit de Barcelona-Catalunya,norris,Lando Norris,McLaren,9,8,4.0,+1 Lap,65,56.0
2021,4,Spanish Grand Prix,Circuit de Barcelona-Catalunya,ocon,Esteban Ocon,Alpine F1 Team,5,9,2.0,+1 Lap,65,46.0
2021,4,Spanish Grand Prix,Circuit de Barcelona-Catalunya,gasly,Pierre Gasly,AlphaTauri,12,10,1.0,+1 Lap,65,64.0
2021,4,Spanish Grand Prix,Circuit de Barcelona-Catalunya,stroll,Lance Stroll,Aston Martin,11,11,0.0,+1 Lap,65,47.0
2021,4,Spanish Grand Prix,Circuit de Barcelona-Catalunya,raikkonen,Kimi Räikkönen,Alfa Romeo,17,12,0.0,+1 Lap,65,54.0
2021,4,Spanish Grand Prix,Circuit de Barcelona-Catalunya,vettel,Sebastian Vettel,Aston Martin,13,13,0.0,+1 Lap,65,56.0
2021,4,Spanish Grand Prix,Circuit de Barcelona-Catalunya,russell,George Russell,Williams,15,14,0.0,+1 Lap,65,30.0
2021,4,Spanish Grand Prix,Circuit de Barcelona-Catalunya,giovinazzi,Antonio Giovinazzi,Alfa Romeo,14,15,0.0,+1 Lap,65,42.0
2021,4,Spanish Grand Prix,Circuit de Barcelona-Catalunya,latifi,Nicholas Latifi,Williams,19,16,0.0,+1 Lap,65,57.0
2021,4,Spanish Grand Prix,Circuit de Barcelona-Catalunya,alonso,Fernando Alonso,Alpine F1 Team,10,17,0.0,+1 Lap,65,63.0
2021,4,Spanish Grand Prix,Circuit de Barcelona-Catalunya,mick_schumacher,Mick Schumacher,Haas F1 Team,18,18,0.0,+2 Laps,64,54.0
2021,4,Spanish Grand Prix,Circuit de Barcelona-Catalunya,mazepin,Nikita Mazepin,Haas F1 Team,20,19,0.0,+2 Laps,64,45.0
2021,4,Spanish Grand Prix,Circuit de Barcelona-Catalunya,tsunoda,Yuki Tsunoda,AlphaTauri,16,20,0.0,Electrical,6,5.0
2021,5,Monaco Grand Prix,Circuit de Monaco,max_verstappen,Max Verstappen,Red Bull,2,1,25.0,Finished,78,58.0
2021,5,Monaco Grand Prix,Circuit de Monaco,sainz,Carlos Sainz,Ferrari,4,2,18.0,Finished,78,35.0
2021,5,Monaco Grand Prix,Circuit de Monaco,norris,Lando Norris,McLaren,5,3,15.0,Finished,78,76.0
2021,5,Monaco Grand Prix,Circuit de Monaco,perez,Sergio Pérez,Red Bull,9,4,12.0,Finished,78,32.0
2021,5,Monaco Grand Prix,Circuit de Monaco,vettel,Sebastian Vettel,Aston Martin,8,5,10.0,Finished,78,33.0
2021,5,Monaco Grand Prix,Circuit de Monaco,gasly,Pierre Gasly,AlphaTauri,6,6,8.0,Finished,78,71.0
2021,5,Monaco Grand Prix,Circuit de Monaco,hamilton,Lewis Hamilton,Mercedes,7,7,7.0,Finished,78,69.0
2021,5,Monaco Grand Prix,Circuit de Monaco,stroll,Lance Stroll,Aston Martin,13,8,4.0,+1 Lap,77,74.0
2021,5,Monaco Grand Prix,Circuit de Monaco,ocon,Esteban Ocon,Alpine F1 Team,11,9,2.0,+1 Lap,77,41.0
2021,5,Monaco Grand Prix,Circuit de Monaco,giovinazzi,Antonio Giovinazzi,Alfa Romeo,10,10,1.0,+1 Lap,77,41.0
2021,5,Monaco Grand Prix,Circuit de Monaco,raikkonen,Kimi Räikkönen,Alfa Romeo,14,11,0.0,+1 Lap,77,55.0
2021,5,Monaco Grand Prix,Circuit de Monaco,ricciardo,Daniel Ricciardo,McLaren,12,12,0.0,+1 Lap,77,43.0
2021,5,Monaco Grand Prix,Circuit de Monaco,alonso,Fernando Alonso,Alpine F1 Team,17,13,0.0,+1 Lap,77,70.0
2021,5,Monaco Grand Prix,Circuit de Monaco,russell,George Russell,Williams,15,14,0.0,+1 Lap,77,59.0
2021,5,Monaco Grand Prix,Circuit de Monaco,latifi,Nicholas Latifi,Williams,18,15,0.0,+1 Lap,77,66.0
2021,5,Monaco Grand Prix,Circuit de Monaco,tsunoda,Yuki Tsunoda,AlphaTauri,16,16,0.0,+1 Lap,77,66.0
2021,5,Monaco Grand Prix,Circuit de Monaco,mazepin,Nikita Mazepin,Haas F1 Team,19,17,0.0,+3 Laps,75,64.0
2021,5,Monaco Grand Prix,Circuit de Monaco,mick_schumacher,Mick Schumacher,Haas F1 Team,20,18,0.0,+3 Laps,75,51.0
2021,5,Monaco Grand Prix,Circuit de Monaco,bottas,Valtteri Bottas,Mercedes,3,19,0.0,Wheel nut,29,18.0
2021,5,Monaco Grand Prix,Circuit de Monaco,leclerc,Charles Leclerc,Ferrari,1,20,0.0,Driveshaft,0,
2021,6,Azerbaijan Grand Prix,Baku City Circuit,perez,Sergio Pérez,Red Bull,6,1,25.0,Finished,51,45.0
2021,6,Azerbaijan Grand Prix,Baku City Circuit,vettel,Sebastian Vettel,Aston Martin,11,2,18.0,Finished,51,41.0
2021,6,Azerbaijan Grand Prix,Baku City Circuit,gasly,Pierre Gasly,AlphaTauri,4,3,15.0,Finished,51,44.0
2021,6,Azerbaijan Grand Prix,Baku City Circuit,leclerc,Charles Leclerc,Ferrari,1,4,12.0,Finished,51,46.0
2021,6,Azerbaijan Grand Prix,Baku City Circuit,norris,Lando Norris,McLaren,9,5,10.0,Finished,51,41.0
2021,6,Azerbaijan Grand Prix,Baku City Circuit,alonso,Fernando Alonso,Alpine F1 Team,8,6,8.0,Finished,51,42.0
2021,6,Azerbaijan Grand Prix,Baku City Circuit,tsunoda,Yuki Tsunoda,AlphaTauri,7,7,6.0,Finished,51,46.0
2021,6,Azerbaijan Grand Prix,Baku City Circuit,sainz,Carlos Sainz,Ferrari,5,8,4.0,Finished,51,42.0
2021,6,Azerbaijan Grand Prix,Baku City Circuit,ricciardo,Daniel Ricciardo,McLaren,13,9,2.0,Finished,51,43.0
2021,6,Azerbaijan Grand Prix,Baku City Circuit,raikkonen,Kimi Räikkönen,Alfa Romeo,14,10,1.0,Finished,51,43.0
2021,6,Azerbaijan Grand Prix,Baku City Circuit,giovinazzi,Antonio Giovinazzi,Alfa Romeo,20,11,0.0,Finished,51,44.0
2021,6,Azerbaijan Grand Prix,Baku City Circuit,bottas,Valtteri Bottas,Mercedes,10,12,0.0,Finished,51,43.0
2021,6,Azerbaijan Grand Prix,Baku City Circuit,mick_schumacher,Mick Schumacher,Haas F1 Team,17,13,0.0,Finished,51,41.0
2021,6,Azerbaijan Grand Prix,Baku City Circuit,mazepin,Nikita Mazepin,Haas F1 Team,18,14,0.0,Finished,51,40.0
2021,6,Azerbaijan Grand Prix,Baku City Circuit,hamilton,Lewis Hamilton,Mercedes,2,15,0.0,Finished,51,43.0
2021,6,Azerbaijan Grand Prix,Baku City Circuit,latifi,Nicholas Latifi,Williams,16,16,0.0,Finished,51,42.0
2021,6,Azerbaijan Grand Prix,Baku City Circuit,russell,George Russell,Williams,15,17,0.0,Gearbox,48,43.0
2021,6,Azerbaijan Grand Prix,Baku City Circuit,max_verstappen,Max Verstappen,Red Bull,3,18,0.0,Accident,45,44.0
2021,6,Azerbaijan Grand Prix,Baku City Circuit,stroll,Lance Stroll,Aston Martin,19,19,0.0,Accident,29,28.0
2021,6,Azerbaijan Grand Prix,Baku City Circuit,ocon,Esteban Ocon,Alpine F1 Team,12,20,0.0,Turbo,3,2.0
2021,7,French Grand Prix,Circuit Paul Ricard,max_verstappen,Max Verstappen,Red Bull,1,1,26.0,Finished,53,35.0
2021,7,French Grand Prix,Circuit Paul Ricard,hamilton,Lewis Hamilton,Mercedes,2,2,18.0,Finished,53,44.0
2021,7,French Grand Prix,Circuit Paul Ricard,perez,Sergio Pérez,Red Bull,4,3,15.0,Finished,53,53.0
2021,7,French Grand Prix,Circuit Paul Ricard,bottas,Valtteri Bottas,Mercedes,3,4,12.0,Finished,53,19.0
2021,7,French Grand Prix,Circuit Paul Ricard,norris,Lando Norris,McLaren,8,5,10.0,Finished,53,52.0
2021,7,French Grand Prix,Circuit Paul Ricard,ricciardo,Daniel Ricciardo,McLaren,10,6,8.0,Finished,53,45.0
2021,7,French Grand Prix,Circuit Paul Ricard,gasly,Pierre Gasly,AlphaTauri,6,7,6.0,Finished,53,44.0
2021,7,French Grand Prix,Circuit Paul Ricard,alonso,Fernando Alonso,Alpine F1 Team,9,8,4.0,Finished,53,44.0
2021,7,French Grand Prix,Circuit Paul Ricard,vettel,Sebastian Vettel,Aston Martin,12,9,2.0,Finished,53,52.0
2021,7,French Grand Prix,Circuit Paul Ricard,stroll,Lance Stroll,Aston Martin,19,10,1.0,Finished,53,44.0
2021,7,French Grand Prix,Circuit Paul Ricard,sainz,Carlos Sainz,Ferrari,5,11,0.0,Finished,53,19.0
2021,7,French Grand Prix,Circuit Paul Ricard,russell,George Russell,Williams,14,12,0.0,+1 Lap,52,52.0
2021,7,French Grand Prix,Circuit Paul Ricard,tsunoda,Yuki Tsunoda,AlphaTauri,0,13,0.0,+1 Lap,52,18.0
2021,7,French Grand Prix,Circuit Paul Ricard,ocon,Esteban Ocon,Alpine F1 Team,11,14,0.0,+1 Lap,52,33.0
2021,7,French Grand Prix,Circuit Paul Ricard,giovinazzi,Antonio Giovinazzi,Alfa Romeo,13,15,0.0,+1 Lap,52,36.0
2021,7,French Grand Prix,Circuit Paul Ricard,leclerc,Charles Leclerc,Ferrari,7,16,0.0,+1 Lap,52,43.0
2021,7,French Grand Prix,Circuit Paul Ricard,raikkonen,Kimi Räikkönen,Alfa Romeo,17,17,0.0,+1 Lap,52,46.0
2021,7,French Grand Prix,Circuit Paul Ricard,latifi,Nicholas Latifi,Williams,16,18,0.0,+1 Lap,52,50.0
2021,7,French Grand Prix,Circuit Paul Ricard,mick_schumacher,Mick Schumacher,Haas F1 Team,15,19,0.0,+1 Lap,52,51.0
2021,7,French Grand Prix,Circuit Paul Ricard,mazepin,Nikita Mazepin,Haas F1 Team,18,20,0.0,+1 Lap,52,34.0
2021,8,Styrian Grand Prix,Red Bull Ring,max_verstappen,Max Verstappen,Red Bull,1,1,25.0,Finished,71,68.0
2021,8,Styrian Grand Prix,Red Bull Ring,hamilton,Lewis Hamilton,Mercedes,2,2,19.0,Finished,71,71.0
2021,8,Styrian Grand Prix,Red Bull Ring,bottas,Valtteri Bottas,Mercedes,5,3,15.0,Finished,71,43.0
2021,8,Styrian Grand Prix,Red Bull Ring,perez,Sergio Pérez,Red Bull,4,4,12.0,Finished,71,57.0
2021,8,Styrian Grand Prix,Red Bull Ring,norris,Lando Norris,McLaren,3,5,10.0,+1 Lap,70,65.0
2021,8,Styrian Grand Prix,Red Bull Ring,sainz,Carlos Sainz,Ferrari,12,6,8.0,+1 Lap,70,64.0
2021,8,Styrian Grand Prix,Red Bull Ring,leclerc,Charles Leclerc,Ferrari,7,7,6.0,+1 Lap,70,64.0
2021,8,Styrian Grand Prix,Red Bull Ring,stroll,Lance Stroll,Aston Martin,9,8,4.0,+1 Lap,70,32.0
2021,8,Styrian Grand Prix,Red Bull Ring,alonso,Fernando Alonso,Alpine F1 Team,8,9,2.0,+1 Lap,70,61.0
2021,8,Styrian Grand Prix,Red Bull Ring,tsunoda,Yuki Tsunoda,AlphaTauri,11,10,1.0,+1 Lap,70,41.0
2021,8,Styrian Grand Prix,Red Bull Ring,raikkonen,Kimi Räikkönen,Alfa Romeo,18,11,0.0,+1 Lap,70,57.0
2021,8,Styrian Grand Prix,Red Bull Ring,vettel,Sebastian Vettel,Aston Martin,14,12,0.0,+1 Lap,70,64.0
2021,8,Styrian Grand Prix,Red Bull Ring,ricciardo,Daniel Ricciardo,McLaren,13,13,0.0,+1 Lap,70,45.0
2021,8,Styrian Grand Prix,Red Bull Ring,ocon,Esteban Ocon,Alpine F1 Team,17,14,0.0,+1 Lap,70,70.0
2021,8,Styrian Grand Prix,Red Bull Ring,giovinazzi,Antonio Giovinazzi,Alfa Romeo,15,15,0.0,+1 Lap,70,39.0
2021,8,Styrian Grand Prix,Red Bull Ring,mick_schumacher,Mick Schumacher,Haas F1 Team,19,16,0.0,+2 Laps,69,57.0
2021,8,Styrian Grand Prix,Red Bull Ring,latifi,Nicholas Latifi,Williams,16,17,0.0,+3 Laps,68,34.0
2021,8,Styrian Grand Prix,Red Bull Ring,mazepin,Nikita Mazepin,Haas F1 Team,20,18,0.0,+3 Laps,68,39.0
2021,8,Styrian Grand Prix,Red Bull Ring,russell,George Russell,Williams,10,19,0.0,Engine,36,28.0
2021,8,Styrian Grand Prix,Red Bull Ring,gasly,Pierre Gasly,AlphaTauri,6,20,0.0,Collision,1,
2021,9,Austrian Grand Prix,Red Bull Ring,max_verstappen,Max Verstappen,Red Bull,1,1,26.0,Finished,71,62.0
2021,9,Austrian Grand Prix,Red Bull Ring,bottas,Valtteri Bottas,Mercedes,5,2,18.0,Finished,71,52.0
2021,9,Austrian Grand Prix,Red Bull Ring,norris,Lando Norris,McLaren,2,3,15.0,Finished,71,62.0
2021,9,Austrian Grand Prix,Red Bull Ring,hamilton,Lewis Hamilton,Mercedes,4,4,12.0,Finished,71,55.0
2021,9,Austrian Grand Prix,Red Bull Ring,sainz,Carlos Sainz,Ferrari,10,5,10.0,Finished,71,70.0
2021,9,Austrian Grand Prix,Red Bull Ring,perez,Sergio Pérez,Red Bull,3,6,8.0,Finished,71,55.0
2021,9,Austrian Grand Prix,Red Bull Ring,ricciardo,Daniel Ricciardo,McLaren,13,7,6.0,Finished,71,56.0
2021,9,Austrian Grand Prix,Red Bull Ring,leclerc,Charles Leclerc,Ferrari,12,8,4.0,Finished,71,55.0
2021,9,Austrian Grand Prix,Red Bull Ring,gasly,Pierre Gasly,AlphaTauri,6,9,2.0,Finished,71,54.0
2021,9,Austrian Grand Prix,Red Bull Ring,alonso,Fernando Alonso,Alpine F1 Team,14,10,1.0,+1 Lap,70,70.0
2021,9,Austrian Grand Prix,Red Bull Ring,russell,George Russell,Williams,8,11,0.0,+1 Lap,70,56.0
2021,9,Austrian Grand Prix,Red Bull Ring,tsunoda,Yuki Tsunoda,AlphaTauri,7,12,0.0,+1 Lap,70,54.0
2021,9,Austrian Grand Prix,Red Bull Ring,stroll,Lance Stroll,Aston Martin,9,13,0.0,+1 Lap,70,54.0
2021,9,Austrian Grand Prix,Red Bull Ring,giovinazzi,Antonio Giovinazzi,Alfa Romeo,15,14,0.0,+1 Lap,70,55.0
2021,9,Austrian Grand Prix,Red Bull Ring,raikkonen,Kimi Räikkönen,Alfa Romeo,16,15,0.0,+1 Lap,70,69.0
2021,9,Austrian Grand Prix,Red Bull Ring,latifi,Nicholas Latifi,Williams,18,16,0.0,+1 Lap,70,62.0
2021,9,Austrian Grand Prix,Red Bull Ring,vettel,Sebastian Vettel,Aston Martin,11,17,0.0,Collision,69,51.0
2021,9,Austrian Grand Prix,Red Bull Ring,mick_schumacher,Mick Schumacher,Haas F1 Team,19,18,0.0,+2 Laps,69,56.0
2021,9,Austrian Grand Prix,Red Bull Ring,mazepin,Nikita Mazepin,Haas F1 Team,20,19,0.0,+2 Laps,69,49.0
2021,9,Austrian Grand Prix,Red Bull Ring,ocon,Esteban Ocon,Alpine F1 Team,17,20,0.0,Collision,0,
2021,10,British Grand Prix,Silverstone Circuit,hamilton,Lewis Hamilton,Mercedes,2,1,25.0,Finished,52,45.0
2021,10,British Grand Prix,Silverstone Circuit,leclerc,Charles Leclerc,Ferrari,4,2,18.0,Finished,52,45.0
2021,10,British Grand Prix,Silverstone Circuit,bottas,Valtteri Bottas,Mercedes,3,3,15.0,Finished,52,45.0
2021,10,British Grand Prix,Silverstone Circuit,norris,Lando Norris,McLaren,5,4,12.0,Finished,52,44.0
2021,10,British Grand Prix,Silverstone Circuit,ricciardo,Daniel Ricciardo,McLaren,6,5,10.0,Finished,52,51.0
2021,10,British Grand Prix,Silverstone Circuit,sainz,Carlos Sainz,Ferrari,10,6,8.0,Finished,52,51.0
2021,10,British Grand Prix,Silverstone Circuit,alonso,Fernando Alonso,Alpine F1 Team,7,7,6.0,Finished,52,48.0
2021,10,British Grand Prix,Silverstone Circuit,stroll,Lance Stroll,Aston Martin,14,8,4.0,Finished,52,48.0
2021,10,British Grand Prix,Silverstone Circuit,ocon,Esteban Ocon,Alpine F1 Team,9,9,2.0,Finished,52,48.0
2021,10,British Grand Prix,Silverstone Circuit,tsunoda,Yuki Tsunoda,AlphaTauri,16,10,1.0,Finished,52,51.0
2021,10,British Grand Prix,Silverstone Circuit,gasly,Pierre Gasly,AlphaTauri,11,11,0.0,Finished,52,52.0
2021,10,British Grand Prix,Silverstone Circuit,russell,George Russell,Williams,12,12,0.0,+1 Lap,51,49.0
2021,10,British Grand Prix,Silverstone Circuit,giovinazzi,Antonio Giovinazzi,Alfa Romeo,15,13,0.0,+1 Lap,51,49.0
2021,10,British Grand Prix,Silverstone Circuit,latifi,Nicholas Latifi,Williams,17,14,0.0,+1 Lap,51,51.0
2021,10,British Grand Prix,Silverstone Circuit,raikkonen,Kimi Räikkönen,Alfa Romeo,13,15,0.0,+1 Lap,51,48.0
2021,10,British Grand Prix,Silverstone Circuit,perez,Sergio Pérez,Red Bull,0,16,0.0,+1 Lap,51,50.0
2021,10,British Grand Prix,Silverstone Circuit,mazepin,Nikita Mazepin,Haas F1 Team,19,17,0.0,+1 Lap,51,51.0
2021,10,British Grand Prix,Silverstone Circuit,mick_schumacher,Mick Schumacher,Haas F1 Team,18,18,0.0,+1 Lap,51,50.0
2021,10,British Grand Prix,Silverstone Circuit,vettel,Sebastian Vettel,Aston Martin,8,19,0.0,Retired,40,35.0
2021,10,British Grand Prix,Silverstone Circuit,max_verstappen,Max Verstappen,Red Bull,1,20,0.0,Collision,0,
2021,11,Hungarian Grand Prix,Hungaroring,ocon,Esteban Ocon,Alpine F1 Team,8,1,25.0,Finished,70,54.0
2021,11,Hungarian Grand Prix,Hungaroring,hamilton,Lewis Hamilton,Mercedes,1,2,18.0,Finished,70,49.0
2021,11,Hungarian Grand Prix,Hungaroring,sainz,Carlos Sainz,Ferrari,15,3,15.0,Finished,70,54.0
2021,11,Hungarian Grand Prix,Hungaroring,alonso,Fernando Alonso,Alpine F1 Team,9,4,12.0,Finished,70,41.0
2021,11,Hungarian Grand Prix,Hungaroring,gasly,Pierre Gasly,AlphaTauri,5,5,11.0,Finished,70,70.0
2021,11,Hungarian Grand Prix,Hungaroring,tsunoda,Yuki Tsunoda,AlphaTauri,16,6,8.0,Finished,70,43.0
2021,11,Hungarian Grand Prix,Hungaroring,latifi,Nicholas Latifi,Williams,18,7,6.0,Finished,70,62.0
2021,11,Hungarian Grand Prix,Hungaroring,russell,George Russell,Williams,17,8,4.0,Finished,70,62.0
2021,11,Hungarian Grand Prix,Hungaroring,max_verstappen,Max Verstappen,Red Bull,3,9,2.0,Finished,70,43.0
2021,11,Hungarian Grand Prix,Hungaroring,raikkonen,Kimi Räikkönen,Alfa Romeo,13,10,1.0,+1 Lap,69,58.0
2021,11,Hungarian Grand Prix,Hungaroring,ricciardo,Daniel Ricciardo,McLaren,11,11,0.0,+1 Lap,69,58.0
2021,11,Hungarian Grand Prix,Hungaroring,mick_schumacher,Mick Schumacher,Haas F1 Team,20,12,0.0,+1 Lap,69,44.0
2021,11,Hungarian Grand Prix,Hungaroring,giovinazzi,Antonio Giovinazzi,Alfa Romeo,0,13,0.0,+1 Lap,69,44.0
2021,11,Hungarian Grand Prix,Hungaroring,mazepin,Nikita Mazepin,Haas F1 Team,19,14,0.0,Collision,3,
2021,11,Hungarian Grand Prix,Hungaroring,norris,Lando Norris,McLaren,6,15,0.0,Collision,2,
2021,11,Hungarian Grand Prix,Hungaroring,bottas,Valtteri Bottas,Mercedes,2,16,0.0,Collision,0,
2021,11,Hungarian Grand Prix,Hungaroring,perez,Sergio Pérez,Red Bull,4,17,0.0,Collision,0,
2021,11,Hungarian Grand Prix,Hungaroring,leclerc,Charles Leclerc,Ferrari,7,18,0.0,Collision,0,
2021,11,Hungarian Grand Prix,Hungaroring,stroll,Lance Stroll,Aston Martin,12,19,0.0,Collision,0,
2021,11,Hungarian Grand Prix,Hungaroring,vettel,Sebastian Vettel,Aston Martin,10,20,0.0,Disqualified,70,60.0
2021,12,Belgian Grand Prix,Circuit de Spa-Francorchamps,max_verstappen,Max Verstappen,Red Bull,1,1,12.5,Finished,1,
2021,12,Belgian Grand Prix,Circuit de Spa-Francorchamps,russell,George Russell,Williams,2,2,9.0,Finished,1,
2021,12,Belgian Grand Prix,Circuit de Spa-Francorchamps,hamilton,Lewis Hamilton,Mercedes,3,3,7.5,Finished,1,
2021,12,Belgian Grand Prix,Circuit de Spa-Francorchamps,ricciardo,Daniel Ricciardo,McLaren,4,4,6.0,Finished,1,
2021,12,Belgian Grand Prix,Circuit de Spa-Francorchamps,vettel,Sebastian Vettel,Aston Martin,5,5,5.0,Finished,1,
2021,12,Belgian Grand Prix,Circuit de Spa-Francorchamps,gasly,Pierre Gasly,AlphaTauri,6,6,4.0,Finished,1,
2021,12,Belgian Grand Prix,Circuit de Spa-Francorchamps,ocon,Esteban Ocon,Alpine F1 Team,8,7,3.0,Finished,1,
2021,12,Belgian Grand Prix,Circuit de Spa-Francorchamps,leclerc,Charles Leclerc,Ferrari,9,8,2.0,Finished,1,
2021,12,Belgian Grand Prix,Circuit de Spa-Francorchamps,latifi,Nicholas Latifi,Williams,10,9,1.0,Finished,1,
2021,12,Belgian Grand Prix,Circuit de Spa-Francorchamps,sainz,Carlos Sainz,Ferrari,11,10,0.5,Finished,1,
2021,12,Belgian Grand Prix,Circuit de Spa-Francorchamps,alonso,Fernando Alonso,Alpine F1 Team,12,11,0.0,Finished,1,
2021,12,Belgian Grand Prix,Circuit de Spa-Francorchamps,bottas,Valtteri Bottas,Mercedes,13,12,0.0,Finished,1,
2021,12,Belgian Grand Prix,Circuit de Spa-Francorchamps,giovinazzi,Antonio Giovinazzi,Alfa Romeo,14,13,0.0,Finished,1,
2021,12,Belgian Grand Prix,Circuit de Spa-Francorchamps,norris,Lando Norris,McLaren,15,14,0.0,Finished,1,
2021,12,Belgian Grand Prix,Circuit de Spa-Francorchamps,tsunoda,Yuki Tsunoda,AlphaTauri,16,15,0.0,Finished,1,
2021,12,Belgian Grand Prix,Circuit de Spa-Francorchamps,mick_schumacher,Mick Schumacher,Haas F1 Team,17,16,0.0,Finished,1,
2021,12,Belgian Grand Prix,Circuit de Spa-Francorchamps,mazepin,Nikita Mazepin,Haas F1 Team,18,17,0.0,Finished,1,
2021,12,Belgian Grand Prix,Circuit de Spa-Francorchamps,raikkonen,Kimi Räikkönen,Alfa Romeo,0,18,0.0,Finished,1,
2021,12,Belgian Grand Prix,Circuit de Spa-Francorchamps,perez,Sergio Pérez,Red Bull,0,19,0.0,Finished,1,
2021,12,Belgian Grand Prix,Circuit de Spa-Francorchamps,stroll,Lance Stroll,Aston Martin,19,20,0.0,Finished,1,
2021,13,Dutch Grand Prix,Circuit Park Zandvoort,max_verstappen,Max Verstappen,Red Bull,1,1,25.0,Finished,72,60.0
2021,13,Dutch Grand Prix,Circuit Park Zandvoort,hamilton,Lewis Hamilton,Mercedes,2,2,19.0,Finished,72,72.0
2021,13,Dutch Grand Prix,Circuit Park Zandvoort,bottas,Valtteri Bottas,Mercedes,3,3,15.0,Finished,72,69.0
2021,13,Dutch Grand Prix,Circuit Park Zandvoort,gasly,Pierre Gasly,AlphaTauri,4,4,12.0,+1 Lap,71,57.0
2021,13,Dutch Grand Prix,Circuit Park Zandvoort,leclerc,Charles Leclerc,Ferrari,5,5,10.0,+1 Lap,71,58.0
2021,13,Dutch Grand Prix,Circuit Park Zandvoort,alonso,Fernando Alonso,Alpine F1 Team,9,6,8.0,+1 Lap,71,60.0
2021,13,Dutch Grand Prix,Circuit Park Zandvoort,sainz,Carlos Sainz,Ferrari,6,7,6.0,+1 Lap,71,45.0
2021,13,Dutch Grand Prix,Circuit Park Zandvoort,perez,Sergio Pérez,Red Bull,0,8,4.0,+1 Lap,71,59.0
2021,13,Dutch Grand Prix,Circuit Park Zandvoort,ocon,Esteban Ocon,Alpine F1 Team,8,9,2.0,+1 Lap,71,54.0
2021,13,Dutch Grand Prix,Circuit Park Zandvoort,norris,Lando Norris,McLaren,13,10,1.0,+1 Lap,71,48.0
2021,13,Dutch Grand Prix,Circuit Park Zandvoort,ricciardo,Daniel Ricciardo,McLaren,10,11,0.0,+1 Lap,71,59.0
2021,13,Dutch Grand Prix,Circuit Park Zandvoort,stroll,Lance Stroll,Aston Martin,12,12,0.0,+2 Laps,70,57.0
2021,13,Dutch Grand Prix,Circuit Park Zandvoort,vettel,Sebastian Vettel,Aston Martin,15,13,0.0,+2 Laps,70,63.0
2021,13,Dutch Grand Prix,Circuit Park Zandvoort,giovinazzi,Antonio Giovinazzi,Alfa Romeo,7,14,0.0,+2 Laps,70,66.0
2021,13,Dutch Grand Prix,Circuit Park Zandvoort,kubica,Robert Kubica,Alfa Romeo,16,15,0.0,+2 Laps,70,44.0
2021,13,Dutch Grand Prix,Circuit Park Zandvoort,latifi,Nicholas Latifi,Williams,0,16,0.0,+2 Laps,70,25.0
2021,13,Dutch Grand Prix,Circuit Park Zandvoort,russell,George Russell,Williams,11,17,0.0,Gearbox,69,57.0
2021,13,Dutch Grand Prix,Circuit Park Zandvoort,mick_schumacher,Mick Schumacher,Haas F1 Team,17,18,0.0,+3 Laps,69,36.0
2021,13,Dutch Grand Prix,Circuit Park Zandvoort,tsunoda,Yuki Tsunoda,AlphaTauri,14,19,0.0,Power Unit,48,44.0
2021,13,Dutch Grand Prix,Circuit Park Zandvoort,mazepin,Nikita Mazepin,Haas F1 Team,18,20,0.0,Hydraulics,41,35.0
2021,14,Italian Grand Prix,Autodromo Nazionale di Monza,ricciardo,Daniel Ricciardo,McLaren,2,1,26.0,Finished,53,53.0
2021,14,Italian Grand Prix,Autodromo Nazionale di Monza,norris,Lando Norris,McLaren,3,2,18.0,Finished,53,53.0
2021,14,Italian Grand Prix,Autodromo Nazionale di Monza,bottas,Valtteri Bottas,Mercedes,19,3,15.0,Finished,53,34.0
2021,14,Italian Grand Prix,Autodromo Nazionale di Monza,leclerc,Charles Leclerc,Ferrari,5,4,12.0,Finished,53,53.0
2021,14,Italian Grand Prix,Autodromo Nazionale di Monza,perez,Sergio Pérez,Red Bull,8,5,10.0,Finished,53,53.0
2021,14,Italian Grand Prix,Autodromo Nazionale di Monza,sainz,Carlos Sainz,Ferrari,6,6,8.0,Finished,53,53.0
2021,14,Italian Grand Prix,Autodromo Nazionale di Monza,stroll,Lance Stroll,Aston Martin,9,7,6.0,Finished,53,52.0
2021,14,Italian Grand Prix,Autodromo Nazionale di Monza,alonso,Fernando Alonso,Alpine F1 Team,10,8,4.0,Finished,53,52.0
2021,14,Italian Grand Prix,Autodromo Nazionale di Monza,russell,George Russell,Williams,14,9,2.0,Finished,53,53.0
2021,14,Italian Grand Prix,Autodromo Nazionale di Monza,ocon,Esteban Ocon,Alpine F1 Team,12,10,1.0,Finished,53,53.0
2021,14,Italian Grand Prix,Autodromo Nazionale di Monza,latifi,Nicholas Latifi,Williams,13,11,0.0,Finished,53,50.0
2021,14,Italian Grand Prix,Autodromo Nazionale di Monza,vettel,Sebastian Vettel,Aston Martin,11,12,0.0,Finished,53,50.0
2021,14,Italian Grand Prix,Autodromo Nazionale di Monza,giovinazzi,Antonio Giovinazzi,Alfa Romeo,7,13,0.0,Finished,53,50.0
2021,14,Italian Grand Prix,Autodromo Nazionale di Monza,kubica,Robert Kubica,Alfa Romeo,17,14,0.0,Finished,53,53.0
2021,14,Italian Grand Prix,Autodromo Nazionale di Monza,mick_schumacher,Mick Schumacher,Haas F1 Team,18,15,0.0,Finished,53,52.0
2021,14,Italian Grand Prix,Autodromo Nazionale di Monza,mazepin,Nikita Mazepin,Haas F1 Team,16,16,0.0,Power Unit,41,41.0
2021,14,Italian Grand Prix,Autodromo Nazionale di Monza,hamilton,Lewis Hamilton,Mercedes,4,17,0.0,Collision,25,3.0
2021,14,Italian Grand Prix,Autodromo Nazionale di Monza,max_verstappen,Max Verstappen,Red Bull,1,18,0.0,Collision,25,25.0
2021,14,Italian Grand Prix,Autodromo Nazionale di Monza,gasly,Pierre Gasly,AlphaTauri,0,19,0.0,Suspension,3,2.0
2021,14,Italian Grand Prix,Autodromo Nazionale di Monza,tsunoda,Yuki Tsunoda,AlphaTauri,0,20,0.0,Brakes,0,
2021,15,Russian Grand Prix,Sochi Autodrom,hamilton,Lewis Hamilton,Mercedes,4,1,25.0,Finished,53,43.0
2021,15,Russian Grand Prix,Sochi Autodrom,max_verstappen,Max Verstappen,Red Bull,20,2,18.0,Finished,53,28.0
2021,15,Russian Grand Prix,Sochi Autodrom,sainz,Carlos Sainz,Ferrari,2,3,15.0,Finished,53,40.0
2021,15,Russian Grand Prix,Sochi Autodrom,ricciardo,Daniel Ricciardo,McLaren,5,4,12.0,Finished,53,24.0
2021,15,Russian Grand Prix,Sochi Autodrom,bottas,Valtteri Bottas,Mercedes,16,5,10.0,Finished,53,31.0
2021,15,Russian Grand Prix,Sochi Autodrom,alonso,Fernando Alonso,Alpine F1 Team,6,6,8.0,Finished,53,44.0
2021,15,Russian Grand Prix,Sochi Autodrom,norris,Lando Norris,McLaren,1,7,7.0,Finished,53,39.0
2021,15,Russian Grand Prix,Sochi Autodrom,raikkonen,Kimi Räikkönen,Alfa Romeo,13,8,4.0,Finished,53,34.0
2021,15,Russian Grand Prix,Sochi Autodrom,perez,Sergio Pérez,Red Bull,8,9,2.0,Finished,53,45.0
2021,15,Russian Grand Prix,Sochi Autodrom,russell,George Russell,Williams,3,10,1.0,Finished,53,40.0
2021,15,Russian Grand Prix,Sochi Autodrom,stroll,Lance Stroll,Aston Martin,7,11,0.0,Finished,53,35.0
2021,15,Russian Grand Prix,Sochi Autodrom,vettel,Sebastian Vettel,Aston Martin,10,12,0.0,+1 Lap,52,44.0
2021,15,Russian Grand Prix,Sochi Autodrom,gasly,Pierre Gasly,AlphaTauri,11,13,0.0,+1 Lap,52,35.0
2021,15,Russian Grand Prix,Sochi Autodrom,ocon,Esteban Ocon,Alpine F1 Team,9,14,0.0,+1 Lap,52,34.0
2021,15,Russian Grand Prix,Sochi Autodrom,leclerc,Charles Leclerc,Ferrari,19,15,0.0,+1 Lap,52,45.0
2021,15,Russian Grand Prix,Sochi Autodrom,giovinazzi,Antonio Giovinazzi,Alfa Romeo,17,16,0.0,+1 Lap,52,39.0
2021,15,Russian Grand Prix,Sochi Autodrom,tsunoda,Yuki Tsunoda,AlphaTauri,12,17,0.0,+1 Lap,52,42.0
2021,15,Russian Grand Prix,Sochi Autodrom,mazepin,Nikita Mazepin,Haas F1 Team,15,18,0.0,+2 Laps,51,24.0
2021,15,Russian Grand Prix,Sochi Autodrom,latifi,Nicholas Latifi,Williams,18,19,0.0,Accident,47,42.0
2021,15,Russian Grand Prix,Sochi Autodrom,mick_schumacher,Mick Schumacher,Haas F1 Team,14,20,0.0,Oil leak,32,22.0
2021,16,Turkish Grand Prix,Istanbul Park,bottas,Valtteri Bottas,Mercedes,1,1,26.0,Finished,58,58.0
2021,16,Turkish Grand Prix,Istanbul Park,max_verstappen,Max Verstappen,Red Bull,2,2,18.0,Finished,58,53.0
2021,16,Turkish Grand Prix,Istanbul Park,perez,Sergio Pérez,Red Bull,6,3,15.0,Finished,58,53.0
2021,16,Turkish Grand Prix,Istanbul Park,leclerc,Charles Leclerc,Ferrari,3,4,12.0,Finished,58,57.0
2021,16,Turkish Grand Prix,Istanbul Park,hamilton,Lewis Hamilton,Mercedes,11,5,10.0,Finished,58,52.0
2021,16,Turkish Grand Prix,Istanbul Park,gasly,Pierre Gasly,AlphaTauri,4,6,8.0,Finished,58,50.0
2021,16,Turkish Grand Prix,Istanbul Park,norris,Lando Norris,McLaren,7,7,6.0,Finished,58,50.0
2021,16,Turkish Grand Prix,Istanbul Park,sainz,Carlos Sainz,Ferrari,19,8,4.0,Finished,58,49.0
2021,16,Turkish Grand Prix,Istanbul Park,stroll,Lance Stroll,Aston Martin,8,9,2.0,Finished,58,58.0
2021,16,Turkish Grand Prix,Istanbul Park,ocon,Esteban Ocon,Alpine F1 Team,12,10,1.0,+1 Lap,57,24.0
2021,16,Turkish Grand Prix,Istanbul Park,giovinazzi,Antonio Giovinazzi,Alfa Romeo,16,11,0.0,+1 Lap,57,57.0
2021,16,Turkish Grand Prix,Istanbul Park,raikkonen,Kimi Räikkönen,Alfa Romeo,17,12,0.0,+1 Lap,57,50.0
2021,16,Turkish Grand Prix,Istanbul Park,ricciardo,Daniel Ricciardo,McLaren,20,13,0.0,+1 Lap,57,34.0
2021,16,Turkish Grand Prix,Istanbul Park,tsunoda,Yuki Tsunoda,AlphaTauri,9,14,0.0,+1 Lap,57,54.0
2021,16,Turkish Grand Prix,Istanbul Park,russell,George Russell,Williams,13,15,0.0,+1 Lap,57,53.0
2021,16,Turkish Grand Prix,Istanbul Park,alonso,Fernando Alonso,Alpine F1 Team,5,16,0.0,+1 Lap,57,55.0
2021,16,Turkish Grand Prix,Istanbul Park,latifi,Nicholas Latifi,Williams,15,17,0.0,+1 Lap,57,48.0
2021,16,Turkish Grand Prix,Istanbul Park,vettel,Sebastian Vettel,Aston Martin,10,18,0.0,+1 Lap,57,54.0
2021,16,Turkish Grand Prix,Istanbul Park,mick_schumacher,Mick Schumacher,Haas F1 Team,14,19,0.0,+2 Laps,56,52.0
2021,16,Turkish Grand Prix,Istanbul Park,mazepin,Nikita Mazepin,Haas F1 Team,18,20,0.0,+2 Laps,56,52.0
2021,17,United States Grand Prix,Circuit of the Americas,max_verstappen,Max Verstappen,Red Bull,1,1,25.0,Finished,56,52.0
2021,17,United States Grand Prix,Circuit of the Americas,hamilton,Lewis Hamilton,Mercedes,2,2,19.0,Finished,56,41.0
2021,17,United States Grand Prix,Circuit of the Americas,perez,Sergio Pérez,Red Bull,3,3,15.0,Finished,56,32.0
2021,17,United States Grand Prix,Circuit of the Americas,leclerc,Charles Leclerc,Ferrari,4,4,12.0,Finished,56,41.0
2021,17,United States Grand Prix,Circuit of the Americas,ricciardo,Daniel Ricciardo,McLaren,6,5,10.0,Finished,56,43.0
2021,17,United States Grand Prix,Circuit of the Americas,bottas,Valtteri Bottas,Mercedes,9,6,8.0,Finished,56,41.0
2021,17,United States Grand Prix,Circuit of the Americas,sainz,Carlos Sainz,Ferrari,5,7,6.0,Finished,56,40.0
2021,17,United States Grand Prix,Circuit of the Americas,norris,Lando Norris,McLaren,7,8,4.0,Finished,56,41.0
2021,17,United States Grand Prix,Circuit of the Americas,tsunoda,Yuki Tsunoda,AlphaTauri,10,9,2.0,+1 Lap,55,47.0
2021,17,United States Grand Prix,Circuit of the Americas,vettel,Sebastian Vettel,Aston Martin,18,10,1.0,+1 Lap,55,40.0
2021,17,United States Grand Prix,Circuit of the Americas,giovinazzi,Antonio Giovinazzi,Alfa Romeo,12,11,0.0,+1 Lap,55,44.0
2021,17,United States Grand Prix,Circuit of the Americas,stroll,Lance Stroll,Aston Martin,13,12,0.0,+1 Lap,55,36.0
2021,17,United States Grand Prix,Circuit of the Americas,raikkonen,Kimi Räikkönen,Alfa Romeo,15,13,0.0,+1 Lap,55,43.0
2021,17,United States Grand Prix,Circuit of the Americas,russell,George Russell,Williams,20,14,0.0,+1 Lap,55,36.0
2021,17,United States Grand Prix,Circuit of the Americas,latifi,Nicholas Latifi,Williams,14,15,0.0,+1 Lap,55,46.0
2021,17,United States Grand Prix,Circuit of the Americas,mick_schumacher,Mick Schumacher,Haas F1 Team,16,16,0.0,+2 Laps,54,36.0
2021,17,United States Grand Prix,Circuit of the Americas,mazepin,Nikita Mazepin,Haas F1 Team,17,17,0.0,+2 Laps,54,42.0
2021,17,United States Grand Prix,Circuit of the Americas,alonso,Fernando Alonso,Alpine F1 Team,19,18,0.0,Rear wing,49,46.0
2021,17,United States Grand Prix,Circuit of the Americas,ocon,Esteban Ocon,Alpine F1 Team,11,19,0.0,Mechanical,40,28.0
2021,17,United States Grand Prix,Circuit of the Americas,gasly,Pierre Gasly,AlphaTauri,8,20,0.0,Suspension,14,12.0
2021,18,Mexico City Grand Prix,Autódromo Hermanos Rodríguez,max_verstappen,Max Verstappen,Red Bull,3,1,25.0,Finished,71,52.0
2021,18,Mexico City Grand Prix,Autódromo Hermanos Rodríguez,hamilton,Lewis Hamilton,Mercedes,2,2,18.0,Finished,71,66.0
2021,18,Mexico City Grand Prix,Autódromo Hermanos Rodríguez,perez,Sergio Pérez,Red Bull,4,3,15.0,Finished,71,49.0
2021,18,Mexico City Grand Prix,Autódromo Hermanos Rodríguez,gasly,Pierre Gasly,AlphaTauri,5,4,12.0,Finished,71,66.0
2021,18,Mexico City Grand Prix,Autódromo Hermanos Rodríguez,leclerc,Charles Leclerc,Ferrari,8,5,10.0,Finished,71,63.0
2021,18,Mexico City Grand Prix,Autódromo Hermanos Rodríguez,sainz,Carlos Sainz,Ferrari,6,6,8.0,+1 Lap,70,63.0
2021,18,Mexico City Grand Prix,Autódromo Hermanos Rodríguez,vettel,Sebastian Vettel,Aston Martin,9,7,6.0,+1 Lap,70,70.0
2021,18,Mexico City Grand Prix,Autódromo Hermanos Rodríguez,raikkonen,Kimi Räikkönen,Alfa Romeo,10,8,4.0,+1 Lap,70,63.0
2021,18,Mexico City Grand Prix,Autódromo Hermanos Rodríguez,alonso,Fernando Alonso,Alpine F1 Team,12,9,2.0,+1 Lap,70,54.0
2021,18,Mexico City Grand Prix,Autódromo Hermanos Rodríguez,norris,Lando Norris,McLaren,18,10,1.0,+1 Lap,70,67.0
2021,18,Mexico City Grand Prix,Autódromo Hermanos Rodríguez,giovinazzi,Antonio Giovinazzi,Alfa Romeo,11,11,0.0,+1 Lap,70,68.0
2021,18,Mexico City Grand Prix,Autódromo Hermanos Rodríguez,ricciardo,Daniel Ricciardo,McLaren,7,12,0.0,+1 Lap,70,40.0
2021,18,Mexico City Grand Prix,Autódromo Hermanos Rodríguez,ocon,Esteban Ocon,Alpine F1 Team,19,13,0.0,+1 Lap,70,67.0
2021,18,Mexico City Grand Prix,Autódromo Hermanos Rodríguez,stroll,Lance Stroll,Aston Martin,20,14,0.0,+2 Laps,69,61.0
2021,18,Mexico City Grand Prix,Autódromo Hermanos Rodríguez,bottas,Valtteri Bottas,Mercedes,1,15,0.0,+2 Laps,69,69.0
2021,18,Mexico City Grand Prix,Autódromo Hermanos Rodríguez,russell,George Russell,Williams,16,16,0.0,+2 Laps,69,61.0
2021,18,Mexico City Grand Prix,Autódromo Hermanos Rodríguez,latifi,Nicholas Latifi,Williams,13,17,0.0,+2 Laps,69,66.0
2021,18,Mexico City Grand Prix,Autódromo Hermanos Rodríguez,mazepin,Nikita Mazepin,Haas F1 Team,15,18,0.0,+3 Laps,68,61.0
2021,18,Mexico City Grand Prix,Autódromo Hermanos Rodríguez,mick_schumacher,Mick Schumacher,Haas F1 Team,14,19,0.0,Collision,0,
2021,18,Mexico City Grand Prix,Autódromo Hermanos Rodríguez,tsunoda,Yuki Tsunoda,AlphaTauri,17,20,0.0,Collision,0,
2021,19,São Paulo Grand Prix,Autódromo José Carlos Pace,hamilton,Lewis Hamilton,Mercedes,10,1,25.0,Finished,71,46.0
2021,19,São Paulo Grand Prix,Autódromo José Carlos Pace,max_verstappen,Max Verstappen,Red Bull,2,2,18.0,Finished,71,47.0
2021,19,São Paulo Grand Prix,Autódromo José Carlos Pace,bottas,Valtteri Bottas,Mercedes,1,3,15.0,Finished,71,49.0
2021,19,São Paulo Grand Prix,Autódromo José Carlos Pace,perez,Sergio Pérez,Red Bull,4,4,13.0,Finished,71,71.0
2021,19,São Paulo Grand Prix,Autódromo José Carlos Pace,leclerc,Charles Leclerc,Ferrari,6,5,10.0,Finished,71,61.0
2021,19,São Paulo Grand Prix,Autódromo José Carlos Pace,sainz,Carlos Sainz,Ferrari,3,6,8.0,Finished,71,63.0
2021,19,São Paulo Grand Prix,Autódromo José Carlos Pace,gasly,Pierre Gasly,AlphaTauri,7,7,6.0,+1 Lap,70,53.0
2021,19,São Paulo Grand Prix,Autódromo José Carlos Pace,ocon,Esteban Ocon,Alpine F1 Team,8,8,4.0,+1 Lap,70,48.0
2021,19,São Paulo Grand Prix,Autódromo José Carlos Pace,alonso,Fernando Alonso,Alpine F1 Team,12,9,2.0,+1 Lap,70,37.0
2021,19,São Paulo Grand Prix,Autódromo José Carlos Pace,norris,Lando Norris,McLaren,5,10,1.0,+1 Lap,70,53.0
2021,19,São Paulo Grand Prix,Autódromo José Carlos Pace,vettel,Sebastian Vettel,Aston Martin,9,11,0.0,+1 Lap,70,69.0
2021,19,São Paulo Grand Prix,Autódromo José Carlos Pace,raikkonen,Kimi Räikkönen,Alfa Romeo,0,12,0.0,+1 Lap,70,54.0
2021,19,São Paulo Grand Prix,Autódromo José Carlos Pace,russell,George Russell,Williams,17,13,0.0,+1 Lap,70,45.0
2021,19,São Paulo Grand Prix,Autódromo José Carlos Pace,giovinazzi,Antonio Giovinazzi,Alfa Romeo,13,14,0.0,+1 Lap,70,44.0
2021,19,São Paulo Grand Prix,Autódromo José Carlos Pace,tsunoda,Yuki Tsunoda,AlphaTauri,15,15,0.0,+1 Lap,70,62.0
2021,19,São Paulo Grand Prix,Autódromo José Carlos Pace,latifi,Nicholas Latifi,Williams,16,16,0.0,+1 Lap,70,57.0
2021,19,São Paulo Grand Prix,Autódromo José Carlos Pace,mazepin,Nikita Mazepin,Haas F1 Team,19,17,0.0,+2 Laps,69,36.0
2021,19,São Paulo Grand Prix,Autódromo José Carlos Pace,mick_schumacher,Mick Schumacher,Haas F1 Team,18,18,0.0,+2 Laps,69,66.0
2021,19,São Paulo Grand Prix,Autódromo José Carlos Pace,ricciardo,Daniel Ricciardo,McLaren,11,19,0.0,Power loss,49,40.0
2021,19,São Paulo Grand Prix,Autódromo José Carlos Pace,stroll,Lance Stroll,Aston Martin,14,20,0.0,Collision damage,47,25.0
2021,20,Qatar Grand Prix,Lusail International Circuit,hamilton,Lewis Hamilton,Mercedes,1,1,25.0,Finished,57,50.0
2021,20,Qatar Grand Prix,Lusail International Circuit,max_verstappen,Max Verstappen,Red Bull,7,2,19.0,Finished,57,57.0
2021,20,Qatar Grand Prix,Lusail International Circuit,alonso,Fernando Alonso,Alpine F1 Team,3,3,15.0,Finished,57,48.0
2021,20,Qatar Grand Prix,Lusail International Circuit,perez,Sergio Pérez,Red Bull,11,4,12.0,Finished,57,49.0
2021,20,Qatar Grand Prix,Lusail International Circuit,ocon,Esteban Ocon,Alpine F1 Team,9,5,10.0,Finished,57,46.0
2021,20,Qatar Grand Prix,Lusail International Circuit,stroll,Lance Stroll,Aston Martin,12,6,8.0,Finished,57,44.0
2021,20,Qatar Grand Prix,Lusail International Circuit,sainz,Carlos Sainz,Ferrari,5,7,6.0,Finished,57,46.0
2021,20,Qatar Grand Prix,Lusail International Circuit,leclerc,Charles Leclerc,Ferrari,13,8,4.0,Finished,57,46.0
2021,20,Qatar Grand Prix,Lusail International Circuit,norris,Lando Norris,McLaren,4,9,2.0,+1 Lap,56,51.0
2021,20,Qatar Grand Prix,Lusail International Circuit,vettel,Sebastian Vettel,Aston Martin,10,10,1.0,+1 Lap,56,53.0
2021,20,Qatar Grand Prix,Lusail International Circuit,gasly,Pierre Gasly,AlphaTauri,2,11,0.0,+1 Lap,56,46.0
2021,20,Qatar Grand Prix,Lusail International Circuit,ricciardo,Daniel Ricciardo,McLaren,14,12,0.0,+1 Lap,56,50.0
2021,20,Qatar Grand Prix,Lusail International Circuit,tsunoda,Yuki Tsunoda,AlphaTauri,8,13,0.0,+1 Lap,56,50.0
2021,20,Qatar Grand Prix,Lusail International Circuit,raikkonen,Kimi Räikkönen,Alfa Romeo,16,14,0.0,+1 Lap,56,53.0
2021,20,Qatar Grand Prix,Lusail International Circuit,giovinazzi,Antonio Giovinazzi,Alfa Romeo,18,15,0.0,+1 Lap,56,40.0
2021,20,Qatar Grand Prix,Lusail International Circuit,mick_schumacher,Mick Schumacher,Haas F1 Team,19,16,0.0,+1 Lap,56,46.0
2021,20,Qatar Grand Prix,Lusail International Circuit,russell,George Russell,Williams,15,17,0.0,+2 Laps,55,55.0
2021,20,Qatar Grand Prix,Lusail International Circuit,mazepin,Nikita Mazepin,Haas F1 Team,20,18,0.0,+2 Laps,55,55.0
2021,20,Qatar Grand Prix,Lusail International Circuit,latifi,Nicholas Latifi,Williams,17,19,0.0,Puncture,50,44.0
2021,20,Qatar Grand Prix,Lusail International Circuit,bottas,Valtteri Bottas,Mercedes,6,20,0.0,Damage,48,39.0
2021,21,Saudi Arabian Grand Prix,Jeddah Corniche Circuit,hamilton,Lewis Hamilton,Mercedes,1,1,26.0,Finished,50,47.0
2021,21,Saudi Arabian Grand Prix,Jeddah Corniche Circuit,max_verstappen,Max Verstappen,Red Bull,3,2,18.0,Finished,50,35.0
2021,21,Saudi Arabian Grand Prix,Jeddah Corniche Circuit,bottas,Valtteri Bottas,Mercedes,2,3,15.0,Finished,50,47.0
2021,21,Saudi Arabian Grand Prix,Jeddah Corniche Circuit,ocon,Esteban Ocon,Alpine F1 Team,9,4,12.0,Finished,50,47.0
2021,21,Saudi Arabian Grand Prix,Jeddah Corniche Circuit,ricciardo,Daniel Ricciardo,McLaren,11,5,10.0,Finished,50,43.0
2021,21,Saudi Arabian Grand Prix,Jeddah Corniche Circuit,gasly,Pierre Gasly,AlphaTauri,6,6,8.0,Finished,50,46.0
2021,21,Saudi Arabian Grand Prix,Jeddah Corniche Circuit,leclerc,Charles Leclerc,Ferrari,4,7,6.0,Finished,50,46.0
2021,21,Saudi Arabian Grand Prix,Jeddah Corniche Circuit,sainz,Carlos Sainz,Ferrari,15,8,4.0,Finished,50,37.0
2021,21,Saudi Arabian Grand Prix,Jeddah Corniche Circuit,giovinazzi,Antonio Giovinazzi,Alfa Romeo,10,9,2.0,Finished,50,37.0
2021,21,Saudi Arabian Grand Prix,Jeddah Corniche Circuit,norris,Lando Norris,McLaren,7,10,1.0,Finished,50,49.0
2021,21,Saudi Arabian Grand Prix,Jeddah Corniche Circuit,stroll,Lance Stroll,Aston Martin,18,11,0.0,Finished,50,45.0
2021,21,Saudi Arabian Grand Prix,Jeddah Corniche Circuit,latifi,Nicholas Latifi,Williams,16,12,0.0,Finished,50,49.0
2021,21,Saudi Arabian Grand Prix,Jeddah Corniche Circuit,alonso,Fernando Alonso,Alpine F1 Team,13,13,0.0,+1 Lap,49,46.0
2021,21,Saudi Arabian Grand Prix,Jeddah Corniche Circuit,tsunoda,Yuki Tsunoda,AlphaTauri,8,14,0.0,+1 Lap,49,44.0
2021,21,Saudi Arabian Grand Prix,Jeddah Corniche Circuit,raikkonen,Kimi Räikkönen,Alfa Romeo,12,15,0.0,+1 Lap,49,45.0
2021,21,Saudi Arabian Grand Prix,Jeddah Corniche Circuit,vettel,Sebastian Vettel,Aston Martin,17,16,0.0,Collision damage,44,41.0
2021,21,Saudi Arabian Grand Prix,Jeddah Corniche Circuit,perez,Sergio Pérez,Red Bull,5,17,0.0,Collision,14,9.0
2021,21,Saudi Arabian Grand Prix,Jeddah Corniche Circuit,mazepin,Nikita Mazepin,Haas F1 Team,20,18,0.0,Collision,14,7.0
2021,21,Saudi Arabian Grand Prix,Jeddah Corniche Circuit,russell,George Russell,Williams,14,19,0.0,Collision,14,7.0
2021,21,Saudi Arabian Grand Prix,Jeddah Corniche Circuit,mick_schumacher,Mick Schumacher,Haas F1 Team,19,20,0.0,Accident,8,8.0
2021,22,Abu Dhabi Grand Prix,Yas Marina Circuit,max_verstappen,Max Verstappen,Red Bull,1,1,26.0,Finished,58,39.0
2021,22,Abu Dhabi Grand Prix,Yas Marina Circuit,hamilton,Lewis Hamilton,Mercedes,2,2,18.0,Finished,58,43.0
2021,22,Abu Dhabi Grand Prix,Yas Marina Circuit,sainz,Carlos Sainz,Ferrari,5,3,15.0,Finished,58,51.0
2021,22,Abu Dhabi Grand Prix,Yas Marina Circuit,tsunoda,Yuki Tsunoda,AlphaTauri,8,4,12.0,Finished,58,50.0
2021,22,Abu Dhabi Grand Prix,Yas Marina Circuit,gasly,Pierre Gasly,AlphaTauri,12,5,10.0,Finished,58,49.0
2021,22,Abu Dhabi Grand Prix,Yas Marina Circuit,bottas,Valtteri Bottas,Mercedes,6,6,8.0,Finished,58,51.0
2021,22,Abu Dhabi Grand Prix,Yas Marina Circuit,norris,Lando Norris,McLaren,3,7,6.0,Finished,58,58.0
2021,22,Abu Dhabi Grand Prix,Yas Marina Circuit,alonso,Fernando Alonso,Alpine F1 Team,11,8,4.0,Finished,58,58.0
2021,22,Abu Dhabi Grand Prix,Yas Marina Circuit,ocon,Esteban Ocon,Alpine F1 Team,9,9,2.0,Finished,58,58.0
2021,22,Abu Dhabi Grand Prix,Yas Marina Circuit,leclerc,Charles Leclerc,Ferrari,7,10,1.0,Finished,58,40.0
2021,22,Abu Dhabi Grand Prix,Yas Marina Circuit,vettel,Sebastian Vettel,Aston Martin,15,11,0.0,Finished,58,58.0
2021,22,Abu Dhabi Grand Prix,Yas Marina Circuit,ricciardo,Daniel Ricciardo,McLaren,10,12,0.0,+1 Lap,57,48.0
2021,22,Abu Dhabi Grand Prix,Yas Marina Circuit,stroll,Lance Stroll,Aston Martin,13,13,0.0,+1 Lap,57,48.0
2021,22,Abu Dhabi Grand Prix,Yas Marina Circuit,mick_schumacher,Mick Schumacher,Haas F1 Team,19,14,0.0,+1 Lap,57,42.0
2021,22,Abu Dhabi Grand Prix,Yas Marina Circuit,perez,Sergio Pérez,Red Bull,4,15,0.0,Engine,55,51.0
2021,22,Abu Dhabi Grand Prix,Yas Marina Circuit,latifi,Nicholas Latifi,Williams,16,16,0.0,Accident,50,30.0
2021,22,Abu Dhabi Grand Prix,Yas Marina Circuit,giovinazzi,Antonio Giovinazzi,Alfa Romeo,14,17,0.0,Gearbox,33,33.0
2021,22,Abu Dhabi Grand Prix,Yas Marina Circuit,russell,George Russell,Williams,17,18,0.0,Gearbox,26,23.0
2021,22,Abu Dhabi Grand Prix,Yas Marina Circuit,raikkonen,Kimi Räikkönen,Alfa Romeo,18,19,0.0,Brakes,25,23.0
2021,22,Abu Dhabi Grand Prix,Yas Marina Circuit,mazepin,Nikita Mazepin,Haas F1 Team,20,20,0.0,Illness,0,
2022,1,Bahrain Grand Prix,Bahrain International Circuit,leclerc,Charles Leclerc,Ferrari,1,1,26.0,Finished,57,51.0
2022,1,Bahrain Grand Prix,Bahrain International Circuit,sainz,Carlos Sainz,Ferrari,3,2,18.0,Finished,57,52.0
2022,1,Bahrain Grand Prix,Bahrain International Circuit,hamilton,Lewis Hamilton,Mercedes,5,3,15.0,Finished,57,53.0
2022,1,Bahrain Grand Prix,Bahrain International Circuit,russell,George Russell,Mercedes,9,4,12.0,Finished,57,56.0
2022,1,Bahrain Grand Prix,Bahrain International Circuit,kevin_magnussen,Kevin Magnussen,Haas F1 Team,7,5,10.0,Finished,57,53.0
2022,1,Bahrain Grand Prix,Bahrain International Circuit,bottas,Valtteri Bottas,Alfa Romeo,6,6,8.0,Finished,57,53.0
2022,1,Bahrain Grand Prix,Bahrain International Circuit,ocon,Esteban Ocon,Alpine F1 Team,11,7,6.0,Finished,57,53.0
2022,1,Bahrain Grand Prix,Bahrain International Circuit,tsunoda,Yuki Tsunoda,AlphaTauri,16,8,4.0,Finished,57,53.0
2022,1,Bahrain Grand Prix,Bahrain International Circuit,alonso,Fernando Alonso,Alpine F1 Team,8,9,2.0,Finished,57,44.0
2022,1,Bahrain Grand Prix,Bahrain International Circuit,zhou,Guanyu Zhou,Alfa Romeo,15,10,1.0,Finished,57,39.0
2022,1,Bahrain Grand Prix,Bahrain International Circuit,mick_schumacher,Mick Schumacher,Haas F1 Team,12,11,0.0,Finished,57,37.0
2022,1,Bahrain Grand Prix,Bahrain International Circuit,stroll,Lance Stroll,Aston Martin,19,12,0.0,Finished,57,49.0
2022,1,Bahrain Grand Prix,Bahrain International Circuit,albon,Alexander Albon,Williams,14,13,0.0,Finished,57,50.0
2022,1,Bahrain Grand Prix,Bahrain International Circuit,ricciardo,Daniel Ricciardo,McLaren,18,14,0.0,Finished,57,50.0
2022,1,Bahrain Grand Prix,Bahrain International Circuit,norris,Lando Norris,McLaren,13,15,0.0,Finished,57,51.0
2022,1,Bahrain Grand Prix,Bahrain International Circuit,latifi,Nicholas Latifi,Williams,20,16,0.0,Finished,57,51.0
2022,1,Bahrain Grand Prix,Bahrain International Circuit,hulkenberg,Nico Hülkenberg,Aston Martin,17,17,0.0,Finished,57,49.0
2022,1,Bahrain Grand Prix,Bahrain International Circuit,perez,Sergio Pérez,Red Bull,4,18,0.0,Fuel pressure,56,52.0
2022,1,Bahrain Grand Prix,Bahrain International Circuit,max_verstappen,Max Verstappen,Red Bull,2,19,0.0,Fuel pressure,54,51.0
2022,1,Bahrain Grand Prix,Bahrain International Circuit,gasly,Pierre Gasly,AlphaTauri,10,20,0.0,Power Unit,44,34.0
2022,2,Saudi Arabian Grand Prix,Jeddah Corniche Circuit,max_verstappen,Max Verstappen,Red Bull,4,1,25.0,Finished,50,50.0
2022,2,Saudi Arabian Grand Prix,Jeddah Corniche Circuit,leclerc,Charles Leclerc,Ferrari,2,2,19.0,Finished,50,48.0
2022,2,Saudi Arabian Grand Prix,Jeddah Corniche Circuit,sainz,Carlos Sainz,Ferrari,3,3,15.0,Finished,50,48.0
2022,2,Saudi Arabian Grand Prix,Jeddah Corniche Circuit,perez,Sergio Pérez,Red Bull,1,4,12.0,Finished,50,46.0
2022,2,Saudi Arabian Grand Prix,Jeddah Corniche Circuit,russell,George Russell,Mercedes,6,5,10.0,Finished,50,43.0
2022,2,Saudi Arabian Grand Prix,Jeddah Corniche Circuit,ocon,Esteban Ocon,Alpine F1 Team,5,6,8.0,Finished,50,46.0
2022,2,Saudi Arabian Grand Prix,Jeddah Corniche Circuit,norris,Lando Norris,McLaren,11,7,6.0,Finished,50,46.0
2022,2,Saudi Arabian Grand Prix,Jeddah Corniche Circuit,gasly,Pierre Gasly,AlphaTauri,9,8,4.0,Finished,50,42.0
2022,2,Saudi Arabian Grand Prix,Jeddah Corniche Circuit,kevin_magnussen,Kevin Magnussen,Haas F1 Team,10,9,2.0,Finished,50,48.0
2022,2,Saudi Arabian Grand Prix,Jeddah Corniche Circuit,hamilton,Lewis Hamilton,Mercedes,15,10,1.0,Finished,50,47.0
2022,2,Saudi Arabian Grand Prix,Jeddah Corniche Circuit,zhou,Guanyu Zhou,Alfa Romeo,12,11,0.0,Finished,50,45.0
2022,2,Saudi Arabian Grand Prix,Jeddah Corniche Circuit,hulkenberg,Nico Hülkenberg,Aston Martin,17,12,0.0,Finished,50,47.0
2022,2,Saudi Arabian Grand Prix,Jeddah Corniche Circuit,stroll,Lance Stroll,Aston Martin,13,13,0.0,+1 Lap,49,46.0
2022,2,Saudi Arabian Grand Prix,Jeddah Corniche Circuit,albon,Alexander Albon,Williams,16,14,0.0,Collision damage,47,46.0
2022,2,Saudi Arabian Grand Prix,Jeddah Corniche Circuit,bottas,Valtteri Bottas,Alfa Romeo,8,15,0.0,Cooling system,36,31.0
2022,2,Saudi Arabian Grand Prix,Jeddah Corniche Circuit,alonso,Fernando Alonso,Alpine F1 Team,7,16,0.0,Water pump,35,33.0
2022,2,Saudi Arabian Grand Prix,Jeddah Corniche Circuit,ricciardo,Daniel Ricciardo,McLaren,14,17,0.0,Gearbox,35,34.0
2022,2,Saudi Arabian Grand Prix,Jeddah Corniche Circuit,latifi,Nicholas Latifi,Williams,18,18,0.0,Accident,14,9.0
2022,2,Saudi Arabian Grand Prix,Jeddah Corniche Circuit,tsunoda,Yuki Tsunoda,AlphaTauri,19,19,0.0,Power Unit,0,
2022,2,Saudi Arabian Grand Prix,Jeddah Corniche Circuit,mick_schumacher,Mick Schumacher,Haas F1 Team,0,20,0.0,Withdrew,0,
2022,3,Australian Grand Prix,Albert Park Grand Prix Circuit,leclerc,Charles Leclerc,Ferrari,1,1,26.0,Finished,58,58.0
2022,3,Australian Grand Prix,Albert Park Grand Prix Circuit,perez,Sergio Pérez,Red Bull,3,2,18.0,Finished,58,58.0
2022,3,Australian Grand Prix,Albert Park Grand Prix Circuit,russell,George Russell,Mercedes,6,3,15.0,Finished,58,53.0
2022,3,Australian Grand Prix,Albert Park Grand Prix Circuit,hamilton,Lewis Hamilton,Mercedes,5,4,12.0,Finished,58,51.0
2022,3,Australian Grand Prix,Albert Park Grand Prix Circuit,norris,Lando Norris,McLaren,4,5,10.0,Finished,58,55.0
2022,3,Australian Grand Prix,Albert Park Grand Prix Circuit,ricciardo,Daniel Ricciardo,McLaren,7,6,8.0,Finished,58,54.0
2022,3,Australian Grand Prix,Albert Park Grand Prix Circuit,ocon,Esteban Ocon,Alpine F1 Team,8,7,6.0,Finished,58,58.0
2022,3,Australian Grand Prix,Albert Park Grand Prix Circuit,bottas,Valtteri Bottas,Alfa Romeo,12,8,4.0,Finished,58,54.0
2022,3,Australian Grand Prix,Albert Park Grand Prix Circuit,gasly,Pierre Gasly,AlphaTauri,11,9,2.0,Finished,58,52.0
2022,3,Australian Grand Prix,Albert Park Grand Prix Circuit,albon,Alexander Albon,Williams,20,10,1.0,Finished,58,54.0
2022,3,Australian Grand Prix,Albert Park Grand Prix Circuit,zhou,Guanyu Zhou,Alfa Romeo,14,11,0.0,Finished,58,55.0
2022,3,Australian Grand Prix,Albert Park Grand Prix Circuit,stroll,Lance Stroll,Aston Martin,19,12,0.0,Finished,58,48.0
2022,3,Australian Grand Prix,Albert Park Grand Prix Circuit,mick_schumacher,Mick Schumacher,Haas F1 Team,15,13,0.0,+1 Lap,57,55.0
2022,3,Australian Grand Prix,Albert Park Grand Prix Circuit,kevin_magnussen,Kevin Magnussen,Haas F1 Team,16,14,0.0,+1 Lap,57,44.0
2022,3,Australian Grand Prix,Albert Park Grand Prix Circuit,tsunoda,Yuki Tsunoda,AlphaTauri,13,15,0.0,+1 Lap,57,56.0
2022,3,Australian Grand Prix,Albert Park Grand Prix Circuit,latifi,Nicholas Latifi,Williams,18,16,0.0,+1 Lap,57,49.0
2022,3,Australian Grand Prix,Albert Park Grand Prix Circuit,alonso,Fernando Alonso,Alpine F1 Team,10,17,0.0,+1 Lap,57,57.0
2022,3,Australian Grand Prix,Albert Park Grand Prix Circuit,max_verstappen,Max Verstappen,Red Bull,2,18,0.0,Fuel leak,38,37.0
2022,3,Australian Grand Prix,Albert Park Grand Prix Circuit,vettel,Sebastian Vettel,Aston Martin,17,19,0.0,Accident,22,17.0
2022,3,Australian Grand Prix,Albert Park Grand Prix Circuit,sainz,Carlos Sainz,Ferrari,9,20,0.0,Spun off,1,
2022,4,Emilia Romagna Grand Prix,Autodromo Enzo e Dino Ferrari,max_verstappen,Max Verstappen,Red Bull,1,1,26.0,Finished,63,55.0
2022,4,Emilia Romagna Grand Prix,Autodromo Enzo e Dino Ferrari,perez,Sergio Pérez,Red Bull,3,2,18.0,Finished,63,52.0
2022,4,Emilia Romagna Grand Prix,Autodromo Enzo e Dino Ferrari,norris,Lando Norris,McLaren,5,3,15.0,Finished,63,61.0
2022,4,Emilia Romagna Grand Prix,Autodromo Enzo e Dino Ferrari,russell,George Russell,Mercedes,11,4,12.0,Finished,63,57.0
2022,4,Emilia Romagna Grand Prix,Autodromo Enzo e Dino Ferrari,bottas,Valtteri Bottas,Alfa Romeo,7,5,10.0,Finished,63,43.0
2022,4,Emilia Romagna Grand Prix,Autodromo Enzo e Dino Ferrari,leclerc,Charles Leclerc,Ferrari,2,6,8.0,Finished,63,63.0
2022,4,Emilia Romagna Grand Prix,Autodromo Enzo e Dino Ferrari,tsunoda,Yuki Tsunoda,AlphaTauri,12,7,6.0,Finished,63,61.0
2022,4,Emilia Romagna Grand Prix,Autodromo Enzo e Dino Ferrari,vettel,Sebastian Vettel,Aston Martin,13,8,4.0,Finished,63,47.0
2022,4,Emilia Romagna Grand Prix,Autodromo Enzo e Dino Ferrari,kevin_magnussen,Kevin Magnussen,Haas F1 Team,8,9,2.0,Finished,63,61.0
2022,4,Emilia Romagna Grand Prix,Autodromo Enzo e Dino Ferrari,stroll,Lance Stroll,Aston Martin,15,10,1.0,+1 Lap,62,46.0
2022,4,Emilia Romagna Grand Prix,Autodromo Enzo e Dino Ferrari,albon,Alexander Albon,Williams,18,11,0.0,+1 Lap,62,61.0
2022,4,Emilia Romagna Grand Prix,Autodromo Enzo e Dino Ferrari,gasly,Pierre Gasly,AlphaTauri,17,12,0.0,+1 Lap,62,34.0
2022,4,Emilia Romagna Grand Prix,Autodromo Enzo e Dino Ferrari,hamilton,Lewis Hamilton,Mercedes,14,13,0.0,+1 Lap,62,50.0
2022,4,Emilia Romagna Grand Prix,Autodromo Enzo e Dino Ferrari,ocon,Esteban Ocon,Alpine F1 Team,16,14,0.0,+1 Lap,62,37.0
2022,4,Emilia Romagna Grand Prix,Autodromo Enzo e Dino Ferrari,zhou,Guanyu Zhou,Alfa Romeo,0,15,0.0,+1 Lap,62,61.0
2022,4,Emilia Romagna Grand Prix,Autodromo Enzo e Dino Ferrari,latifi,Nicholas Latifi,Williams,19,16,0.0,+1 Lap,62,62.0
2022,4,Emilia Romagna Grand Prix,Autodromo Enzo e Dino Ferrari,mick_schumacher,Mick Schumacher,Haas F1 Team,10,17,0.0,+1 Lap,62,55.0
2022,4,Emilia Romagna Grand Prix,Autodromo Enzo e Dino Ferrari,ricciardo,Daniel Ricciardo,McLaren,6,18,0.0,+1 Lap,62,61.0
2022,4,Emilia Romagna Grand Prix,Autodromo Enzo e Dino Ferrari,alonso,Fernando Alonso,Alpine F1 Team,9,19,0.0,Collision damage,6,5.0
2022,4,Emilia Romagna Grand Prix,Autodromo Enzo e Dino Ferrari,sainz,Carlos Sainz,Ferrari,4,20,0.0,Collision,0,
2022,5,Miami Grand Prix,Miami International Autodrome,max_verstappen,Max Verstappen,Red Bull,3,1,26.0,Finished,57,54.0
2022,5,Miami Grand Prix,Miami International Autodrome,leclerc,Charles Leclerc,Ferrari,1,2,18.0,Finished,57,53.0
2022,5,Miami Grand Prix,Miami International Autodrome,sainz,Carlos Sainz,Ferrari,2,3,15.0,Finished,57,56.0
2022,5,Miami Grand Prix,Miami International Autodrome,perez,Sergio Pérez,Red Bull,4,4,12.0,Finished,57,54.0
2022,5,Miami Grand Prix,Miami International Autodrome,russell,George Russell,Mercedes,12,5,10.0,Finished,57,56.0
2022,5,Miami Grand Prix,Miami International Autodrome,hamilton,Lewis Hamilton,Mercedes,6,6,8.0,Finished,57,55.0
2022,5,Miami Grand Prix,Miami International Autodrome,bottas,Valtteri Bottas,Alfa Romeo,5,7,6.0,Finished,57,56.0
2022,5,Miami Grand Prix,Miami International Autodrome,ocon,Esteban Ocon,Alpine F1 Team,20,8,4.0,Finished,57,56.0
2022,5,Miami Grand Prix,Miami International Autodrome,albon,Alexander Albon,Williams,18,9,2.0,Finished,57,57.0
2022,5,Miami Grand Prix,Miami International Autodrome,stroll,Lance Stroll,Aston Martin,0,10,1.0,Finished,57,52.0
2022,5,Miami Grand Prix,Miami International Autodrome,alonso,Fernando Alonso,Alpine F1 Team,11,11,0.0,Finished,57,53.0
2022,5,Miami Grand Prix,Miami International Autodrome,tsunoda,Yuki Tsunoda,AlphaTauri,9,12,0.0,Finished,57,55.0
2022,5,Miami Grand Prix,Miami International Autodrome,ricciardo,Daniel Ricciardo,McLaren,14,13,0.0,Finished,57,56.0
2022,5,Miami Grand Prix,Miami International Autodrome,latifi,Nicholas Latifi,Williams,19,14,0.0,Finished,57,53.0
2022,5,Miami Grand Prix,Miami International Autodrome,mick_schumacher,Mick Schumacher,Haas F1 Team,15,15,0.0,Finished,57,57.0
2022,5,Miami Grand Prix,Miami International Autodrome,kevin_magnussen,Kevin Magnussen,Haas F1 Team,16,16,0.0,Front wing,56,52.0
2022,5,Miami Grand Prix,Miami International Autodrome,vettel,Sebastian Vettel,Aston Martin,0,17,0.0,Collision,54,50.0
2022,5,Miami Grand Prix,Miami International Autodrome,gasly,Pierre Gasly,AlphaTauri,7,18,0.0,Suspension,45,38.0
2022,5,Miami Grand Prix,Miami International Autodrome,norris,Lando Norris,McLaren,8,19,0.0,Collision,39,37.0
2022,5,Miami Grand Prix,Miami International Autodrome,zhou,Guanyu Zhou,Alfa Romeo,17,20,0.0,Water leak,6,4.0
2022,6,Spanish Grand Prix,Circuit de Barcelona-Catalunya,max_verstappen,Max Verstappen,Red Bull,2,1,25.0,Finished,66,46.0
2022,6,Spanish Grand Prix,Circuit de Barcelona-Catalunya,perez,Sergio Pérez,Red Bull,5,2,19.0,Finished,66,55.0
2022,6,Spanish Grand Prix,Circuit de Barcelona-Catalunya,russell,George Russell,Mercedes,4,3,15.0,Finished,66,53.0
2022,6,Spanish Grand Prix,Circuit de Barcelona-Catalunya,sainz,Carlos Sainz,Ferrari,3,4,12.0,Finished,66,49.0
2022,6,Spanish Grand Prix,Circuit de Barcelona-Catalunya,hamilton,Lewis Hamilton,Mercedes,6,5,10.0,Finished,66,51.0
2022,6,Spanish Grand Prix,Circuit de Barcelona-Catalunya,bottas,Valtteri Bottas,Alfa Romeo,7,6,8.0,Finished,66,36.0
2022,6,Spanish Grand Prix,Circuit de Barcelona-Catalunya,ocon,Esteban Ocon,Alpine F1 Team,12,7,6.0,Finished,66,54.0
2022,6,Spanish Grand Prix,Circuit de Barcelona-Catalunya,norris,Lando Norris,McLaren,11,8,4.0,Finished,66,53.0
2022,6,Spanish Grand Prix,Circuit de Barcelona-Catalunya,alonso,Fernando Alonso,Alpine F1 Team,20,9,2.0,+1 Lap,65,56.0
2022,6,Spanish Grand Prix,Circuit de Barcelona-Catalunya,tsunoda,Yuki Tsunoda,AlphaTauri,13,10,1.0,+1 Lap,65,59.0
2022,6,Spanish Grand Prix,Circuit de Barcelona-Catalunya,vettel,Sebastian Vettel,Aston Martin,16,11,0.0,+1 Lap,65,59.0
2022,6,Spanish Grand Prix,Circuit de Barcelona-Catalunya,ricciardo,Daniel Ricciardo,McLaren,9,12,0.0,+1 Lap,65,54.0
2022,6,Spanish Grand Prix,Circuit de Barcelona-Catalunya,gasly,Pierre Gasly,AlphaTauri,14,13,0.0,+1 Lap,65,51.0
2022,6,Spanish Grand Prix,Circuit de Barcelona-Catalunya,mick_schumacher,Mick Schumacher,Haas F1 Team,10,14,0.0,+1 Lap,65,32.0
2022,6,Spanish Grand Prix,Circuit de Barcelona-Catalunya,stroll,Lance Stroll,Aston Martin,17,15,0.0,+1 Lap,65,54.0
2022,6,Spanish Grand Prix,Circuit de Barcelona-Catalunya,latifi,Nicholas Latifi,Williams,19,16,0.0,+2 Laps,64,52.0
2022,6,Spanish Grand Prix,Circuit de Barcelona-Catalunya,kevin_magnussen,Kevin Magnussen,Haas F1 Team,8,17,0.0,+2 Laps,64,3.0
2022,6,Spanish Grand Prix,Circuit de Barcelona-Catalunya,albon,Alexander Albon,Williams,18,18,0.0,+2 Laps,64,56.0
2022,6,Spanish Grand Prix,Circuit de Barcelona-Catalunya,zhou,Guanyu Zhou,Alfa Romeo,15,19,0.0,Power loss,28,12.0
2022,6,Spanish Grand Prix,Circuit de Barcelona-Catalunya,leclerc,Charles Leclerc,Ferrari,1,20,0.0,Turbo,27,25.0
2022,7,Monaco Grand Prix,Circuit de Monaco,perez,Sergio Pérez,Red Bull,3,1,25.0,Finished,64,46.0
2022,7,Monaco Grand Prix,Circuit de Monaco,sainz,Carlos Sainz,Ferrari,2,2,18.0,Finished,64,47.0
2022,7,Monaco Grand Prix,Circuit de Monaco,max_verstappen,Max Verstappen,Red Bull,4,3,15.0,Finished,64,47.0
2022,7,Monaco Grand Prix,Circuit de Monaco,leclerc,Charles Leclerc,Ferrari,1,4,12.0,Finished,64,46.0
2022,7,Monaco Grand Prix,Circuit de Monaco,russell,George Russell,Mercedes,6,5,10.0,Finished,64,42.0
2022,7,Monaco Grand Prix,Circuit de Monaco,norris,Lando Norris,McLaren,5,6,9.0,Finished,64,55.0
2022,7,Monaco Grand Prix,Circuit de Monaco,alonso,Fernando Alonso,Alpine F1 Team,7,7,6.0,Finished,64,50.0
2022,7,Monaco Grand Prix,Circuit de Monaco,hamilton,Lewis Hamilton,Mercedes,8,8,4.0,Finished,64,51.0
2022,7,Monaco Grand Prix,Circuit de Monaco,bottas,Valtteri Bottas,Alfa Romeo,12,9,2.0,Finished,64,57.0
2022,7,Monaco Grand Prix,Circuit de Monaco,vettel,Sebastian Vettel,Aston Martin,9,10,1.0,Finished,64,54.0
2022,7,Monaco Grand Prix,Circuit de Monaco,gasly,Pierre Gasly,AlphaTauri,17,11,0.0,Finished,64,61.0
2022,7,Monaco Grand Prix,Circuit de Monaco,ocon,Esteban Ocon,Alpine F1 Team,10,12,0.0,Finished,64,50.0
2022,7,Monaco Grand Prix,Circuit de Monaco,ricciardo,Daniel Ricciardo,McLaren,14,13,0.0,Finished,64,59.0
2022,7,Monaco Grand Prix,Circuit de Monaco,stroll,Lance Stroll,Aston Martin,18,14,0.0,Finished,64,56.0
2022,7,Monaco Grand Prix,Circuit de Monaco,latifi,Nicholas Latifi,Williams,19,15,0.0,+1 Lap,63,43.0
2022,7,Monaco Grand Prix,Circuit de Monaco,zhou,Guanyu Zhou,Alfa Romeo,20,16,0.0,+1 Lap,63,52.0
2022,7,Monaco Grand Prix,Circuit de Monaco,tsunoda,Yuki Tsunoda,AlphaTauri,11,17,0.0,+1 Lap,63,61.0
2022,7,Monaco Grand Prix,Circuit de Monaco,albon,Alexander Albon,Williams,16,18,0.0,Mechanical,48,40.0
2022,7,Monaco Grand Prix,Circuit de Monaco,mick_schumacher,Mick Schumacher,Haas F1 Team,15,19,0.0,Accident,24,24.0
2022,7,Monaco Grand Prix,Circuit de Monaco,kevin_magnussen,Kevin Magnussen,Haas F1 Team,13,20,0.0,Water pressure,19,18.0
2022,8,Azerbaijan Grand Prix,Baku City Circuit,max_verstappen,Max Verstappen,Red Bull,3,1,25.0,Finished,51,50.0
2022,8,Azerbaijan Grand Prix,Baku City Circuit,perez,Sergio Pérez,Red Bull,2,2,19.0,Finished,51,36.0
2022,8,Azerbaijan Grand Prix,Baku City Circuit,russell,George Russell,Mercedes,5,3,15.0,Finished,51,42.0
2022,8,Azerbaijan Grand Prix,Baku City Circuit,hamilton,Lewis Hamilton,Mercedes,7,4,12.0,Finished,51,39.0
2022,8,Azerbaijan Grand Prix,Baku City Circuit,gasly,Pierre Gasly,AlphaTauri,6,5,10.0,Finished,51,39.0
2022,8,Azerbaijan Grand Prix,Baku City Circuit,vettel,Sebastian Vettel,Aston Martin,9,6,8.0,Finished,51,41.0
2022,8,Azerbaijan Grand Prix,Baku City Circuit,alonso,Fernando Alonso,Alpine F1 Team,10,7,6.0,Finished,51,49.0
2022,8,Azerbaijan Grand Prix,Baku City Circuit,ricciardo,Daniel Ricciardo,McLaren,12,8,4.0,Finished,51,44.0
2022,8,Azerbaijan Grand Prix,Baku City Circuit,norris,Lando Norris,McLaren,11,9,2.0,Finished,51,37.0
2022,8,Azerbaijan Grand Prix,Baku City Circuit,ocon,Esteban Ocon,Alpine F1 Team,13,10,1.0,Finished,51,36.0
2022,8,Azerbaijan Grand Prix,Baku City Circuit,bottas,Valtteri Bottas,Alfa Romeo,15,11,0.0,+1 Lap,50,42.0
2022,8,Azerbaijan Grand Prix,Baku City Circuit,albon,Alexander Albon,Williams,17,12,0.0,+1 Lap,50,48.0
2022,8,Azerbaijan Grand Prix,Baku City Circuit,tsunoda,Yuki Tsunoda,AlphaTauri,8,13,0.0,+1 Lap,50,42.0
2022,8,Azerbaijan Grand Prix,Baku City Circuit,mick_schumacher,Mick Schumacher,Haas F1 Team,20,14,0.0,+1 Lap,50,40.0
2022,8,Azerbaijan Grand Prix,Baku City Circuit,latifi,Nicholas Latifi,Williams,18,15,0.0,+1 Lap,50,37.0
2022,8,Azerbaijan Grand Prix,Baku City Circuit,stroll,Lance Stroll,Aston Martin,19,16,0.0,Vibrations,46,38.0
2022,8,Azerbaijan Grand Prix,Baku City Circuit,kevin_magnussen,Kevin Magnussen,Haas F1 Team,16,17,0.0,Power Unit,31,12.0
2022,8,Azerbaijan Grand Prix,Baku City Circuit,zhou,Guanyu Zhou,Alfa Romeo,14,18,0.0,Hydraulics,23,12.0
2022,8,Azerbaijan Grand Prix,Baku City Circuit,leclerc,Charles Leclerc,Ferrari,1,19,0.0,Power Unit,21,13.0
2022,8,Azerbaijan Grand Prix,Baku City Circuit,sainz,Carlos Sainz,Ferrari,4,20,0.0,Hydraulics,8,3.0
2022,9,Canadian Grand Prix,Circuit Gilles Villeneuve,max_verstappen,Max Verstappen,Red Bull,1,1,25.0,Finished,70,64.0
2022,9,Canadian Grand Prix,Circuit Gilles Villeneuve,sainz,Carlos Sainz,Ferrari,3,2,19.0,Finished,70,63.0
2022,9,Canadian Grand Prix,Circuit Gilles Villeneuve,hamilton,Lewis Hamilton,Mercedes,4,3,15.0,Finished,70,69.0
2022,9,Canadian Grand Prix,Circuit Gilles Villeneuve,russell,George Russell,Mercedes,8,4,12.0,Finished,70,63.0
2022,9,Canadian Grand Prix,Circuit Gilles Villeneuve,leclerc,Charles Leclerc,Ferrari,19,5,10.0,Finished,70,62.0
2022,9,Canadian Grand Prix,Circuit Gilles Villeneuve,ocon,Esteban Ocon,Alpine F1 Team,7,6,8.0,Finished,70,62.0
2022,9,Canadian Grand Prix,Circuit Gilles Villeneuve,bottas,Valtteri Bottas,Alfa Romeo,11,7,6.0,Finished,70,64.0
2022,9,Canadian Grand Prix,Circuit Gilles Villeneuve,zhou,Guanyu Zhou,Alfa Romeo,10,8,4.0,Finished,70,60.0
2022,9,Canadian Grand Prix,Circuit Gilles Villeneuve,alonso,Fernando Alonso,Alpine F1 Team,2,9,2.0,Finished,70,63.0
2022,9,Canadian Grand Prix,Circuit Gilles Villeneuve,stroll,Lance Stroll,Aston Martin,17,10,1.0,Finished,70,64.0
2022,9,Canadian Grand Prix,Circuit Gilles Villeneuve,ricciardo,Daniel Ricciardo,McLaren,9,11,0.0,Finished,70,59.0
2022,9,Canadian Grand Prix,Circuit Gilles Villeneuve,vettel,Sebastian Vettel,Aston Martin,16,12,0.0,Finished,70,63.0
2022,9,Canadian Grand Prix,Circuit Gilles Villeneuve,albon,Alexander Albon,Williams,12,13,0.0,Finished,70,59.0
2022,9,Canadian Grand Prix,Circuit Gilles Villeneuve,gasly,Pierre Gasly,AlphaTauri,15,14,0.0,Finished,70,60.0
2022,9,Canadian Grand Prix,Circuit Gilles Villeneuve,norris,Lando Norris,McLaren,14,15,0.0,Finished,70,63.0
2022,9,Canadian Grand Prix,Circuit Gilles Villeneuve,latifi,Nicholas Latifi,Williams,18,16,0.0,Finished,70,61.0
2022,9,Canadian Grand Prix,Circuit Gilles Villeneuve,kevin_magnussen,Kevin Magnussen,Haas F1 Team,5,17,0.0,Finished,70,11.0
2022,9,Canadian Grand Prix,Circuit Gilles Villeneuve,tsunoda,Yuki Tsunoda,AlphaTauri,20,18,0.0,Accident,47,15.0
2022,9,Canadian Grand Prix,Circuit Gilles Villeneuve,mick_schumacher,Mick Schumacher,Haas F1 Team,6,19,0.0,Engine,18,13.0
2022,9,Canadian Grand Prix,Circuit Gilles Villeneuve,perez,Sergio Pérez,Red Bull,13,20,0.0,Gearbox,7,7.0
2022,10,British Grand Prix,Silverstone Circuit,sainz,Carlos Sainz,Ferrari,1,1,25.0,Finished,52,44.0
2022,10,British Grand Prix,Silverstone Circuit,perez,Sergio Pérez,Red Bull,4,2,18.0,Finished,52,47.0
2022,10,British Grand Prix,Silverstone Circuit,hamilton,Lewis Hamilton,Mercedes,5,3,16.0,Finished,52,52.0
2022,10,British Grand Prix,Silverstone Circuit,leclerc,Charles Leclerc,Ferrari,3,4,12.0,Finished,52,52.0
2022,10,British Grand Prix,Silverstone Circuit,alonso,Fernando Alonso,Alpine F1 Team,7,5,10.0,Finished,52,47.0
2022,10,British Grand Prix,Silverstone Circuit,norris,Lando Norris,McLaren,6,6,8.0,Finished,52,47.0
2022,10,British Grand Prix,Silverstone Circuit,max_verstappen,Max Verstappen,Red Bull,2,7,6.0,Finished,52,44.0
2022,10,British Grand Prix,Silverstone Circuit,mick_schumacher,Mick Schumacher,Haas F1 Team,19,8,4.0,Finished,52,48.0
2022,10,British Grand Prix,Silverstone Circuit,vettel,Sebastian Vettel,Aston Martin,18,9,2.0,Finished,52,52.0
2022,10,British Grand Prix,Silverstone Circuit,kevin_magnussen,Kevin Magnussen,Haas F1 Team,17,10,1.0,Finished,52,52.0
2022,10,British Grand Prix,Silverstone Circuit,stroll,Lance Stroll,Aston Martin,20,11,0.0,Finished,52,52.0
2022,10,British Grand Prix,Silverstone Circuit,latifi,Nicholas Latifi,Williams,10,12,0.0,Finished,52,48.0
2022,10,British Grand Prix,Silverstone Circuit,ricciardo,Daniel Ricciardo,McLaren,14,13,0.0,Finished,52,34.0
2022,10,British Grand Prix,Silverstone Circuit,tsunoda,Yuki Tsunoda,AlphaTauri,13,14,0.0,Finished,52,51.0
2022,10,British Grand Prix,Silverstone Circuit,ocon,Esteban Ocon,Alpine F1 Team,15,15,0.0,Fuel pump,37,37.0
2022,10,British Grand Prix,Silverstone Circuit,gasly,Pierre Gasly,AlphaTauri,11,16,0.0,Collision damage,26,18.0
2022,10,British Grand Prix,Silverstone Circuit,bottas,Valtteri Bottas,Alfa Romeo,12,17,0.0,Gearbox,20,19.0
2022,10,British Grand Prix,Silverstone Circuit,russell,George Russell,Mercedes,8,18,0.0,Collision,0,
2022,10,British Grand Prix,Silverstone Circuit,zhou,Guanyu Zhou,Alfa Romeo,9,19,0.0,Collision,0,
2022,10,British Grand Prix,Silverstone Circuit,albon,Alexander Albon,Williams,16,20,0.0,Collision,0,
2022,11,Austrian Grand Prix,Red Bull Ring,leclerc,Charles Leclerc,Ferrari,2,1,25.0,Finished,71,62.0
2022,11,Austrian Grand Prix,Red Bull Ring,max_verstappen,Max Verstappen,Red Bull,1,2,19.0,Finished,71,62.0
2022,11,Austrian Grand Prix,Red Bull Ring,hamilton,Lewis Hamilton,Mercedes,8,3,15.0,Finished,71,63.0
2022,11,Austrian Grand Prix,Red Bull Ring,russell,George Russell,Mercedes,4,4,12.0,Finished,71,61.0
2022,11,Austrian Grand Prix,Red Bull Ring,ocon,Esteban Ocon,Alpine F1 Team,6,5,10.0,Finished,71,62.0
2022,11,Austrian Grand Prix,Red Bull Ring,mick_schumacher,Mick Schumacher,Haas F1 Team,9,6,8.0,+1 Lap,70,50.0
2022,11,Austrian Grand Prix,Red Bull Ring,norris,Lando Norris,McLaren,10,7,6.0,+1 Lap,70,62.0
2022,11,Austrian Grand Prix,Red Bull Ring,kevin_magnussen,Kevin Magnussen,Haas F1 Team,7,8,4.0,+1 Lap,70,61.0
2022,11,Austrian Grand Prix,Red Bull Ring,ricciardo,Daniel Ricciardo,McLaren,11,9,2.0,+1 Lap,70,61.0
2022,11,Austrian Grand Prix,Red Bull Ring,alonso,Fernando Alonso,Alpine F1 Team,19,10,1.0,+1 Lap,70,62.0
2022,11,Austrian Grand Prix,Red Bull Ring,bottas,Valtteri Bottas,Alfa Romeo,0,11,0.0,+1 Lap,70,61.0
2022,11,Austrian Grand Prix,Red Bull Ring,albon,Alexander Albon,Williams,15,12,0.0,+1 Lap,70,60.0
2022,11,Austrian Grand Prix,Red Bull Ring,stroll,Lance Stroll,Aston Martin,12,13,0.0,+1 Lap,70,64.0
2022,11,Austrian Grand Prix,Red Bull Ring,zhou,Guanyu Zhou,Alfa Romeo,13,14,0.0,+1 Lap,70,50.0
2022,11,Austrian Grand Prix,Red Bull Ring,gasly,Pierre Gasly,AlphaTauri,14,15,0.0,+1 Lap,70,61.0
2022,11,Austrian Grand Prix,Red Bull Ring,tsunoda,Yuki Tsunoda,AlphaTauri,16,16,0.0,+1 Lap,70,62.0
2022,11,Austrian Grand Prix,Red Bull Ring,vettel,Sebastian Vettel,Aston Martin,18,17,0.0,+1 Lap,70,62.0
2022,11,Austrian Grand Prix,Red Bull Ring,sainz,Carlos Sainz,Ferrari,3,18,0.0,Power Unit,56,55.0
2022,11,Austrian Grand Prix,Red Bull Ring,latifi,Nicholas Latifi,Williams,17,19,0.0,Undertray,48,14.0
2022,11,Austrian Grand Prix,Red Bull Ring,perez,Sergio Pérez,Red Bull,5,20,0.0,Collision damage,24,5.0
2022,12,French Grand Prix,Circuit Paul Ricard,max_verstappen,Max Verstappen,Red Bull,2,1,25.0,Finished,53,30.0
2022,12,French Grand Prix,Circuit Paul Ricard,hamilton,Lewis Hamilton,Mercedes,4,2,18.0,Finished,53,30.0
2022,12,French Grand Prix,Circuit Paul Ricard,russell,George Russell,Mercedes,6,3,15.0,Finished,53,51.0
2022,12,French Grand Prix,Circuit Paul Ricard,perez,Sergio Pérez,Red Bull,3,4,12.0,Finished,53,45.0
2022,12,French Grand Prix,Circuit Paul Ricard,sainz,Carlos Sainz,Ferrari,19,5,11.0,Finished,53,51.0
2022,12,French Grand Prix,Circuit Paul Ricard,alonso,Fernando Alonso,Alpine F1 Team,7,6,8.0,Finished,53,53.0
2022,12,French Grand Prix,Circuit Paul Ricard,norris,Lando Norris,McLaren,5,7,6.0,Finished,53,43.0
2022,12,French Grand Prix,Circuit Paul Ricard,ocon,Esteban Ocon,Alpine F1 Team,10,8,4.0,Finished,53,53.0
2022,12,French Grand Prix,Circuit Paul Ricard,ricciardo,Daniel Ricciardo,McLaren,9,9,2.0,Finished,53,27.0
2022,12,French Grand Prix,Circuit Paul Ricard,stroll,Lance Stroll,Aston Martin,15,10,1.0,Finished,53,52.0
2022,12,French Grand Prix,Circuit Paul Ricard,vettel,Sebastian Vettel,Aston Martin,12,11,0.0,Finished,53,43.0
2022,12,French Grand Prix,Circuit Paul Ricard,gasly,Pierre Gasly,AlphaTauri,14,12,0.0,Finished,53,53.0
2022,12,French Grand Prix,Circuit Paul Ricard,albon,Alexander Albon,Williams,13,13,0.0,Finished,53,53.0
2022,12,French Grand Prix,Circuit Paul Ricard,bottas,Valtteri Bottas,Alfa Romeo,11,14,0.0,Finished,53,52.0
2022,12,French Grand Prix,Circuit Paul Ricard,mick_schumacher,Mick Schumacher,Haas F1 Team,17,15,0.0,Finished,53,48.0
2022,12,French Grand Prix,Circuit Paul Ricard,zhou,Guanyu Zhou,Alfa Romeo,16,16,0.0,+6 Laps,47,25.0
2022,12,French Grand Prix,Circuit Paul Ricard,latifi,Nicholas Latifi,Williams,18,17,0.0,Collision damage,40,40.0
2022,12,French Grand Prix,Circuit Paul Ricard,kevin_magnussen,Kevin Magnussen,Haas F1 Team,20,18,0.0,Collision damage,37,11.0
2022,12,French Grand Prix,Circuit Paul Ricard,leclerc,Charles Leclerc,Ferrari,1,19,0.0,Accident,17,4.0
2022,12,French Grand Prix,Circuit Paul Ricard,tsunoda,Yuki Tsunoda,AlphaTauri,8,20,0.0,Undertray,17,4.0
2022,13,Hungarian Grand Prix,Hungaroring,max_verstappen,Max Verstappen,Red Bull,10,1,25.0,Finished,70,45.0
2022,13,Hungarian Grand Prix,Hungaroring,hamilton,Lewis Hamilton,Mercedes,7,2,19.0,Finished,70,57.0
2022,13,Hungarian Grand Prix,Hungaroring,russell,George Russell,Mercedes,1,3,15.0,Finished,70,57.0
2022,13,Hungarian Grand Prix,Hungaroring,sainz,Carlos Sainz,Ferrari,2,4,12.0,Finished,70,51.0
2022,13,Hungarian Grand Prix,Hungaroring,perez,Sergio Pérez,Red Bull,11,5,10.0,Finished,70,44.0
2022,13,Hungarian Grand Prix,Hungaroring,leclerc,Charles Leclerc,Ferrari,3,6,8.0,Finished,70,57.0
2022,13,Hungarian Grand Prix,Hungaroring,norris,Lando Norris,McLaren,4,7,6.0,Finished,70,47.0
2022,13,Hungarian Grand Prix,Hungaroring,alonso,Fernando Alonso,Alpine F1 Team,6,8,4.0,+1 Lap,69,47.0
2022,13,Hungarian Grand Prix,Hungaroring,ocon,Esteban Ocon,Alpine F1 Team,5,9,2.0,+1 Lap,69,60.0
2022,13,Hungarian Grand Prix,Hungaroring,vettel,Sebastian Vettel,Aston Martin,18,10,1.0,+1 Lap,69,51.0
2022,13,Hungarian Grand Prix,Hungaroring,stroll,Lance Stroll,Aston Martin,14,11,0.0,+1 Lap,69,51.0
2022,13,Hungarian Grand Prix,Hungaroring,gasly,Pierre Gasly,AlphaTauri,0,12,0.0,+1 Lap,69,58.0
2022,13,Hungarian Grand Prix,Hungaroring,zhou,Guanyu Zhou,Alfa Romeo,12,13,0.0,+1 Lap,69,58.0
2022,13,Hungarian Grand Prix,Hungaroring,mick_schumacher,Mick Schumacher,Haas F1 Team,15,14,0.0,+1 Lap,69,50.0
2022,13,Hungarian Grand Prix,Hungaroring,ricciardo,Daniel Ricciardo,McLaren,9,15,0.0,+1 Lap,69,63.0
2022,13,Hungarian Grand Prix,Hungaroring,kevin_magnussen,Kevin Magnussen,Haas F1 Team,13,16,0.0,+1 Lap,69,37.0
2022,13,Hungarian Grand Prix,Hungaroring,albon,Alexander Albon,Williams,17,17,0.0,+1 Lap,69,43.0
2022,13,Hungarian Grand Prix,Hungaroring,latifi,Nicholas Latifi,Williams,19,18,0.0,+1 Lap,69,60.0
2022,13,Hungarian Grand Prix,Hungaroring,tsunoda,Yuki Tsunoda,AlphaTauri,16,19,0.0,+2 Laps,68,58.0
2022,13,Hungarian Grand Prix,Hungaroring,bottas,Valtteri Bottas,Alfa Romeo,8,20,0.0,Power Unit,65,60.0
2022,14,Belgian Grand Prix,Circuit de Spa-Francorchamps,max_verstappen,Max Verstappen,Red Bull,14,1,26.0,Finished,44,32.0
2022,14,Belgian Grand Prix,Circuit de Spa-Francorchamps,perez,Sergio Pérez,Red Bull,2,2,18.0,Finished,44,29.0
2022,14,Belgian Grand Prix,Circuit de Spa-Francorchamps,sainz,Carlos Sainz,Ferrari,1,3,15.0,Finished,44,32.0
2022,14,Belgian Grand Prix,Circuit de Spa-Francorchamps,russell,George Russell,Mercedes,5,4,12.0,Finished,44,31.0
2022,14,Belgian Grand Prix,Circuit de Spa-Francorchamps,alonso,Fernando Alonso,Alpine F1 Team,3,5,10.0,Finished,44,35.0
2022,14,Belgian Grand Prix,Circuit de Spa-Francorchamps,leclerc,Charles Leclerc,Ferrari,15,6,8.0,Finished,44,44.0
2022,14,Belgian Grand Prix,Circuit de Spa-Francorchamps,ocon,Esteban Ocon,Alpine F1 Team,16,7,6.0,Finished,44,36.0
2022,14,Belgian Grand Prix,Circuit de Spa-Francorchamps,vettel,Sebastian Vettel,Aston Martin,10,8,4.0,Finished,44,40.0
2022,14,Belgian Grand Prix,Circuit de Spa-Francorchamps,gasly,Pierre Gasly,AlphaTauri,0,9,2.0,Finished,44,24.0
2022,14,Belgian Grand Prix,Circuit de Spa-Francorchamps,albon,Alexander Albon,Williams,6,10,1.0,Finished,44,28.0
2022,14,Belgian Grand Prix,Circuit de Spa-Francorchamps,stroll,Lance Stroll,Aston Martin,9,11,0.0,Finished,44,29.0
2022,14,Belgian Grand Prix,Circuit de Spa-Francorchamps,norris,Lando Norris,McLaren,17,12,0.0,Finished,44,31.0
2022,14,Belgian Grand Prix,Circuit de Spa-Francorchamps,tsunoda,Yuki Tsunoda,AlphaTauri,0,13,0.0,Finished,44,32.0
2022,14,Belgian Grand Prix,Circuit de Spa-Francorchamps,zhou,Guanyu Zhou,Alfa Romeo,18,14,0.0,Finished,44,30.0
2022,14,Belgian Grand Prix,Circuit de Spa-Francorchamps,ricciardo,Daniel Ricciardo,McLaren,7,15,0.0,Finished,44,34.0
2022,14,Belgian Grand Prix,Circuit de Spa-Francorchamps,kevin_magnussen,Kevin Magnussen,Haas F1 Team,12,16,0.0,+1 Lap,43,29.0
2022,14,Belgian Grand Prix,Circuit de Spa-Francorchamps,mick_schumacher,Mick Schumacher,Haas F1 Team,19,17,0.0,+1 Lap,43,35.0
2022,14,Belgian Grand Prix,Circuit de Spa-Francorchamps,latifi,Nicholas Latifi,Williams,11,18,0.0,+1 Lap,43,38.0
2022,14,Belgian Grand Prix,Circuit de Spa-Francorchamps,bottas,Valtteri Bottas,Alfa Romeo,13,19,0.0,Accident,1,
2022,14,Belgian Grand Prix,Circuit de Spa-Francorchamps,hamilton,Lewis Hamilton,Mercedes,4,20,0.0,Collision damage,0,
2022,15,Dutch Grand Prix,Circuit Park Zandvoort,max_verstappen,Max Verstappen,Red Bull,1,1,26.0,Finished,72,62.0
2022,15,Dutch Grand Prix,Circuit Park Zandvoort,russell,George Russell,Mercedes,6,2,18.0,Finished,72,72.0
2022,15,Dutch Grand Prix,Circuit Park Zandvoort,leclerc,Charles Leclerc,Ferrari,2,3,15.0,Finished,72,62.0
2022,15,Dutch Grand Prix,Circuit Park Zandvoort,hamilton,Lewis Hamilton,Mercedes,4,4,12.0,Finished,72,54.0
2022,15,Dutch Grand Prix,Circuit Park Zandvoort,perez,Sergio Pérez,Red Bull,5,5,10.0,Finished,72,63.0
2022,15,Dutch Grand Prix,Circuit Park Zandvoort,alonso,Fernando Alonso,Alpine F1 Team,13,6,8.0,Finished,72,51.0
2022,15,Dutch Grand Prix,Circuit Park Zandvoort,norris,Lando Norris,McLaren,7,7,6.0,Finished,72,63.0
2022,15,Dutch Grand Prix,Circuit Park Zandvoort,sainz,Carlos Sainz,Ferrari,3,8,4.0,Finished,72,63.0
2022,15,Dutch Grand Prix,Circuit Park Zandvoort,ocon,Esteban Ocon,Alpine F1 Team,12,9,2.0,Finished,72,64.0
2022,15,Dutch Grand Prix,Circuit Park Zandvoort,stroll,Lance Stroll,Aston Martin,10,10,1.0,Finished,72,65.0
2022,15,Dutch Grand Prix,Circuit Park Zandvoort,gasly,Pierre Gasly,AlphaTauri,11,11,0.0,Finished,72,65.0
2022,15,Dutch Grand Prix,Circuit Park Zandvoort,albon,Alexander Albon,Williams,15,12,0.0,Finished,72,65.0
2022,15,Dutch Grand Prix,Circuit Park Zandvoort,mick_schumacher,Mick Schumacher,Haas F1 Team,8,13,0.0,Finished,72,51.0
2022,15,Dutch Grand Prix,Circuit Park Zandvoort,vettel,Sebastian Vettel,Aston Martin,19,14,0.0,Finished,72,50.0
2022,15,Dutch Grand Prix,Circuit Park Zandvoort,kevin_magnussen,Kevin Magnussen,Haas F1 Team,18,15,0.0,Finished,72,53.0
2022,15,Dutch Grand Prix,Circuit Park Zandvoort,zhou,Guanyu Zhou,Alfa Romeo,14,16,0.0,Finished,72,63.0
2022,15,Dutch Grand Prix,Circuit Park Zandvoort,ricciardo,Daniel Ricciardo,McLaren,17,17,0.0,Finished,72,52.0
2022,15,Dutch Grand Prix,Circuit Park Zandvoort,latifi,Nicholas Latifi,Williams,20,18,0.0,+1 Lap,71,62.0
2022,15,Dutch Grand Prix,Circuit Park Zandvoort,bottas,Valtteri Bottas,Alfa Romeo,16,19,0.0,Engine,53,51.0
2022,15,Dutch Grand Prix,Circuit Park Zandvoort,tsunoda,Yuki Tsunoda,AlphaTauri,9,20,0.0,Differential,43,16.0
2022,16,Italian Grand Prix,Autodromo Nazionale di Monza,max_verstappen,Max Verstappen,Red Bull,7,1,25.0,Finished,53,38.0
2022,16,Italian Grand Prix,Autodromo Nazionale di Monza,leclerc,Charles Leclerc,Ferrari,1,2,18.0,Finished,53,38.0
2022,16,Italian Grand Prix,Autodromo Nazionale di Monza,russell,George Russell,Mercedes,2,3,15.0,Finished,53,40.0
2022,16,Italian Grand Prix,Autodromo Nazionale di Monza,sainz,Carlos Sainz,Ferrari,18,4,12.0,Finished,53,41.0
2022,16,Italian Grand Prix,Autodromo Nazionale di Monza,hamilton,Lewis Hamilton,Mercedes,19,5,10.0,Finished,53,43.0
2022,16,Italian Grand Prix,Autodromo Nazionale di Monza,perez,Sergio Pérez,Red Bull,13,6,9.0,Finished,53,46.0
2022,16,Italian Grand Prix,Autodromo Nazionale di Monza,norris,Lando Norris,McLaren,3,7,6.0,Finished,53,43.0
2022,16,Italian Grand Prix,Autodromo Nazionale di Monza,gasly,Pierre Gasly,AlphaTauri,5,8,4.0,Finished,53,30.0
2022,16,Italian Grand Prix,Autodromo Nazionale di Monza,de_vries,Nyck de Vries,Williams,8,9,2.0,Finished,53,41.0
2022,16,Italian Grand Prix,Autodromo Nazionale di Monza,zhou,Guanyu Zhou,Alfa Romeo,9,10,1.0,Finished,53,41.0
2022,16,Italian Grand Prix,Autodromo Nazionale di Monza,ocon,Esteban Ocon,Alpine F1 Team,14,11,0.0,Finished,53,37.0
2022,16,Italian Grand Prix,Autodromo Nazionale di Monza,mick_schumacher,Mick Schumacher,Haas F1 Team,17,12,0.0,Finished,53,43.0
2022,16,Italian Grand Prix,Autodromo Nazionale di Monza,bottas,Valtteri Bottas,Alfa Romeo,15,13,0.0,+1 Lap,52,45.0
2022,16,Italian Grand Prix,Autodromo Nazionale di Monza,tsunoda,Yuki Tsunoda,AlphaTauri,20,14,0.0,+1 Lap,52,43.0
2022,16,Italian Grand Prix,Autodromo Nazionale di Monza,latifi,Nicholas Latifi,Williams,10,15,0.0,+1 Lap,52,17.0
2022,16,Italian Grand Prix,Autodromo Nazionale di Monza,kevin_magnussen,Kevin Magnussen,Haas F1 Team,16,16,0.0,+1 Lap,52,37.0
2022,16,Italian Grand Prix,Autodromo Nazionale di Monza,ricciardo,Daniel Ricciardo,McLaren,4,17,0.0,Oil leak,45,39.0
2022,16,Italian Grand Prix,Autodromo Nazionale di Monza,stroll,Lance Stroll,Aston Martin,12,18,0.0,Engine,39,34.0
2022,16,Italian Grand Prix,Autodromo Nazionale di Monza,alonso,Fernando Alonso,Alpine F1 Team,6,19,0.0,Water pressure,31,7.0
2022,16,Italian Grand Prix,Autodromo Nazionale di Monza,vettel,Sebastian Vettel,Aston Martin,11,20,0.0,Engine,10,4.0
2022,17,Singapore Grand Prix,Marina Bay Street Circuit,perez,Sergio Pérez,Red Bull,2,1,25.0,Finished,59,57.0
2022,17,Singapore Grand Prix,Marina Bay Street Circuit,leclerc,Charles Leclerc,Ferrari,1,2,18.0,Finished,59,54.0
2022,17,Singapore Grand Prix,Marina Bay Street Circuit,sainz,Carlos Sainz,Ferrari,4,3,15.0,Finished,59,59.0
2022,17,Singapore Grand Prix,Marina Bay Street Circuit,norris,Lando Norris,McLaren,6,4,12.0,Finished,59,56.0
2022,17,Singapore Grand Prix,Marina Bay Street Circuit,ricciardo,Daniel Ricciardo,McLaren,16,5,10.0,Finished,59,57.0
2022,17,Singapore Grand Prix,Marina Bay Street Circuit,stroll,Lance Stroll,Aston Martin,11,6,8.0,Finished,59,58.0
2022,17,Singapore Grand Prix,Marina Bay Street Circuit,max_verstappen,Max Verstappen,Red Bull,8,7,6.0,Finished,59,52.0
2022,17,Singapore Grand Prix,Marina Bay Street Circuit,vettel,Sebastian Vettel,Aston Martin,13,8,4.0,Finished,59,58.0
2022,17,Singapore Grand Prix,Marina Bay Street Circuit,hamilton,Lewis Hamilton,Mercedes,3,9,2.0,Finished,59,58.0
2022,17,Singapore Grand Prix,Marina Bay Street Circuit,gasly,Pierre Gasly,AlphaTauri,7,10,1.0,Finished,59,56.0
2022,17,Singapore Grand Prix,Marina Bay Street Circuit,bottas,Valtteri Bottas,Alfa Romeo,15,11,0.0,Finished,59,52.0
2022,17,Singapore Grand Prix,Marina Bay Street Circuit,kevin_magnussen,Kevin Magnussen,Haas F1 Team,9,12,0.0,Finished,59,59.0
2022,17,Singapore Grand Prix,Marina Bay Street Circuit,mick_schumacher,Mick Schumacher,Haas F1 Team,12,13,0.0,+1 Lap,58,58.0
2022,17,Singapore Grand Prix,Marina Bay Street Circuit,russell,George Russell,Mercedes,0,14,0.0,+2 Laps,57,54.0
2022,17,Singapore Grand Prix,Marina Bay Street Circuit,tsunoda,Yuki Tsunoda,AlphaTauri,10,15,0.0,Accident,34,32.0
2022,17,Singapore Grand Prix,Marina Bay Street Circuit,ocon,Esteban Ocon,Alpine F1 Team,17,16,0.0,Engine,26,24.0
2022,17,Singapore Grand Prix,Marina Bay Street Circuit,albon,Alexander Albon,Williams,18,17,0.0,Collision damage,25,24.0
2022,17,Singapore Grand Prix,Marina Bay Street Circuit,alonso,Fernando Alonso,Alpine F1 Team,5,18,0.0,Engine,20,19.0
2022,17,Singapore Grand Prix,Marina Bay Street Circuit,latifi,Nicholas Latifi,Williams,19,19,0.0,Collision damage,7,5.0
2022,17,Singapore Grand Prix,Marina Bay Street Circuit,zhou,Guanyu Zhou,Alfa Romeo,14,20,0.0,Collision,6,5.0
2022,18,Japanese Grand Prix,Suzuka Circuit,max_verstappen,Max Verstappen,Red Bull,1,1,25.0,Finished,28,10.0
2022,18,Japanese Grand Prix,Suzuka Circuit,perez,Sergio Pérez,Red Bull,4,2,18.0,Finished,28,11.0
2022,18,Japanese Grand Prix,Suzuka Circuit,leclerc,Charles Leclerc,Ferrari,2,3,15.0,Finished,28,10.0
2022,18,Japanese Grand Prix,Suzuka Circuit,ocon,Esteban Ocon,Alpine F1 Team,5,4,12.0,Finished,28,11.0
2022,18,Japanese Grand Prix,Suzuka Circuit,hamilton,Lewis Hamilton,Mercedes,6,5,10.0,Finished,28,11.0
2022,18,Japanese Grand Prix,Suzuka Circuit,vettel,Sebastian Vettel,Aston Martin,9,6,8.0,Finished,28,13.0
2022,18,Japanese Grand Prix,Suzuka Circuit,alonso,Fernando Alonso,Alpine F1 Team,7,7,6.0,Finished,28,25.0
2022,18,Japanese Grand Prix,Suzuka Circuit,russell,George Russell,Mercedes,8,8,4.0,Finished,28,21.0
2022,18,Japanese Grand Prix,Suzuka Circuit,latifi,Nicholas Latifi,Williams,20,9,2.0,Finished,28,12.0
2022,18,Japanese Grand Prix,Suzuka Circuit,norris,Lando Norris,McLaren,10,10,1.0,Finished,28,8.0
2022,18,Japanese Grand Prix,Suzuka Circuit,ricciardo,Daniel Ricciardo,McLaren,11,11,0.0,Finished,28,11.0
2022,18,Japanese Grand Prix,Suzuka Circuit,stroll,Lance Stroll,Aston Martin,19,12,0.0,Finished,28,21.0
2022,18,Japanese Grand Prix,Suzuka Circuit,tsunoda,Yuki Tsunoda,AlphaTauri,13,13,0.0,Finished,28,22.0
2022,18,Japanese Grand Prix,Suzuka Circuit,kevin_magnussen,Kevin Magnussen,Haas F1 Team,18,14,0.0,Finished,28,10.0
2022,18,Japanese Grand Prix,Suzuka Circuit,bottas,Valtteri Bottas,Alfa Romeo,12,15,0.0,Finished,28,11.0
2022,18,Japanese Grand Prix,Suzuka Circuit,zhou,Guanyu Zhou,Alfa Romeo,14,16,0.0,Finished,28,20.0
2022,18,Japanese Grand Prix,Suzuka Circuit,mick_schumacher,Mick Schumacher,Haas F1 Team,15,17,0.0,Finished,28,22.0
2022,18,Japanese Grand Prix,Suzuka Circuit,gasly,Pierre Gasly,AlphaTauri,17,18,0.0,Finished,28,13.0
2022,18,Japanese Grand Prix,Suzuka Circuit,sainz,Carlos Sainz,Ferrari,3,19,0.0,Accident,0,
2022,18,Japanese Grand Prix,Suzuka Circuit,albon,Alexander Albon,Williams,16,20,0.0,Hydraulics,0,
2022,19,United States Grand Prix,Circuit of the Americas,max_verstappen,Max Verstappen,Red Bull,2,1,25.0,Finished,56,37.0
2022,19,United States Grand Prix,Circuit of the Americas,hamilton,Lewis Hamilton,Mercedes,3,2,18.0,Finished,56,45.0
2022,19,United States Grand Prix,Circuit of the Americas,leclerc,Charles Leclerc,Ferrari,12,3,15.0,Finished,56,37.0
2022,19,United States Grand Prix,Circuit of the Americas,perez,Sergio Pérez,Red Bull,9,4,12.0,Finished,56,44.0
2022,19,United States Grand Prix,Circuit of the Americas,russell,George Russell,Mercedes,4,5,11.0,Finished,56,56.0
2022,19,United States Grand Prix,Circuit of the Americas,norris,Lando Norris,McLaren,6,6,8.0,Finished,56,49.0
2022,19,United States Grand Prix,Circuit of the Americas,alonso,Fernando Alonso,Alpine F1 Team,14,7,6.0,Finished,56,39.0
2022,19,United States Grand Prix,Circuit of the Americas,vettel,Sebastian Vettel,Aston Martin,10,8,4.0,Finished,56,35.0
2022,19,United States Grand Prix,Circuit of the Americas,kevin_magnussen,Kevin Magnussen,Haas F1 Team,13,9,2.0,Finished,56,36.0
2022,19,United States Grand Prix,Circuit of the Americas,tsunoda,Yuki Tsunoda,AlphaTauri,19,10,1.0,Finished,56,49.0
2022,19,United States Grand Prix,Circuit of the Americas,ocon,Esteban Ocon,Alpine F1 Team,0,11,0.0,Finished,56,39.0
2022,19,United States Grand Prix,Circuit of the Americas,zhou,Guanyu Zhou,Alfa Romeo,18,12,0.0,Finished,56,46.0
2022,19,United States Grand Prix,Circuit of the Americas,albon,Alexander Albon,Williams,8,13,0.0,Finished,56,55.0
2022,19,United States Grand Prix,Circuit of the Americas,gasly,Pierre Gasly,AlphaTauri,11,14,0.0,Finished,56,55.0
2022,19,United States Grand Prix,Circuit of the Americas,mick_schumacher,Mick Schumacher,Haas F1 Team,16,15,0.0,Finished,56,51.0
2022,19,United States Grand Prix,Circuit of the Americas,ricciardo,Daniel Ricciardo,McLaren,15,16,0.0,Finished,56,55.0
2022,19,United States Grand Prix,Circuit of the Americas,latifi,Nicholas Latifi,Williams,17,17,0.0,Finished,56,54.0
2022,19,United States Grand Prix,Circuit of the Americas,stroll,Lance Stroll,Aston Martin,5,18,0.0,Collision,21,3.0
2022,19,United States Grand Prix,Circuit of the Americas,bottas,Valtteri Bottas,Alfa Romeo,7,19,0.0,Spun off,16,4.0
2022,19,United States Grand Prix,Circuit of the Americas,sainz,Carlos Sainz,Ferrari,1,20,0.0,Collision damage,1,
2022,20,Mexico City Grand Prix,Autódromo Hermanos Rodríguez,max_verstappen,Max Verstappen,Red Bull,1,1,25.0,Finished,71,36.0
2022,20,Mexico City Grand Prix,Autódromo Hermanos Rodríguez,hamilton,Lewis Hamilton,Mercedes,3,2,18.0,Finished,71,32.0
2022,20,Mexico City Grand Prix,Autódromo Hermanos Rodríguez,perez,Sergio Pérez,Red Bull,4,3,15.0,Finished,71,30.0
2022,20,Mexico City Grand Prix,Autódromo Hermanos Rodríguez,russell,George Russell,Mercedes,2,4,13.0,Finished,71,71.0
2022,20,Mexico City Grand Prix,Autódromo Hermanos Rodríguez,sainz,Carlos Sainz,Ferrari,5,5,10.0,Finished,71,32.0
2022,20,Mexico City Grand Prix,Autódromo Hermanos Rodríguez,leclerc,Charles Leclerc,Ferrari,7,6,8.0,Finished,71,48.0
2022,20,Mexico City Grand Prix,Autódromo Hermanos Rodríguez,ricciardo,Daniel Ricciardo,McLaren,11,7,6.0,+1 Lap,70,48.0
2022,20,Mexico City Grand Prix,Autódromo Hermanos Rodríguez,ocon,Esteban Ocon,Alpine F1 Team,10,8,4.0,+1 Lap,70,48.0
2022,20,Mexico City Grand Prix,Autódromo Hermanos Rodríguez,norris,Lando Norris,McLaren,8,9,2.0,+1 Lap,70,48.0
2022,20,Mexico City Grand Prix,Autódromo Hermanos Rodríguez,bottas,Valtteri Bottas,Alfa Romeo,6,10,1.0,+1 Lap,70,43.0
2022,20,Mexico City Grand Prix,Autódromo Hermanos Rodríguez,gasly,Pierre Gasly,AlphaTauri,14,11,0.0,+1 Lap,70,42.0
2022,20,Mexico City Grand Prix,Autódromo Hermanos Rodríguez,albon,Alexander Albon,Williams,17,12,0.0,+1 Lap,70,48.0
2022,20,Mexico City Grand Prix,Autódromo Hermanos Rodríguez,zhou,Guanyu Zhou,Alfa Romeo,12,13,0.0,+1 Lap,70,47.0
2022,20,Mexico City Grand Prix,Autódromo Hermanos Rodríguez,vettel,Sebastian Vettel,Aston Martin,16,14,0.0,+1 Lap,70,45.0
2022,20,Mexico City Grand Prix,Autódromo Hermanos Rodríguez,stroll,Lance Stroll,Aston Martin,20,15,0.0,+1 Lap,70,42.0
2022,20,Mexico City Grand Prix,Autódromo Hermanos Rodríguez,mick_schumacher,Mick Schumacher,Haas F1 Team,15,16,0.0,+1 Lap,70,30.0
2022,20,Mexico City Grand Prix,Autódromo Hermanos Rodríguez,kevin_magnussen,Kevin Magnussen,Haas F1 Team,19,17,0.0,+1 Lap,70,49.0
2022,20,Mexico City Grand Prix,Autódromo Hermanos Rodríguez,latifi,Nicholas Latifi,Williams,18,18,0.0,+2 Laps,69,56.0
2022,20,Mexico City Grand Prix,Autódromo Hermanos Rodríguez,alonso,Fernando Alonso,Alpine F1 Team,9,19,0.0,Engine,63,48.0
2022,20,Mexico City Grand Prix,Autódromo Hermanos Rodríguez,tsunoda,Yuki Tsunoda,AlphaTauri,13,20,0.0,Collision damage,50,48.0
2022,21,São Paulo Grand Prix,Autódromo José Carlos Pace,russell,George Russell,Mercedes,1,1,26.0,Finished,71,61.0
2022,21,São Paulo Grand Prix,Autódromo José Carlos Pace,hamilton,Lewis Hamilton,Mercedes,2,2,18.0,Finished,71,63.0
2022,21,São Paulo Grand Prix,Autódromo José Carlos Pace,sainz,Carlos Sainz,Ferrari,7,3,15.0,Finished,71,65.0
2022,21,São Paulo Grand Prix,Autódromo José Carlos Pace,leclerc,Charles Leclerc,Ferrari,5,4,12.0,Finished,71,63.0
2022,21,São Paulo Grand Prix,Autódromo José Carlos Pace,alonso,Fernando Alonso,Alpine F1 Team,17,5,10.0,Finished,71,62.0
2022,21,São Paulo Grand Prix,Autódromo José Carlos Pace,max_verstappen,Max Verstappen,Red Bull,3,6,8.0,Finished,71,64.0
2022,21,São Paulo Grand Prix,Autódromo José Carlos Pace,perez,Sergio Pérez,Red Bull,4,7,6.0,Finished,71,62.0
2022,21,São Paulo Grand Prix,Autódromo José Carlos Pace,ocon,Esteban Ocon,Alpine F1 Team,16,8,4.0,Finished,71,65.0
2022,21,São Paulo Grand Prix,Autódromo José Carlos Pace,bottas,Valtteri Bottas,Alfa Romeo,14,9,2.0,Finished,71,62.0
2022,21,São Paulo Grand Prix,Autódromo José Carlos Pace,stroll,Lance Stroll,Aston Martin,15,10,1.0,Finished,71,50.0
2022,21,São Paulo Grand Prix,Autódromo José Carlos Pace,vettel,Sebastian Vettel,Aston Martin,9,11,0.0,Finished,71,64.0
2022,21,São Paulo Grand Prix,Autódromo José Carlos Pace,zhou,Guanyu Zhou,Alfa Romeo,13,12,0.0,Finished,71,64.0
2022,21,São Paulo Grand Prix,Autódromo José Carlos Pace,mick_schumacher,Mick Schumacher,Haas F1 Team,12,13,0.0,Finished,71,63.0
2022,21,São Paulo Grand Prix,Autódromo José Carlos Pace,gasly,Pierre Gasly,AlphaTauri,10,14,0.0,Finished,71,64.0
2022,21,São Paulo Grand Prix,Autódromo José Carlos Pace,albon,Alexander Albon,Williams,19,15,0.0,Finished,71,49.0
2022,21,São Paulo Grand Prix,Autódromo José Carlos Pace,latifi,Nicholas Latifi,Williams,18,16,0.0,Finished,71,59.0
2022,21,São Paulo Grand Prix,Autódromo José Carlos Pace,tsunoda,Yuki Tsunoda,AlphaTauri,0,17,0.0,+1 Lap,70,63.0
2022,21,São Paulo Grand Prix,Autódromo José Carlos Pace,norris,Lando Norris,McLaren,6,18,0.0,Gearbox,50,48.0
2022,21,São Paulo Grand Prix,Autódromo José Carlos Pace,kevin_magnussen,Kevin Magnussen,Haas F1 Team,8,19,0.0,Collision,0,
2022,21,São Paulo Grand Prix,Autódromo José Carlos Pace,ricciardo,Daniel Ricciardo,McLaren,11,20,0.0,Collision,0,
2022,22,Abu Dhabi Grand Prix,Yas Marina Circuit,max_verstappen,Max Verstappen,Red Bull,1,1,25.0,Finished,58,54.0
2022,22,Abu Dhabi Grand Prix,Yas Marina Circuit,leclerc,Charles Leclerc,Ferrari,3,2,18.0,Finished,58,48.0
2022,22,Abu Dhabi Grand Prix,Yas Marina Circuit,perez,Sergio Pérez,Red Bull,2,3,15.0,Finished,58,52.0
2022,22,Abu Dhabi Grand Prix,Yas Marina Circuit,sainz,Carlos Sainz,Ferrari,4,4,12.0,Finished,58,50.0
2022,22,Abu Dhabi Grand Prix,Yas Marina Circuit,russell,George Russell,Mercedes,6,5,10.0,Finished,58,48.0
2022,22,Abu Dhabi Grand Prix,Yas Marina Circuit,norris,Lando Norris,McLaren,7,6,9.0,Finished,58,44.0
2022,22,Abu Dhabi Grand Prix,Yas Marina Circuit,ocon,Esteban Ocon,Alpine F1 Team,8,7,6.0,Finished,58,45.0
2022,22,Abu Dhabi Grand Prix,Yas Marina Circuit,stroll,Lance Stroll,Aston Martin,14,8,4.0,Finished,58,42.0
2022,22,Abu Dhabi Grand Prix,Yas Marina Circuit,ricciardo,Daniel Ricciardo,McLaren,13,9,2.0,Finished,58,45.0
2022,22,Abu Dhabi Grand Prix,Yas Marina Circuit,vettel,Sebastian Vettel,Aston Martin,9,10,1.0,Finished,58,35.0
2022,22,Abu Dhabi Grand Prix,Yas Marina Circuit,tsunoda,Yuki Tsunoda,AlphaTauri,11,11,0.0,Finished,58,40.0
2022,22,Abu Dhabi Grand Prix,Yas Marina Circuit,zhou,Guanyu Zhou,Alfa Romeo,15,12,0.0,+1 Lap,57,53.0
2022,22,Abu Dhabi Grand Prix,Yas Marina Circuit,albon,Alexander Albon,Williams,19,13,0.0,+1 Lap,57,40.0
2022,22,Abu Dhabi Grand Prix,Yas Marina Circuit,gasly,Pierre Gasly,AlphaTauri,17,14,0.0,+1 Lap,57,16.0
2022,22,Abu Dhabi Grand Prix,Yas Marina Circuit,bottas,Valtteri Bottas,Alfa Romeo,18,15,0.0,+1 Lap,57,47.0
2022,22,Abu Dhabi Grand Prix,Yas Marina Circuit,mick_schumacher,Mick Schumacher,Haas F1 Team,12,16,0.0,+1 Lap,57,39.0
2022,22,Abu Dhabi Grand Prix,Yas Marina Circuit,kevin_magnussen,Kevin Magnussen,Haas F1 Team,16,17,0.0,+1 Lap,57,40.0
2022,22,Abu Dhabi Grand Prix,Yas Marina Circuit,hamilton,Lewis Hamilton,Mercedes,5,18,0.0,Hydraulics,55,42.0
2022,22,Abu Dhabi Grand Prix,Yas Marina Circuit,latifi,Nicholas Latifi,Williams,20,19,0.0,Collision damage,55,45.0
2022,22,Abu Dhabi Grand Prix,Yas Marina Circuit,alonso,Fernando Alonso,Alpine F1 Team,10,20,0.0,Water leak,27,24.0
2023,1,Bahrain Grand Prix,Bahrain International Circuit,max_verstappen,Max Verstappen,Red Bull,1,1,25.0,Finished,57,44.0
2023,1,Bahrain Grand Prix,Bahrain International Circuit,perez,Sergio Pérez,Red Bull,2,2,18.0,Finished,57,37.0
2023,1,Bahrain Grand Prix,Bahrain International Circuit,alonso,Fernando Alonso,Aston Martin,5,3,15.0,Finished,57,36.0
2023,1,Bahrain Grand Prix,Bahrain International Circuit,sainz,Carlos Sainz,Ferrari,4,4,12.0,Finished,57,37.0
2023,1,Bahrain Grand Prix,Bahrain International Circuit,hamilton,Lewis Hamilton,Mercedes,7,5,10.0,Finished,57,36.0
2023,1,Bahrain Grand Prix,Bahrain International Circuit,stroll,Lance Stroll,Aston Martin,8,6,8.0,Finished,57,32.0
2023,1,Bahrain Grand Prix,Bahrain International Circuit,russell,George Russell,Mercedes,6,7,6.0,Finished,57,33.0
2023,1,Bahrain Grand Prix,Bahrain International Circuit,bottas,Valtteri Bottas,Alfa Romeo,12,8,4.0,Finished,57,31.0
2023,1,Bahrain Grand Prix,Bahrain International Circuit,gasly,Pierre Gasly,Alpine F1 Team,20,9,2.0,Finished,57,42.0
2023,1,Bahrain Grand Prix,Bahrain International Circuit,albon,Alexander Albon,Williams,15,10,1.0,Finished,57,43.0
2023,1,Bahrain Grand Prix,Bahrain International Circuit,tsunoda,Yuki Tsunoda,AlphaTauri,14,11,0.0,Finished,57,42.0
2023,1,Bahrain Grand Prix,Bahrain International Circuit,sargeant,Logan Sargeant,Williams,16,12,0.0,Lapped,56,42.0
2023,1,Bahrain Grand Prix,Bahrain International Circuit,kevin_magnussen,Kevin Magnussen,Haas F1 Team,17,13,0.0,Lapped,56,42.0
2023,1,Bahrain Grand Prix,Bahrain International Circuit,de_vries,Nyck de Vries,AlphaTauri,19,14,0.0,Lapped,56,30.0
2023,1,Bahrain Grand Prix,Bahrain International Circuit,hulkenberg,Nico Hülkenberg,Haas F1 Team,10,15,0.0,Lapped,56,42.0
2023,1,Bahrain Grand Prix,Bahrain International Circuit,zhou,Guanyu Zhou,Alfa Romeo,13,16,0.0,Lapped,56,56.0
2023,1,Bahrain Grand Prix,Bahrain International Circuit,norris,Lando Norris,McLaren,11,17,0.0,Lapped,55,51.0
2023,1,Bahrain Grand Prix,Bahrain International Circuit,ocon,Esteban Ocon,Alpine F1 Team,9,18,0.0,Retired,41,34.0
2023,1,Bahrain Grand Prix,Bahrain International Circuit,leclerc,Charles Leclerc,Ferrari,3,19,0.0,Retired,39,37.0
2023,1,Bahrain Grand Prix,Bahrain International Circuit,piastri,Oscar Piastri,McLaren,18,20,0.0,Retired,13,3.0
2023,2,Saudi Arabian Grand Prix,Jeddah Corniche Circuit,perez,Sergio Pérez,Red Bull,1,1,25.0,Finished,50,38.0
2023,2,Saudi Arabian Grand Prix,Jeddah Corniche Circuit,max_verstappen,Max Verstappen,Red Bull,15,2,19.0,Finished,50,50.0
2023,2,Saudi Arabian Grand Prix,Jeddah Corniche Circuit,alonso,Fernando Alonso,Aston Martin,2,3,15.0,Finished,50,50.0
2023,2,Saudi Arabian Grand Prix,Jeddah Corniche Circuit,russell,George Russell,Mercedes,3,4,12.0,Finished,50,50.0
2023,2,Saudi Arabian Grand Prix,Jeddah Corniche Circuit,hamilton,Lewis Hamilton,Mercedes,7,5,10.0,Finished,50,47.0
2023,2,Saudi Arabian Grand Prix,Jeddah Corniche Circuit,sainz,Carlos Sainz,Ferrari,4,6,8.0,Finished,50,50.0
2023,2,Saudi Arabian Grand Prix,Jeddah Corniche Circuit,leclerc,Charles Leclerc,Ferrari,12,7,6.0,Finished,50,47.0
2023,2,Saudi Arabian Grand Prix,Jeddah Corniche Circuit,ocon,Esteban Ocon,Alpine F1 Team,6,8,4.0,Finished,50,49.0
2023,2,Saudi Arabian Grand Prix,Jeddah Corniche Circuit,gasly,Pierre Gasly,Alpine F1 Team,9,9,2.0,Finished,50,50.0
2023,2,Saudi Arabian Grand Prix,Jeddah Corniche Circuit,kevin_magnussen,Kevin Magnussen,Haas F1 Team,13,10,1.0,Finished,50,44.0
2023,2,Saudi Arabian Grand Prix,Jeddah Corniche Circuit,tsunoda,Yuki Tsunoda,AlphaTauri,16,11,0.0,Finished,50,50.0
2023,2,Saudi Arabian Grand Prix,Jeddah Corniche Circuit,hulkenberg,Nico Hülkenberg,Haas F1 Team,10,12,0.0,Finished,50,50.0
2023,2,Saudi Arabian Grand Prix,Jeddah Corniche Circuit,zhou,Guanyu Zhou,Alfa Romeo,11,13,0.0,Finished,50,49.0
2023,2,Saudi Arabian Grand Prix,Jeddah Corniche Circuit,de_vries,Nyck de Vries,AlphaTauri,18,14,0.0,Finished,50,49.0
2023,2,Saudi Arabian Grand Prix,Jeddah Corniche Circuit,piastri,Oscar Piastri,McLaren,8,15,0.0,Finished,50,48.0
2023,2,Saudi Arabian Grand Prix,Jeddah Corniche Circuit,sargeant,Logan Sargeant,Williams,20,16,0.0,Finished,50,49.0
2023,2,Saudi Arabian Grand Prix,Jeddah Corniche Circuit,norris,Lando Norris,McLaren,19,17,0.0,Finished,50,49.0
2023,2,Saudi Arabian Grand Prix,Jeddah Corniche Circuit,bottas,Valtteri Bottas,Alfa Romeo,14,18,0.0,Lapped,49,37.0
2023,2,Saudi Arabian Grand Prix,Jeddah Corniche Circuit,albon,Alexander Albon,Williams,17,19,0.0,Retired,27,24.0
2023,2,Saudi Arabian Grand Prix,Jeddah Corniche Circuit,stroll,Lance Stroll,Aston Martin,5,20,0.0,Retired,16,7.0
2023,3,Australian Grand Prix,Albert Park Grand Prix Circuit,max_verstappen,Max Verstappen,Red Bull,1,1,25.0,Finished,58,49.0
2023,3,Australian Grand Prix,Albert Park Grand Prix Circuit,hamilton,Lewis Hamilton,Mercedes,3,2,18.0,Finished,58,49.0
2023,3,Australian Grand Prix,Albert Park Grand Prix Circuit,alonso,Fernando Alonso,Aston Martin,4,3,15.0,Finished,58,53.0
2023,3,Australian Grand Prix,Albert Park Grand Prix Circuit,stroll,Lance Stroll,Aston Martin,6,4,12.0,Finished,58,50.0
2023,3,Australian Grand Prix,Albert Park Grand Prix Circuit,perez,Sergio Pérez,Red Bull,20,5,11.0,Finished,58,53.0
2023,3,Australian Grand Prix,Albert Park Grand Prix Circuit,norris,Lando Norris,McLaren,13,6,8.0,Finished,58,46.0
2023,3,Australian Grand Prix,Albert Park Grand Prix Circuit,hulkenberg,Nico Hülkenberg,Haas F1 Team,10,7,6.0,Finished,58,46.0
2023,3,Australian Grand Prix,Albert Park Grand Prix Circuit,piastri,Oscar Piastri,McLaren,16,8,4.0,Finished,58,53.0
2023,3,Australian Grand Prix,Albert Park Grand Prix Circuit,zhou,Guanyu Zhou,Alfa Romeo,17,9,2.0,Finished,58,48.0
2023,3,Australian Grand Prix,Albert Park Grand Prix Circuit,tsunoda,Yuki Tsunoda,AlphaTauri,12,10,1.0,Finished,58,52.0
2023,3,Australian Grand Prix,Albert Park Grand Prix Circuit,bottas,Valtteri Bottas,Alfa Romeo,19,11,0.0,Finished,58,46.0
2023,3,Australian Grand Prix,Albert Park Grand Prix Circuit,sainz,Carlos Sainz,Ferrari,5,12,0.0,Finished,58,53.0
2023,3,Australian Grand Prix,Albert Park Grand Prix Circuit,gasly,Pierre Gasly,Alpine F1 Team,9,13,0.0,Retired,56,47.0
2023,3,Australian Grand Prix,Albert Park Grand Prix Circuit,ocon,Esteban Ocon,Alpine F1 Team,11,14,0.0,Retired,56,44.0
2023,3,Australian Grand Prix,Albert Park Grand Prix Circuit,de_vries,Nyck de Vries,AlphaTauri,15,15,0.0,Retired,56,50.0
2023,3,Australian Grand Prix,Albert Park Grand Prix Circuit,sargeant,Logan Sargeant,Williams,18,16,0.0,Retired,56,50.0
2023,3,Australian Grand Prix,Albert Park Grand Prix Circuit,kevin_magnussen,Kevin Magnussen,Haas F1 Team,14,17,0.0,Retired,52,52.0
2023,3,Australian Grand Prix,Albert Park Grand Prix Circuit,russell,George Russell,Mercedes,2,18,0.0,Retired,17,16.0
2023,3,Australian Grand Prix,Albert Park Grand Prix Circuit,albon,Alexander Albon,Williams,8,19,0.0,Retired,6,6.0
2023,3,Australian Grand Prix,Albert Park Grand Prix Circuit,leclerc,Charles Leclerc,Ferrari,7,20,0.0,Retired,0,
2023,4,Azerbaijan Grand Prix,Baku City Circuit,perez,Sergio Pérez,Red Bull,3,1,25.0,Finished,51,50.0
2023,4,Azerbaijan Grand Prix,Baku City Circuit,max_verstappen,Max Verstappen,Red Bull,2,2,18.0,Finished,51,51.0
2023,4,Azerbaijan Grand Prix,Baku City Circuit,leclerc,Charles Leclerc,Ferrari,1,3,15.0,Finished,51,49.0
2023,4,Azerbaijan Grand Prix,Baku City Circuit,alonso,Fernando Alonso,Aston Martin,6,4,12.0,Finished,51,49.0
2023,4,Azerbaijan Grand Prix,Baku City Circuit,sainz,Carlos Sainz,Ferrari,4,5,10.0,Finished,51,48.0
2023,4,Azerbaijan Grand Prix,Baku City Circuit,hamilton,Lewis Hamilton,Mercedes,5,6,8.0,Finished,51,48.0
2023,4,Azerbaijan Grand Prix,Baku City Circuit,stroll,Lance Stroll,Aston Martin,9,7,6.0,Finished,51,45.0
2023,4,Azerbaijan Grand Prix,Baku City Circuit,russell,George Russell,Mercedes,11,8,5.0,Finished,51,51.0
2023,4,Azerbaijan Grand Prix,Baku City Circuit,norris,Lando Norris,McLaren,7,9,2.0,Finished,51,49.0
2023,4,Azerbaijan Grand Prix,Baku City Circuit,tsunoda,Yuki Tsunoda,AlphaTauri,8,10,1.0,Finished,51,51.0
2023,4,Azerbaijan Grand Prix,Baku City Circuit,piastri,Oscar Piastri,McLaren,10,11,0.0,Finished,51,51.0
2023,4,Azerbaijan Grand Prix,Baku City Circuit,albon,Alexander Albon,Williams,12,12,0.0,Finished,51,51.0
2023,4,Azerbaijan Grand Prix,Baku City Circuit,kevin_magnussen,Kevin Magnussen,Haas F1 Team,16,13,0.0,Finished,51,51.0
2023,4,Azerbaijan Grand Prix,Baku City Circuit,gasly,Pierre Gasly,Alpine F1 Team,17,14,0.0,Finished,51,47.0
2023,4,Azerbaijan Grand Prix,Baku City Circuit,ocon,Esteban Ocon,Alpine F1 Team,19,15,0.0,Finished,51,49.0
2023,4,Azerbaijan Grand Prix,Baku City Circuit,sargeant,Logan Sargeant,Williams,14,16,0.0,Finished,51,49.0
2023,4,Azerbaijan Grand Prix,Baku City Circuit,hulkenberg,Nico Hülkenberg,Haas F1 Team,20,17,0.0,Lapped,50,34.0
2023,4,Azerbaijan Grand Prix,Baku City Circuit,bottas,Valtteri Bottas,Alfa Romeo,13,18,0.0,Lapped,50,36.0
2023,4,Azerbaijan Grand Prix,Baku City Circuit,zhou,Guanyu Zhou,Alfa Romeo,15,19,0.0,Retired,36,31.0
2023,4,Azerbaijan Grand Prix,Baku City Circuit,de_vries,Nyck de Vries,AlphaTauri,18,20,0.0,Retired,9,4.0
2023,5,Miami Grand Prix,Miami International Autodrome,max_verstappen,Max Verstappen,Red Bull,9,1,26.0,Finished,57,56.0
2023,5,Miami Grand Prix,Miami International Autodrome,perez,Sergio Pérez,Red Bull,1,2,18.0,Finished,57,57.0
2023,5,Miami Grand Prix,Miami International Autodrome,alonso,Fernando Alonso,Aston Martin,2,3,15.0,Finished,57,57.0
2023,5,Miami Grand Prix,Miami International Autodrome,russell,George Russell,Mercedes,6,4,12.0,Finished,57,57.0
2023,5,Miami Grand Prix,Miami International Autodrome,sainz,Carlos Sainz,Ferrari,3,5,10.0,Finished,57,55.0
2023,5,Miami Grand Prix,Miami International Autodrome,hamilton,Lewis Hamilton,Mercedes,13,6,8.0,Finished,57,57.0
2023,5,Miami Grand Prix,Miami International Autodrome,leclerc,Charles Leclerc,Ferrari,7,7,6.0,Finished,57,57.0
2023,5,Miami Grand Prix,Miami International Autodrome,gasly,Pierre Gasly,Alpine F1 Team,5,8,4.0,Finished,57,55.0
2023,5,Miami Grand Prix,Miami International Autodrome,ocon,Esteban Ocon,Alpine F1 Team,8,9,2.0,Finished,57,56.0
2023,5,Miami Grand Prix,Miami International Autodrome,kevin_magnussen,Kevin Magnussen,Haas F1 Team,4,10,1.0,Finished,57,53.0
2023,5,Miami Grand Prix,Miami International Autodrome,tsunoda,Yuki Tsunoda,AlphaTauri,17,11,0.0,Finished,57,56.0
2023,5,Miami Grand Prix,Miami International Autodrome,stroll,Lance Stroll,Aston Martin,18,12,0.0,Finished,57,44.0
2023,5,Miami Grand Prix,Miami International Autodrome,bottas,Valtteri Bottas,Alfa Romeo,10,13,0.0,Finished,57,56.0
2023,5,Miami Grand Prix,Miami International Autodrome,albon,Alexander Albon,Williams,11,14,0.0,Finished,57,55.0
2023,5,Miami Grand Prix,Miami International Autodrome,hulkenberg,Nico Hülkenberg,Haas F1 Team,12,15,0.0,Finished,57,36.0
2023,5,Miami Grand Prix,Miami International Autodrome,zhou,Guanyu Zhou,Alfa Romeo,14,16,0.0,Finished,57,56.0
2023,5,Miami Grand Prix,Miami International Autodrome,norris,Lando Norris,McLaren,16,17,0.0,Finished,57,47.0
2023,5,Miami Grand Prix,Miami International Autodrome,de_vries,Nyck de Vries,AlphaTauri,15,18,0.0,Finished,57,57.0
2023,5,Miami Grand Prix,Miami International Autodrome,piastri,Oscar Piastri,McLaren,19,19,0.0,Lapped,56,56.0
2023,5,Miami Grand Prix,Miami International Autodrome,sargeant,Logan Sargeant,Williams,20,20,0.0,Lapped,56,50.0
2023,6,Monaco Grand Prix,Circuit de Monaco,max_verstappen,Max Verstappen,Red Bull,1,1,25.0,Finished,78,23.0
2023,6,Monaco Grand Prix,Circuit de Monaco,alonso,Fernando Alonso,Aston Martin,2,2,18.0,Finished,78,43.0
2023,6,Monaco Grand Prix,Circuit de Monaco,ocon,Esteban Ocon,Alpine F1 Team,3,3,15.0,Finished,78,41.0
2023,6,Monaco Grand Prix,Circuit de Monaco,hamilton,Lewis Hamilton,Mercedes,5,4,13.0,Finished,78,33.0
2023,6,Monaco Grand Prix,Circuit de Monaco,russell,George Russell,Mercedes,8,5,10.0,Finished,78,48.0
2023,6,Monaco Grand Prix,Circuit de Monaco,leclerc,Charles Leclerc,Ferrari,6,6,8.0,Finished,78,46.0
2023,6,Monaco Grand Prix,Circuit de Monaco,gasly,Pierre Gasly,Alpine F1 Team,7,7,6.0,Finished,78,49.0
2023,6,Monaco Grand Prix,Circuit de Monaco,sainz,Carlos Sainz,Ferrari,4,8,4.0,Finished,78,43.0
2023,6,Monaco Grand Prix,Circuit de Monaco,norris,Lando Norris,McLaren,10,9,2.0,Lapped,77,46.0
2023,6,Monaco Grand Prix,Circuit de Monaco,piastri,Oscar Piastri,McLaren,11,10,1.0,Lapped,77,47.0
2023,6,Monaco Grand Prix,Circuit de Monaco,bottas,Valtteri Bottas,Alfa Romeo,15,11,0.0,Lapped,77,19.0
2023,6,Monaco Grand Prix,Circuit de Monaco,de_vries,Nyck de Vries,AlphaTauri,12,12,0.0,Lapped,77,43.0
2023,6,Monaco Grand Prix,Circuit de Monaco,zhou,Guanyu Zhou,Alfa Romeo,19,13,0.0,Lapped,77,5.0
2023,6,Monaco Grand Prix,Circuit de Monaco,albon,Alexander Albon,Williams,13,14,0.0,Lapped,77,24.0
2023,6,Monaco Grand Prix,Circuit de Monaco,tsunoda,Yuki Tsunoda,AlphaTauri,9,15,0.0,Lapped,76,36.0
2023,6,Monaco Grand Prix,Circuit de Monaco,perez,Sergio Pérez,Red Bull,20,16,0.0,Lapped,76,5.0
2023,6,Monaco Grand Prix,Circuit de Monaco,hulkenberg,Nico Hülkenberg,Haas F1 Team,18,17,0.0,Lapped,76,6.0
2023,6,Monaco Grand Prix,Circuit de Monaco,sargeant,Logan Sargeant,Williams,16,18,0.0,Lapped,76,32.0
2023,6,Monaco Grand Prix,Circuit de Monaco,kevin_magnussen,Kevin Magnussen,Haas F1 Team,17,19,0.0,Retired,70,41.0
2023,6,Monaco Grand Prix,Circuit de Monaco,stroll,Lance Stroll,Aston Martin,14,20,0.0,Retired,53,18.0
2023,7,Spanish Grand Prix,Circuit de Barcelona-Catalunya,max_verstappen,Max Verstappen,Red Bull,1,1,26.0,Finished,66,61.0
2023,7,Spanish Grand Prix,Circuit de Barcelona-Catalunya,hamilton,Lewis Hamilton,Mercedes,4,2,18.0,Finished,66,62.0
2023,7,Spanish Grand Prix,Circuit de Barcelona-Catalunya,russell,George Russell,Mercedes,12,3,15.0,Finished,66,48.0
2023,7,Spanish Grand Prix,Circuit de Barcelona-Catalunya,perez,Sergio Pérez,Red Bull,11,4,12.0,Finished,66,52.0
2023,7,Spanish Grand Prix,Circuit de Barcelona-Catalunya,sainz,Carlos Sainz,Ferrari,2,5,10.0,Finished,66,60.0
2023,7,Spanish Grand Prix,Circuit de Barcelona-Catalunya,stroll,Lance Stroll,Aston Martin,5,6,8.0,Finished,66,56.0
2023,7,Spanish Grand Prix,Circuit de Barcelona-Catalunya,alonso,Fernando Alonso,Aston Martin,8,7,6.0,Finished,66,49.0
2023,7,Spanish Grand Prix,Circuit de Barcelona-Catalunya,ocon,Esteban Ocon,Alpine F1 Team,6,8,4.0,Finished,66,54.0
2023,7,Spanish Grand Prix,Circuit de Barcelona-Catalunya,zhou,Guanyu Zhou,Alfa Romeo,13,9,2.0,Finished,66,38.0
2023,7,Spanish Grand Prix,Circuit de Barcelona-Catalunya,gasly,Pierre Gasly,Alpine F1 Team,10,10,1.0,Finished,66,41.0
2023,7,Spanish Grand Prix,Circuit de Barcelona-Catalunya,leclerc,Charles Leclerc,Ferrari,19,11,0.0,Finished,66,52.0
2023,7,Spanish Grand Prix,Circuit de Barcelona-Catalunya,tsunoda,Yuki Tsunoda,AlphaTauri,15,12,0.0,Finished,66,59.0
2023,7,Spanish Grand Prix,Circuit de Barcelona-Catalunya,piastri,Oscar Piastri,McLaren,9,13,0.0,Lapped,65,41.0
2023,7,Spanish Grand Prix,Circuit de Barcelona-Catalunya,de_vries,Nyck de Vries,AlphaTauri,14,14,0.0,Lapped,65,41.0
2023,7,Spanish Grand Prix,Circuit de Barcelona-Catalunya,hulkenberg,Nico Hülkenberg,Haas F1 Team,7,15,0.0,Lapped,65,53.0
2023,7,Spanish Grand Prix,Circuit de Barcelona-Catalunya,albon,Alexander Albon,Williams,18,16,0.0,Lapped,65,59.0
2023,7,Spanish Grand Prix,Circuit de Barcelona-Catalunya,norris,Lando Norris,McLaren,3,17,0.0,Lapped,65,55.0
2023,7,Spanish Grand Prix,Circuit de Barcelona-Catalunya,kevin_magnussen,Kevin Magnussen,Haas F1 Team,17,18,0.0,Lapped,65,44.0
2023,7,Spanish Grand Prix,Circuit de Barcelona-Catalunya,bottas,Valtteri Bottas,Alfa Romeo,16,19,0.0,Lapped,65,50.0
2023,7,Spanish Grand Prix,Circuit de Barcelona-Catalunya,sargeant,Logan Sargeant,Williams,20,20,0.0,Lapped,65,41.0
2023,8,Canadian Grand Prix,Circuit Gilles Villeneuve,max_verstappen,Max Verstappen,Red Bull,1,1,25.0,Finished,70,68.0
2023,8,Canadian Grand Prix,Circuit Gilles Villeneuve,alonso,Fernando Alonso,Aston Martin,2,2,18.0,Finished,70,62.0
2023,8,Canadian Grand Prix,Circuit Gilles Villeneuve,hamilton,Lewis Hamilton,Mercedes,3,3,15.0,Finished,70,47.0
2023,8,Canadian Grand Prix,Circuit Gilles Villeneuve,leclerc,Charles Leclerc,Ferrari,10,4,12.0,Finished,70,47.0
2023,8,Canadian Grand Prix,Circuit Gilles Villeneuve,sainz,Carlos Sainz,Ferrari,11,5,10.0,Finished,70,47.0
2023,8,Canadian Grand Prix,Circuit Gilles Villeneuve,perez,Sergio Pérez,Red Bull,12,6,9.0,Finished,70,70.0
2023,8,Canadian Grand Prix,Circuit Gilles Villeneuve,albon,Alexander Albon,Williams,9,7,6.0,Finished,70,68.0
2023,8,Canadian Grand Prix,Circuit Gilles Villeneuve,ocon,Esteban Ocon,Alpine F1 Team,6,8,4.0,Finished,70,63.0
2023,8,Canadian Grand Prix,Circuit Gilles Villeneuve,stroll,Lance Stroll,Aston Martin,16,9,2.0,Finished,70,58.0
2023,8,Canadian Grand Prix,Circuit Gilles Villeneuve,bottas,Valtteri Bottas,Alfa Romeo,14,10,1.0,Finished,70,52.0
2023,8,Canadian Grand Prix,Circuit Gilles Villeneuve,piastri,Oscar Piastri,McLaren,8,11,0.0,Finished,70,59.0
2023,8,Canadian Grand Prix,Circuit Gilles Villeneuve,gasly,Pierre Gasly,Alpine F1 Team,15,12,0.0,Finished,70,67.0
2023,8,Canadian Grand Prix,Circuit Gilles Villeneuve,norris,Lando Norris,McLaren,7,13,0.0,Finished,70,65.0
2023,8,Canadian Grand Prix,Circuit Gilles Villeneuve,tsunoda,Yuki Tsunoda,AlphaTauri,19,14,0.0,Finished,70,68.0
2023,8,Canadian Grand Prix,Circuit Gilles Villeneuve,hulkenberg,Nico Hülkenberg,Haas F1 Team,5,15,0.0,Lapped,69,37.0
2023,8,Canadian Grand Prix,Circuit Gilles Villeneuve,zhou,Guanyu Zhou,Alfa Romeo,20,16,0.0,Lapped,69,58.0
2023,8,Canadian Grand Prix,Circuit Gilles Villeneuve,kevin_magnussen,Kevin Magnussen,Haas F1 Team,13,17,0.0,Lapped,69,55.0
2023,8,Canadian Grand Prix,Circuit Gilles Villeneuve,de_vries,Nyck de Vries,AlphaTauri,17,18,0.0,Lapped,69,52.0
2023,8,Canadian Grand Prix,Circuit Gilles Villeneuve,russell,George Russell,Mercedes,4,19,0.0,Retired,53,44.0
2023,8,Canadian Grand Prix,Circuit Gilles Villeneuve,sargeant,Logan Sargeant,Williams,18,20,0.0,Retired,6,4.0
2023,9,Austrian Grand Prix,Red Bull Ring,max_verstappen,Max Verstappen,Red Bull,1,1,26.0,Finished,71,71.0
2023,9,Austrian Grand Prix,Red Bull Ring,leclerc,Charles Leclerc,Ferrari,2,2,18.0,Finished,71,51.0
2023,9,Austrian Grand Prix,Red Bull Ring,perez,Sergio Pérez,Red Bull,15,3,15.0,Finished,71,52.0
2023,9,Austrian Grand Prix,Red Bull Ring,norris,Lando Norris,McLaren,4,4,12.0,Finished,71,48.0
2023,9,Austrian Grand Prix,Red Bull Ring,alonso,Fernando Alonso,Aston Martin,7,5,10.0,Finished,71,54.0
2023,9,Austrian Grand Prix,Red Bull Ring,sainz,Carlos Sainz,Ferrari,3,6,8.0,Finished,71,50.0
2023,9,Austrian Grand Prix,Red Bull Ring,russell,George Russell,Mercedes,11,7,6.0,Finished,71,49.0
2023,9,Austrian Grand Prix,Red Bull Ring,hamilton,Lewis Hamilton,Mercedes,5,8,4.0,Finished,71,48.0
2023,9,Austrian Grand Prix,Red Bull Ring,stroll,Lance Stroll,Aston Martin,6,9,2.0,Finished,71,57.0
2023,9,Austrian Grand Prix,Red Bull Ring,gasly,Pierre Gasly,Alpine F1 Team,9,10,1.0,Finished,71,48.0
2023,9,Austrian Grand Prix,Red Bull Ring,albon,Alexander Albon,Williams,10,11,0.0,Finished,71,53.0
2023,9,Austrian Grand Prix,Red Bull Ring,zhou,Guanyu Zhou,Alfa Romeo,17,12,0.0,Lapped,70,46.0
2023,9,Austrian Grand Prix,Red Bull Ring,sargeant,Logan Sargeant,Williams,18,13,0.0,Lapped,70,45.0
2023,9,Austrian Grand Prix,Red Bull Ring,ocon,Esteban Ocon,Alpine F1 Team,12,14,0.0,Lapped,70,50.0
2023,9,Austrian Grand Prix,Red Bull Ring,bottas,Valtteri Bottas,Alfa Romeo,14,15,0.0,Lapped,70,49.0
2023,9,Austrian Grand Prix,Red Bull Ring,piastri,Oscar Piastri,McLaren,13,16,0.0,Lapped,70,46.0
2023,9,Austrian Grand Prix,Red Bull Ring,de_vries,Nyck de Vries,AlphaTauri,20,17,0.0,Lapped,70,46.0
2023,9,Austrian Grand Prix,Red Bull Ring,kevin_magnussen,Kevin Magnussen,Haas F1 Team,19,18,0.0,Lapped,70,37.0
2023,9,Austrian Grand Prix,Red Bull Ring,tsunoda,Yuki Tsunoda,AlphaTauri,16,19,0.0,Lapped,70,45.0
2023,9,Austrian Grand Prix,Red Bull Ring,hulkenberg,Nico Hülkenberg,Haas F1 Team,8,20,0.0,Retired,12,7.0
2023,10,British Grand Prix,Silverstone Circuit,max_verstappen,Max Verstappen,Red Bull,1,1,26.0,Finished,52,42.0
2023,10,British Grand Prix,Silverstone Circuit,norris,Lando Norris,McLaren,2,2,18.0,Finished,52,43.0
2023,10,British Grand Prix,Silverstone Circuit,hamilton,Lewis Hamilton,Mercedes,7,3,15.0,Finished,52,43.0
2023,10,British Grand Prix,Silverstone Circuit,piastri,Oscar Piastri,McLaren,3,4,12.0,Finished,52,41.0
2023,10,British Grand Prix,Silverstone Circuit,russell,George Russell,Mercedes,6,5,10.0,Finished,52,41.0
2023,10,British Grand Prix,Silverstone Circuit,perez,Sergio Pérez,Red Bull,15,6,8.0,Finished,52,51.0
2023,10,British Grand Prix,Silverstone Circuit,alonso,Fernando Alonso,Aston Martin,9,7,6.0,Finished,52,48.0
2023,10,British Grand Prix,Silverstone Circuit,albon,Alexander Albon,Williams,8,8,4.0,Finished,52,41.0
2023,10,British Grand Prix,Silverstone Circuit,leclerc,Charles Leclerc,Ferrari,4,9,2.0,Finished,52,48.0
2023,10,British Grand Prix,Silverstone Circuit,sainz,Carlos Sainz,Ferrari,5,10,1.0,Finished,52,51.0
2023,10,British Grand Prix,Silverstone Circuit,sargeant,Logan Sargeant,Williams,14,11,0.0,Finished,52,42.0
2023,10,British Grand Prix,Silverstone Circuit,bottas,Valtteri Bottas,Alfa Romeo,20,12,0.0,Finished,52,52.0
2023,10,British Grand Prix,Silverstone Circuit,hulkenberg,Nico Hülkenberg,Haas F1 Team,11,13,0.0,Finished,52,52.0
2023,10,British Grand Prix,Silverstone Circuit,stroll,Lance Stroll,Aston Martin,12,14,0.0,Finished,52,42.0
2023,10,British Grand Prix,Silverstone Circuit,zhou,Guanyu Zhou,Alfa Romeo,17,15,0.0,Finished,52,48.0
2023,10,British Grand Prix,Silverstone Circuit,tsunoda,Yuki Tsunoda,AlphaTauri,16,16,0.0,Finished,52,48.0
2023,10,British Grand Prix,Silverstone Circuit,de_vries,Nyck de Vries,AlphaTauri,18,17,0.0,Finished,52,48.0
2023,10,British Grand Prix,Silverstone Circuit,gasly,Pierre Gasly,Alpine F1 Team,10,18,0.0,Retired,46,42.0
2023,10,British Grand Prix,Silverstone Circuit,kevin_magnussen,Kevin Magnussen,Haas F1 Team,19,19,0.0,Retired,31,29.0
2023,10,British Grand Prix,Silverstone Circuit,ocon,Esteban Ocon,Alpine F1 Team,13,20,0.0,Retired,9,4.0
2023,11,Hungarian Grand Prix,Hungaroring,max_verstappen,Max Verstappen,Red Bull,2,1,26.0,Finished,70,53.0
2023,11,Hungarian Grand Prix,Hungaroring,norris,Lando Norris,McLaren,3,2,18.0,Finished,70,50.0
2023,11,Hungarian Grand Prix,Hungaroring,perez,Sergio Pérez,Red Bull,9,3,15.0,Finished,70,53.0
2023,11,Hungarian Grand Prix,Hungaroring,hamilton,Lewis Hamilton,Mercedes,1,4,12.0,Finished,70,54.0
2023,11,Hungarian Grand Prix,Hungaroring,piastri,Oscar Piastri,McLaren,4,5,10.0,Finished,70,45.0
2023,11,Hungarian Grand Prix,Hungaroring,russell,George Russell,Mercedes,18,6,8.0,Finished,70,48.0
2023,11,Hungarian Grand Prix,Hungaroring,leclerc,Charles Leclerc,Ferrari,6,7,6.0,Finished,70,50.0
2023,11,Hungarian Grand Prix,Hungaroring,sainz,Carlos Sainz,Ferrari,11,8,4.0,Finished,70,54.0
2023,11,Hungarian Grand Prix,Hungaroring,alonso,Fernando Alonso,Aston Martin,8,9,2.0,Finished,70,51.0
2023,11,Hungarian Grand Prix,Hungaroring,stroll,Lance Stroll,Aston Martin,14,10,1.0,Lapped,69,54.0
2023,11,Hungarian Grand Prix,Hungaroring,albon,Alexander Albon,Williams,16,11,0.0,Lapped,69,54.0
2023,11,Hungarian Grand Prix,Hungaroring,bottas,Valtteri Bottas,Alfa Romeo,7,12,0.0,Lapped,69,42.0
2023,11,Hungarian Grand Prix,Hungaroring,ricciardo,Daniel Ricciardo,AlphaTauri,13,13,0.0,Lapped,69,67.0
2023,11,Hungarian Grand Prix,Hungaroring,hulkenberg,Nico Hülkenberg,Haas F1 Team,10,14,0.0,Lapped,69,42.0
2023,11,Hungarian Grand Prix,Hungaroring,tsunoda,Yuki Tsunoda,AlphaTauri,17,15,0.0,Lapped,69,68.0
2023,11,Hungarian Grand Prix,Hungaroring,zhou,Guanyu Zhou,Alfa Romeo,5,16,0.0,Lapped,69,12.0
2023,11,Hungarian Grand Prix,Hungaroring,kevin_magnussen,Kevin Magnussen,Haas F1 Team,19,17,0.0,Lapped,69,54.0
2023,11,Hungarian Grand Prix,Hungaroring,sargeant,Logan Sargeant,Williams,20,18,0.0,Retired,67,36.0
2023,11,Hungarian Grand Prix,Hungaroring,ocon,Esteban Ocon,Alpine F1 Team,12,19,0.0,Retired,2,
2023,11,Hungarian Grand Prix,Hungaroring,gasly,Pierre Gasly,Alpine F1 Team,15,20,0.0,Retired,1,
2023,12,Belgian Grand Prix,Circuit de Spa-Francorchamps,max_verstappen,Max Verstappen,Red Bull,6,1,25.0,Finished,44,32.0
2023,12,Belgian Grand Prix,Circuit de Spa-Francorchamps,perez,Sergio Pérez,Red Bull,2,2,18.0,Finished,44,31.0
2023,12,Belgian Grand Prix,Circuit de Spa-Francorchamps,leclerc,Charles Leclerc,Ferrari,1,3,15.0,Finished,44,30.0
2023,12,Belgian Grand Prix,Circuit de Spa-Francorchamps,hamilton,Lewis Hamilton,Mercedes,3,4,13.0,Finished,44,44.0
2023,12,Belgian Grand Prix,Circuit de Spa-Francorchamps,alonso,Fernando Alonso,Aston Martin,9,5,10.0,Finished,44,42.0
2023,12,Belgian Grand Prix,Circuit de Spa-Francorchamps,russell,George Russell,Mercedes,8,6,8.0,Finished,44,25.0
2023,12,Belgian Grand Prix,Circuit de Spa-Francorchamps,norris,Lando Norris,McLaren,7,7,6.0,Finished,44,26.0
2023,12,Belgian Grand Prix,Circuit de Spa-Francorchamps,ocon,Esteban Ocon,Alpine F1 Team,14,8,4.0,Finished,44,27.0
2023,12,Belgian Grand Prix,Circuit de Spa-Francorchamps,stroll,Lance Stroll,Aston Martin,10,9,2.0,Finished,44,26.0
2023,12,Belgian Grand Prix,Circuit de Spa-Francorchamps,tsunoda,Yuki Tsunoda,AlphaTauri,11,10,1.0,Finished,44,26.0
2023,12,Belgian Grand Prix,Circuit de Spa-Francorchamps,gasly,Pierre Gasly,Alpine F1 Team,12,11,0.0,Finished,44,25.0
2023,12,Belgian Grand Prix,Circuit de Spa-Francorchamps,bottas,Valtteri Bottas,Alfa Romeo,13,12,0.0,Finished,44,26.0
2023,12,Belgian Grand Prix,Circuit de Spa-Francorchamps,zhou,Guanyu Zhou,Alfa Romeo,17,13,0.0,Finished,44,27.0
2023,12,Belgian Grand Prix,Circuit de Spa-Francorchamps,albon,Alexander Albon,Williams,15,14,0.0,Finished,44,35.0
2023,12,Belgian Grand Prix,Circuit de Spa-Francorchamps,kevin_magnussen,Kevin Magnussen,Haas F1 Team,16,15,0.0,Finished,44,27.0
2023,12,Belgian Grand Prix,Circuit de Spa-Francorchamps,ricciardo,Daniel Ricciardo,AlphaTauri,19,16,0.0,Finished,44,25.0
2023,12,Belgian Grand Prix,Circuit de Spa-Francorchamps,sargeant,Logan Sargeant,Williams,18,17,0.0,Finished,44,37.0
2023,12,Belgian Grand Prix,Circuit de Spa-Francorchamps,hulkenberg,Nico Hülkenberg,Haas F1 Team,20,18,0.0,Finished,44,26.0
2023,12,Belgian Grand Prix,Circuit de Spa-Francorchamps,sainz,Carlos Sainz,Ferrari,4,19,0.0,Retired,23,9.0
2023,12,Belgian Grand Prix,Circuit de Spa-Francorchamps,piastri,Oscar Piastri,McLaren,5,20,0.0,Retired,0,
2023,13,Dutch Grand Prix,Circuit Park Zandvoort,max_verstappen,Max Verstappen,Red Bull,1,1,25.0,Finished,72,58.0
2023,13,Dutch Grand Prix,Circuit Park Zandvoort,alonso,Fernando Alonso,Aston Martin,5,2,19.0,Finished,72,56.0
2023,13,Dutch Grand Prix,Circuit Park Zandvoort,gasly,Pierre Gasly,Alpine F1 Team,12,3,15.0,Finished,72,55.0
2023,13,Dutch Grand Prix,Circuit Park Zandvoort,perez,Sergio Pérez,Red Bull,7,4,12.0,Finished,72,59.0
2023,13,Dutch Grand Prix,Circuit Park Zandvoort,sainz,Carlos Sainz,Ferrari,6,5,10.0,Finished,72,54.0
2023,13,Dutch Grand Prix,Circuit Park Zandvoort,hamilton,Lewis Hamilton,Mercedes,13,6,8.0,Finished,72,58.0
2023,13,Dutch Grand Prix,Circuit Park Zandvoort,norris,Lando Norris,McLaren,2,7,6.0,Finished,72,50.0
2023,13,Dutch Grand Prix,Circuit Park Zandvoort,albon,Alexander Albon,Williams,4,8,4.0,Finished,72,55.0
2023,13,Dutch Grand Prix,Circuit Park Zandvoort,piastri,Oscar Piastri,McLaren,8,9,2.0,Finished,72,54.0
2023,13,Dutch Grand Prix,Circuit Park Zandvoort,ocon,Esteban Ocon,Alpine F1 Team,16,10,1.0,Finished,72,51.0
2023,13,Dutch Grand Prix,Circuit Park Zandvoort,stroll,Lance Stroll,Aston Martin,11,11,0.0,Finished,72,37.0
2023,13,Dutch Grand Prix,Circuit Park Zandvoort,hulkenberg,Nico Hülkenberg,Haas F1 Team,14,12,0.0,Finished,72,53.0
2023,13,Dutch Grand Prix,Circuit Park Zandvoort,lawson,Liam Lawson,AlphaTauri,19,13,0.0,Finished,72,49.0
2023,13,Dutch Grand Prix,Circuit Park Zandvoort,bottas,Valtteri Bottas,Alfa Romeo,18,14,0.0,Finished,72,49.0
2023,13,Dutch Grand Prix,Circuit Park Zandvoort,tsunoda,Yuki Tsunoda,AlphaTauri,17,15,0.0,Finished,72,35.0
2023,13,Dutch Grand Prix,Circuit Park Zandvoort,kevin_magnussen,Kevin Magnussen,Haas F1 Team,0,16,0.0,Finished,72,37.0
2023,13,Dutch Grand Prix,Circuit Park Zandvoort,russell,George Russell,Mercedes,3,17,0.0,Finished,72,54.0
2023,13,Dutch Grand Prix,Circuit Park Zandvoort,zhou,Guanyu Zhou,Alfa Romeo,15,18,0.0,Accident,62,39.0
2023,13,Dutch Grand Prix,Circuit Park Zandvoort,leclerc,Charles Leclerc,Ferrari,9,19,0.0,Undertray,41,33.0
2023,13,Dutch Grand Prix,Circuit Park Zandvoort,sargeant,Logan Sargeant,Williams,10,20,0.0,Accident,14,13.0
2023,14,Italian Grand Prix,Autodromo Nazionale di Monza,max_verstappen,Max Verstappen,Red Bull,2,1,25.0,Finished,51,33.0
2023,14,Italian Grand Prix,Autodromo Nazionale di Monza,perez,Sergio Pérez,Red Bull,5,2,18.0,Finished,51,39.0
2023,14,Italian Grand Prix,Autodromo Nazionale di Monza,sainz,Carlos Sainz,Ferrari,1,3,15.0,Finished,51,30.0
2023,14,Italian Grand Prix,Autodromo Nazionale di Monza,leclerc,Charles Leclerc,Ferrari,3,4,12.0,Finished,51,38.0
2023,14,Italian Grand Prix,Autodromo Nazionale di Monza,russell,George Russell,Mercedes,4,5,10.0,Finished,51,38.0
2023,14,Italian Grand Prix,Autodromo Nazionale di Monza,hamilton,Lewis Hamilton,Mercedes,8,6,8.0,Finished,51,29.0
2023,14,Italian Grand Prix,Autodromo Nazionale di Monza,albon,Alexander Albon,Williams,6,7,6.0,Finished,51,33.0
2023,14,Italian Grand Prix,Autodromo Nazionale di Monza,norris,Lando Norris,McLaren,9,8,4.0,Finished,51,24.0
2023,14,Italian Grand Prix,Autodromo Nazionale di Monza,alonso,Fernando Alonso,Aston Martin,10,9,2.0,Finished,51,43.0
2023,14,Italian Grand Prix,Autodromo Nazionale di Monza,bottas,Valtteri Bottas,Alfa Romeo,14,10,1.0,Finished,51,27.0
2023,14,Italian Grand Prix,Autodromo Nazionale di Monza,lawson,Liam Lawson,AlphaTauri,12,11,0.0,Finished,51,44.0
2023,14,Italian Grand Prix,Autodromo Nazionale di Monza,piastri,Oscar Piastri,McLaren,7,12,0.0,Finished,51,43.0
2023,14,Italian Grand Prix,Autodromo Nazionale di Monza,sargeant,Logan Sargeant,Williams,15,13,0.0,Finished,51,16.0
2023,14,Italian Grand Prix,Autodromo Nazionale di Monza,zhou,Guanyu Zhou,Alfa Romeo,16,14,0.0,Finished,51,35.0
2023,14,Italian Grand Prix,Autodromo Nazionale di Monza,gasly,Pierre Gasly,Alpine F1 Team,17,15,0.0,Finished,51,44.0
2023,14,Italian Grand Prix,Autodromo Nazionale di Monza,stroll,Lance Stroll,Aston Martin,20,16,0.0,Finished,51,31.0
2023,14,Italian Grand Prix,Autodromo Nazionale di Monza,hulkenberg,Nico Hülkenberg,Haas F1 Team,13,17,0.0,Lapped,50,50.0
2023,14,Italian Grand Prix,Autodromo Nazionale di Monza,kevin_magnussen,Kevin Magnussen,Haas F1 Team,19,18,0.0,Lapped,50,42.0
2023,14,Italian Grand Prix,Autodromo Nazionale di Monza,ocon,Esteban Ocon,Alpine F1 Team,18,19,0.0,Retired,39,33.0
2023,14,Italian Grand Prix,Autodromo Nazionale di Monza,tsunoda,Yuki Tsunoda,AlphaTauri,11,20,0.0,Did not start,0,
2023,15,Singapore Grand Prix,Marina Bay Street Circuit,sainz,Carlos Sainz,Ferrari,1,1,25.0,Finished,62,47.0
2023,15,Singapore Grand Prix,Marina Bay Street Circuit,norris,Lando Norris,McLaren,4,2,18.0,Finished,62,46.0
2023,15,Singapore Grand Prix,Marina Bay Street Circuit,hamilton,Lewis Hamilton,Mercedes,5,3,16.0,Finished,62,47.0
2023,15,Singapore Grand Prix,Marina Bay Street Circuit,leclerc,Charles Leclerc,Ferrari,3,4,12.0,Finished,62,46.0
2023,15,Singapore Grand Prix,Marina Bay Street Circuit,max_verstappen,Max Verstappen,Red Bull,11,5,10.0,Finished,62,61.0
2023,15,Singapore Grand Prix,Marina Bay Street Circuit,gasly,Pierre Gasly,Alpine F1 Team,12,6,8.0,Finished,62,46.0
2023,15,Singapore Grand Prix,Marina Bay Street Circuit,piastri,Oscar Piastri,McLaren,17,7,6.0,Finished,62,46.0
2023,15,Singapore Grand Prix,Marina Bay Street Circuit,perez,Sergio Pérez,Red Bull,13,8,4.0,Finished,62,61.0
2023,15,Singapore Grand Prix,Marina Bay Street Circuit,lawson,Liam Lawson,AlphaTauri,10,9,2.0,Finished,62,47.0
2023,15,Singapore Grand Prix,Marina Bay Street Circuit,kevin_magnussen,Kevin Magnussen,Haas F1 Team,6,10,1.0,Finished,62,48.0
2023,15,Singapore Grand Prix,Marina Bay Street Circuit,albon,Alexander Albon,Williams,14,11,0.0,Finished,62,46.0
2023,15,Singapore Grand Prix,Marina Bay Street Circuit,zhou,Guanyu Zhou,Alfa Romeo,19,12,0.0,Finished,62,46.0
2023,15,Singapore Grand Prix,Marina Bay Street Circuit,hulkenberg,Nico Hülkenberg,Haas F1 Team,9,13,0.0,Finished,62,50.0
2023,15,Singapore Grand Prix,Marina Bay Street Circuit,sargeant,Logan Sargeant,Williams,18,14,0.0,Finished,62,45.0
2023,15,Singapore Grand Prix,Marina Bay Street Circuit,alonso,Fernando Alonso,Aston Martin,7,15,0.0,Finished,62,47.0
2023,15,Singapore Grand Prix,Marina Bay Street Circuit,russell,George Russell,Mercedes,2,16,0.0,Retired,61,46.0
2023,15,Singapore Grand Prix,Marina Bay Street Circuit,bottas,Valtteri Bottas,Alfa Romeo,16,17,0.0,Retired,51,51.0
2023,15,Singapore Grand Prix,Marina Bay Street Circuit,ocon,Esteban Ocon,Alpine F1 Team,8,18,0.0,Retired,42,33.0
2023,15,Singapore Grand Prix,Marina Bay Street Circuit,tsunoda,Yuki Tsunoda,AlphaTauri,15,19,0.0,Retired,0,
2023,15,Singapore Grand Prix,Marina Bay Street Circuit,stroll,Lance Stroll,Aston Martin,0,20,0.0,Withdrew,0,
2023,16,Japanese Grand Prix,Suzuka Circuit,max_verstappen,Max Verstappen,Red Bull,1,1,26.0,Finished,53,39.0
2023,16,Japanese Grand Prix,Suzuka Circuit,norris,Lando Norris,McLaren,3,2,18.0,Finished,53,40.0
2023,16,Japanese Grand Prix,Suzuka Circuit,piastri,Oscar Piastri,McLaren,2,3,15.0,Finished,53,38.0
2023,16,Japanese Grand Prix,Suzuka Circuit,leclerc,Charles Leclerc,Ferrari,4,4,12.0,Finished,53,40.0
2023,16,Japanese Grand Prix,Suzuka Circuit,hamilton,Lewis Hamilton,Mercedes,7,5,10.0,Finished,53,36.0
2023,16,Japanese Grand Prix,Suzuka Circuit,sainz,Carlos Sainz,Ferrari,6,6,8.0,Finished,53,40.0
2023,16,Japanese Grand Prix,Suzuka Circuit,russell,George Russell,Mercedes,8,7,6.0,Finished,53,27.0
2023,16,Japanese Grand Prix,Suzuka Circuit,alonso,Fernando Alonso,Aston Martin,10,8,4.0,Finished,53,28.0
2023,16,Japanese Grand Prix,Suzuka Circuit,ocon,Esteban Ocon,Alpine F1 Team,14,9,2.0,Finished,53,34.0
2023,16,Japanese Grand Prix,Suzuka Circuit,gasly,Pierre Gasly,Alpine F1 Team,12,10,1.0,Finished,53,36.0
2023,16,Japanese Grand Prix,Suzuka Circuit,lawson,Liam Lawson,AlphaTauri,11,11,0.0,Lapped,52,50.0
2023,16,Japanese Grand Prix,Suzuka Circuit,tsunoda,Yuki Tsunoda,AlphaTauri,9,12,0.0,Lapped,52,36.0
2023,16,Japanese Grand Prix,Suzuka Circuit,zhou,Guanyu Zhou,Alfa Romeo,19,13,0.0,Lapped,52,45.0
2023,16,Japanese Grand Prix,Suzuka Circuit,hulkenberg,Nico Hülkenberg,Haas F1 Team,18,14,0.0,Lapped,52,44.0
2023,16,Japanese Grand Prix,Suzuka Circuit,kevin_magnussen,Kevin Magnussen,Haas F1 Team,15,15,0.0,Lapped,52,41.0
2023,16,Japanese Grand Prix,Suzuka Circuit,albon,Alexander Albon,Williams,13,16,0.0,Retired,26,15.0
2023,16,Japanese Grand Prix,Suzuka Circuit,sargeant,Logan Sargeant,Williams,20,17,0.0,Retired,22,7.0
2023,16,Japanese Grand Prix,Suzuka Circuit,stroll,Lance Stroll,Aston Martin,17,18,0.0,Retired,20,16.0
2023,16,Japanese Grand Prix,Suzuka Circuit,perez,Sergio Pérez,Red Bull,5,19,0.0,Retired,15,8.0
2023,16,Japanese Grand Prix,Suzuka Circuit,bottas,Valtteri Bottas,Alfa Romeo,16,20,0.0,Retired,7,5.0
2023,17,Qatar Grand Prix,Lusail International Circuit,max_verstappen,Max Verstappen,Red Bull,1,1,26.0,Finished,57,56.0
2023,17,Qatar Grand Prix,Lusail International Circuit,piastri,Oscar Piastri,McLaren,6,2,18.0,Finished,57,48.0
2023,17,Qatar Grand Prix,Lusail International Circuit,norris,Lando Norris,McLaren,10,3,15.0,Finished,57,47.0
2023,17,Qatar Grand Prix,Lusail International Circuit,russell,George Russell,Mercedes,2,4,12.0,Finished,57,35.0
2023,17,Qatar Grand Prix,Lusail International Circuit,leclerc,Charles Leclerc,Ferrari,5,5,10.0,Finished,57,57.0
2023,17,Qatar Grand Prix,Lusail International Circuit,alonso,Fernando Alonso,Aston Martin,4,6,8.0,Finished,57,57.0
2023,17,Qatar Grand Prix,Lusail International Circuit,ocon,Esteban Ocon,Alpine F1 Team,8,7,6.0,Finished,57,42.0
2023,17,Qatar Grand Prix,Lusail International Circuit,bottas,Valtteri Bottas,Alfa Romeo,9,8,4.0,Finished,57,54.0
2023,17,Qatar Grand Prix,Lusail International Circuit,zhou,Guanyu Zhou,Alfa Romeo,19,9,2.0,Finished,57,54.0
2023,17,Qatar Grand Prix,Lusail International Circuit,perez,Sergio Pérez,Red Bull,20,10,1.0,Finished,57,50.0
2023,17,Qatar Grand Prix,Lusail International Circuit,stroll,Lance Stroll,Aston Martin,16,11,0.0,Finished,57,55.0
2023,17,Qatar Grand Prix,Lusail International Circuit,gasly,Pierre Gasly,Alpine F1 Team,7,12,0.0,Finished,57,49.0
2023,17,Qatar Grand Prix,Lusail International Circuit,albon,Alexander Albon,Williams,13,13,0.0,Finished,57,57.0
2023,17,Qatar Grand Prix,Lusail International Circuit,kevin_magnussen,Kevin Magnussen,Haas F1 Team,18,14,0.0,Lapped,56,46.0
2023,17,Qatar Grand Prix,Lusail International Circuit,tsunoda,Yuki Tsunoda,AlphaTauri,11,15,0.0,Lapped,56,55.0
2023,17,Qatar Grand Prix,Lusail International Circuit,hulkenberg,Nico Hülkenberg,Haas F1 Team,14,16,0.0,Lapped,56,45.0
2023,17,Qatar Grand Prix,Lusail International Circuit,lawson,Liam Lawson,AlphaTauri,17,17,0.0,Lapped,56,54.0
2023,17,Qatar Grand Prix,Lusail International Circuit,sargeant,Logan Sargeant,Williams,15,18,0.0,Retired,40,31.0
2023,17,Qatar Grand Prix,Lusail International Circuit,hamilton,Lewis Hamilton,Mercedes,3,19,0.0,Retired,0,
2023,17,Qatar Grand Prix,Lusail International Circuit,sainz,Carlos Sainz,Ferrari,12,20,0.0,Did not start,0,
2023,18,United States Grand Prix,Circuit of the Americas,max_verstappen,Max Verstappen,Red Bull,6,1,25.0,Finished,56,40.0
2023,18,United States Grand Prix,Circuit of the Americas,norris,Lando Norris,McLaren,2,2,18.0,Finished,56,39.0
2023,18,United States Grand Prix,Circuit of the Americas,sainz,Carlos Sainz,Ferrari,4,3,15.0,Finished,56,51.0
2023,18,United States Grand Prix,Circuit of the Americas,perez,Sergio Pérez,Red Bull,9,4,12.0,Finished,56,40.0
2023,18,United States Grand Prix,Circuit of the Americas,russell,George Russell,Mercedes,5,5,10.0,Finished,56,48.0
2023,18,United States Grand Prix,Circuit of the Americas,gasly,Pierre Gasly,Alpine F1 Team,7,6,8.0,Finished,56,47.0
2023,18,United States Grand Prix,Circuit of the Americas,stroll,Lance Stroll,Aston Martin,20,7,6.0,Finished,56,48.0
2023,18,United States Grand Prix,Circuit of the Americas,tsunoda,Yuki Tsunoda,AlphaTauri,11,8,5.0,Finished,56,56.0
2023,18,United States Grand Prix,Circuit of the Americas,albon,Alexander Albon,Williams,15,9,2.0,Finished,56,48.0
2023,18,United States Grand Prix,Circuit of the Americas,sargeant,Logan Sargeant,Williams,16,10,1.0,Finished,56,34.0
2023,18,United States Grand Prix,Circuit of the Americas,hulkenberg,Nico Hülkenberg,Haas F1 Team,18,11,0.0,Finished,56,45.0
2023,18,United States Grand Prix,Circuit of the Americas,bottas,Valtteri Bottas,Alfa Romeo,13,12,0.0,Finished,56,54.0
2023,18,United States Grand Prix,Circuit of the Americas,zhou,Guanyu Zhou,Alfa Romeo,12,13,0.0,Lapped,55,51.0
2023,18,United States Grand Prix,Circuit of the Americas,kevin_magnussen,Kevin Magnussen,Haas F1 Team,17,14,0.0,Lapped,55,41.0
2023,18,United States Grand Prix,Circuit of the Americas,ricciardo,Daniel Ricciardo,AlphaTauri,14,15,0.0,Lapped,55,49.0
2023,18,United States Grand Prix,Circuit of the Americas,alonso,Fernando Alonso,Aston Martin,19,16,0.0,Retired,49,47.0
2023,18,United States Grand Prix,Circuit of the Americas,piastri,Oscar Piastri,McLaren,10,17,0.0,Retired,10,5.0
2023,18,United States Grand Prix,Circuit of the Americas,ocon,Esteban Ocon,Alpine F1 Team,8,18,0.0,Retired,6,2.0
2023,18,United States Grand Prix,Circuit of the Americas,hamilton,Lewis Hamilton,Mercedes,3,19,0.0,Disqualified,56,42.0
2023,18,United States Grand Prix,Circuit of the Americas,leclerc,Charles Leclerc,Ferrari,1,20,0.0,Disqualified,56,38.0
2023,19,Mexico City Grand Prix,Autódromo Hermanos Rodríguez,max_verstappen,Max Verstappen,Red Bull,3,1,25.0,Finished,71,40.0
2023,19,Mexico City Grand Prix,Autódromo Hermanos Rodríguez,hamilton,Lewis Hamilton,Mercedes,6,2,19.0,Finished,71,71.0
2023,19,Mexico City Grand Prix,Autódromo Hermanos Rodríguez,leclerc,Charles Leclerc,Ferrari,1,3,15.0,Finished,71,38.0
2023,19,Mexico City Grand Prix,Autódromo Hermanos Rodríguez,sainz,Carlos Sainz,Ferrari,2,4,12.0,Finished,71,57.0
2023,19,Mexico City Grand Prix,Autódromo Hermanos Rodríguez,norris,Lando Norris,McLaren,17,5,10.0,Finished,71,71.0
2023,19,Mexico City Grand Prix,Autódromo Hermanos Rodríguez,russell,George Russell,Mercedes,8,6,8.0,Finished,71,38.0
2023,19,Mexico City Grand Prix,Autódromo Hermanos Rodríguez,ricciardo,Daniel Ricciardo,AlphaTauri,4,7,6.0,Finished,71,66.0
2023,19,Mexico City Grand Prix,Autódromo Hermanos Rodríguez,piastri,Oscar Piastri,McLaren,7,8,4.0,Finished,71,53.0
2023,19,Mexico City Grand Prix,Autódromo Hermanos Rodríguez,albon,Alexander Albon,Williams,14,9,2.0,Finished,71,65.0
2023,19,Mexico City Grand Prix,Autódromo Hermanos Rodríguez,ocon,Esteban Ocon,Alpine F1 Team,15,10,1.0,Finished,71,66.0
2023,19,Mexico City Grand Prix,Autódromo Hermanos Rodríguez,gasly,Pierre Gasly,Alpine F1 Team,11,11,0.0,Finished,71,43.0
2023,19,Mexico City Grand Prix,Autódromo Hermanos Rodríguez,tsunoda,Yuki Tsunoda,AlphaTauri,18,12,0.0,Finished,71,11.0
2023,19,Mexico City Grand Prix,Autódromo Hermanos Rodríguez,hulkenberg,Nico Hülkenberg,Haas F1 Team,12,13,0.0,Finished,71,43.0
2023,19,Mexico City Grand Prix,Autódromo Hermanos Rodríguez,zhou,Guanyu Zhou,Alfa Romeo,10,14,0.0,Finished,71,39.0
2023,19,Mexico City Grand Prix,Autódromo Hermanos Rodríguez,bottas,Valtteri Bottas,Alfa Romeo,9,15,0.0,Finished,71,43.0
2023,19,Mexico City Grand Prix,Autódromo Hermanos Rodríguez,sargeant,Logan Sargeant,Williams,19,16,0.0,Retired,70,24.0
2023,19,Mexico City Grand Prix,Autódromo Hermanos Rodríguez,stroll,Lance Stroll,Aston Martin,0,17,0.0,Collision damage,66,43.0
2023,19,Mexico City Grand Prix,Autódromo Hermanos Rodríguez,alonso,Fernando Alonso,Aston Martin,13,18,0.0,Withdrew,47,40.0
2023,19,Mexico City Grand Prix,Autódromo Hermanos Rodríguez,kevin_magnussen,Kevin Magnussen,Haas F1 Team,16,19,0.0,Accident,31,25.0
2023,19,Mexico City Grand Prix,Autódromo Hermanos Rodríguez,perez,Sergio Pérez,Red Bull,5,20,0.0,Collision damage,1,
2023,20,São Paulo Grand Prix,Autódromo José Carlos Pace,max_verstappen,Max Verstappen,Red Bull,1,1,25.0,Finished,71,68.0
2023,20,São Paulo Grand Prix,Autódromo José Carlos Pace,norris,Lando Norris,McLaren,6,2,19.0,Finished,71,61.0
2023,20,São Paulo Grand Prix,Autódromo José Carlos Pace,alonso,Fernando Alonso,Aston Martin,4,3,15.0,Finished,71,54.0
2023,20,São Paulo Grand Prix,Autódromo José Carlos Pace,perez,Sergio Pérez,Red Bull,9,4,12.0,Finished,71,55.0
2023,20,São Paulo Grand Prix,Autódromo José Carlos Pace,stroll,Lance Stroll,Aston Martin,3,5,10.0,Finished,71,67.0
2023,20,São Paulo Grand Prix,Autódromo José Carlos Pace,sainz,Carlos Sainz,Ferrari,7,6,8.0,Finished,71,59.0
2023,20,São Paulo Grand Prix,Autódromo José Carlos Pace,gasly,Pierre Gasly,Alpine F1 Team,15,7,6.0,Finished,71,48.0
2023,20,São Paulo Grand Prix,Autódromo José Carlos Pace,hamilton,Lewis Hamilton,Mercedes,5,8,4.0,Finished,71,59.0
2023,20,São Paulo Grand Prix,Autódromo José Carlos Pace,tsunoda,Yuki Tsunoda,AlphaTauri,16,9,2.0,Finished,71,64.0
2023,20,São Paulo Grand Prix,Autódromo José Carlos Pace,ocon,Esteban Ocon,Alpine F1 Team,14,10,1.0,Lapped,70,53.0
2023,20,São Paulo Grand Prix,Autódromo José Carlos Pace,sargeant,Logan Sargeant,Williams,19,11,0.0,Lapped,70,51.0
2023,20,São Paulo Grand Prix,Autódromo José Carlos Pace,hulkenberg,Nico Hülkenberg,Haas F1 Team,11,12,0.0,Lapped,70,66.0
2023,20,São Paulo Grand Prix,Autódromo José Carlos Pace,ricciardo,Daniel Ricciardo,AlphaTauri,17,13,0.0,Lapped,70,68.0
2023,20,São Paulo Grand Prix,Autódromo José Carlos Pace,piastri,Oscar Piastri,McLaren,10,14,0.0,Lapped,69,66.0
2023,20,São Paulo Grand Prix,Autódromo José Carlos Pace,russell,George Russell,Mercedes,8,15,0.0,Retired,57,55.0
2023,20,São Paulo Grand Prix,Autódromo José Carlos Pace,bottas,Valtteri Bottas,Alfa Romeo,18,16,0.0,Retired,39,20.0
2023,20,São Paulo Grand Prix,Autódromo José Carlos Pace,zhou,Guanyu Zhou,Alfa Romeo,20,17,0.0,Retired,22,17.0
2023,20,São Paulo Grand Prix,Autódromo José Carlos Pace,kevin_magnussen,Kevin Magnussen,Haas F1 Team,12,18,0.0,Retired,0,
2023,20,São Paulo Grand Prix,Autódromo José Carlos Pace,albon,Alexander Albon,Williams,13,19,0.0,Retired,0,
2023,20,São Paulo Grand Prix,Autódromo José Carlos Pace,leclerc,Charles Leclerc,Ferrari,2,20,0.0,Did not start,0,
2023,21,Las Vegas Grand Prix,Las Vegas Strip Street Circuit,max_verstappen,Max Verstappen,Red Bull,2,1,25.0,Finished,50,44.0
2023,21,Las Vegas Grand Prix,Las Vegas Strip Street Circuit,leclerc,Charles Leclerc,Ferrari,1,2,18.0,Finished,50,50.0
2023,21,Las Vegas Grand Prix,Las Vegas Strip Street Circuit,perez,Sergio Pérez,Red Bull,11,3,15.0,Finished,50,40.0
2023,21,Las Vegas Grand Prix,Las Vegas Strip Street Circuit,ocon,Esteban Ocon,Alpine F1 Team,16,4,12.0,Finished,50,47.0
2023,21,Las Vegas Grand Prix,Las Vegas Strip Street Circuit,stroll,Lance Stroll,Aston Martin,19,5,10.0,Finished,50,45.0
2023,21,Las Vegas Grand Prix,Las Vegas Strip Street Circuit,sainz,Carlos Sainz,Ferrari,12,6,8.0,Finished,50,47.0
2023,21,Las Vegas Grand Prix,Las Vegas Strip Street Circuit,hamilton,Lewis Hamilton,Mercedes,10,7,6.0,Finished,50,48.0
2023,21,Las Vegas Grand Prix,Las Vegas Strip Street Circuit,russell,George Russell,Mercedes,3,8,4.0,Finished,50,44.0
2023,21,Las Vegas Grand Prix,Las Vegas Strip Street Circuit,alonso,Fernando Alonso,Aston Martin,9,9,2.0,Finished,50,42.0
2023,21,Las Vegas Grand Prix,Las Vegas Strip Street Circuit,piastri,Oscar Piastri,McLaren,18,10,2.0,Finished,50,47.0
2023,21,Las Vegas Grand Prix,Las Vegas Strip Street Circuit,gasly,Pierre Gasly,Alpine F1 Team,4,11,0.0,Finished,50,37.0
2023,21,Las Vegas Grand Prix,Las Vegas Strip Street Circuit,albon,Alexander Albon,Williams,5,12,0.0,Finished,50,50.0
2023,21,Las Vegas Grand Prix,Las Vegas Strip Street Circuit,kevin_magnussen,Kevin Magnussen,Haas F1 Team,8,13,0.0,Finished,50,50.0
2023,21,Las Vegas Grand Prix,Las Vegas Strip Street Circuit,ricciardo,Daniel Ricciardo,AlphaTauri,14,14,0.0,Finished,50,50.0
2023,21,Las Vegas Grand Prix,Las Vegas Strip Street Circuit,zhou,Guanyu Zhou,Alfa Romeo,17,15,0.0,Finished,50,32.0
2023,21,Las Vegas Grand Prix,Las Vegas Strip Street Circuit,sargeant,Logan Sargeant,Williams,6,16,0.0,Finished,50,32.0
2023,21,Las Vegas Grand Prix,Las Vegas Strip Street Circuit,bottas,Valtteri Bottas,Alfa Romeo,7,17,0.0,Finished,50,49.0
2023,21,Las Vegas Grand Prix,Las Vegas Strip Street Circuit,tsunoda,Yuki Tsunoda,AlphaTauri,20,18,0.0,Retired,46,45.0
2023,21,Las Vegas Grand Prix,Las Vegas Strip Street Circuit,hulkenberg,Nico Hülkenberg,Haas F1 Team,13,19,0.0,Retired,45,43.0
2023,21,Las Vegas Grand Prix,Las Vegas Strip Street Circuit,norris,Lando Norris,McLaren,15,20,0.0,Retired,2,2.0
2023,22,Abu Dhabi Grand Prix,Yas Marina Circuit,max_verstappen,Max Verstappen,Red Bull,1,1,26.0,Finished,58,45.0
2023,22,Abu Dhabi Grand Prix,Yas Marina Circuit,leclerc,Charles Leclerc,Ferrari,2,2,18.0,Finished,58,44.0
2023,22,Abu Dhabi Grand Prix,Yas Marina Circuit,russell,George Russell,Mercedes,4,3,15.0,Finished,58,45.0
2023,22,Abu Dhabi Grand Prix,Yas Marina Circuit,perez,Sergio Pérez,Red Bull,9,4,12.0,Finished,58,44.0
2023,22,Abu Dhabi Grand Prix,Yas Marina Circuit,norris,Lando Norris,McLaren,5,5,10.0,Finished,58,45.0
2023,22,Abu Dhabi Grand Prix,Yas Marina Circuit,piastri,Oscar Piastri,McLaren,3,6,8.0,Finished,58,38.0
2023,22,Abu Dhabi Grand Prix,Yas Marina Circuit,alonso,Fernando Alonso,Aston Martin,7,7,6.0,Finished,58,42.0
2023,22,Abu Dhabi Grand Prix,Yas Marina Circuit,tsunoda,Yuki Tsunoda,AlphaTauri,6,8,4.0,Finished,58,55.0
2023,22,Abu Dhabi Grand Prix,Yas Marina Circuit,hamilton,Lewis Hamilton,Mercedes,11,9,2.0,Finished,58,52.0
2023,22,Abu Dhabi Grand Prix,Yas Marina Circuit,stroll,Lance Stroll,Aston Martin,13,10,1.0,Finished,58,44.0
2023,22,Abu Dhabi Grand Prix,Yas Marina Circuit,ricciardo,Daniel Ricciardo,AlphaTauri,15,11,0.0,Finished,58,47.0
2023,22,Abu Dhabi Grand Prix,Yas Marina Circuit,ocon,Esteban Ocon,Alpine F1 Team,12,12,0.0,Finished,58,34.0
2023,22,Abu Dhabi Grand Prix,Yas Marina Circuit,gasly,Pierre Gasly,Alpine F1 Team,10,13,0.0,Finished,58,35.0
2023,22,Abu Dhabi Grand Prix,Yas Marina Circuit,albon,Alexander Albon,Williams,14,14,0.0,Finished,58,45.0
2023,22,Abu Dhabi Grand Prix,Yas Marina Circuit,hulkenberg,Nico Hülkenberg,Haas F1 Team,8,15,0.0,Finished,58,58.0
2023,22,Abu Dhabi Grand Prix,Yas Marina Circuit,sargeant,Logan Sargeant,Williams,20,16,0.0,Finished,58,43.0
2023,22,Abu Dhabi Grand Prix,Yas Marina Circuit,zhou,Guanyu Zhou,Alfa Romeo,19,17,0.0,Finished,58,43.0
2023,22,Abu Dhabi Grand Prix,Yas Marina Circuit,sainz,Carlos Sainz,Ferrari,16,18,0.0,Retired,57,42.0
2023,22,Abu Dhabi Grand Prix,Yas Marina Circuit,bottas,Valtteri Bottas,Alfa Romeo,18,19,0.0,Lapped,57,42.0
2023,22,Abu Dhabi Grand Prix,Yas Marina Circuit,kevin_magnussen,Kevin Magnussen,Haas F1 Team,17,20,0.0,Lapped,57,46.0
2024,1,Bahrain Grand Prix,Bahrain International Circuit,max_verstappen,Max Verstappen,Red Bull,1,1,26.0,Finished,57,39.0
2024,1,Bahrain Grand Prix,Bahrain International Circuit,perez,Sergio Pérez,Red Bull,5,2,18.0,Finished,57,40.0
2024,1,Bahrain Grand Prix,Bahrain International Circuit,sainz,Carlos Sainz,Ferrari,4,3,15.0,Finished,57,44.0
2024,1,Bahrain Grand Prix,Bahrain International Circuit,leclerc,Charles Leclerc,Ferrari,2,4,12.0,Finished,57,36.0
2024,1,Bahrain Grand Prix,Bahrain International Circuit,russell,George Russell,Mercedes,3,5,10.0,Finished,57,40.0
2024,1,Bahrain Grand Prix,Bahrain International Circuit,norris,Lando Norris,McLaren,7,6,8.0,Finished,57,35.0
2024,1,Bahrain Grand Prix,Bahrain International Circuit,hamilton,Lewis Hamilton,Mercedes,9,7,6.0,Finished,57,39.0
2024,1,Bahrain Grand Prix,Bahrain International Circuit,piastri,Oscar Piastri,McLaren,8,8,4.0,Finished,57,39.0
2024,1,Bahrain Grand Prix,Bahrain International Circuit,alonso,Fernando Alonso,Aston Martin,6,9,2.0,Finished,57,48.0
2024,1,Bahrain Grand Prix,Bahrain International Circuit,stroll,Lance Stroll,Aston Martin,12,10,1.0,Finished,57,30.0
2024,1,Bahrain Grand Prix,Bahrain International Circuit,zhou,Guanyu Zhou,Sauber,17,11,0.0,Lapped,56,30.0
2024,1,Bahrain Grand Prix,Bahrain International Circuit,kevin_magnussen,Kevin Magnussen,Haas F1 Team,15,12,0.0,Lapped,56,34.0
2024,1,Bahrain Grand Prix,Bahrain International Circuit,ricciardo,Daniel Ricciardo,RB F1 Team,14,13,0.0,Lapped,56,37.0
2024,1,Bahrain Grand Prix,Bahrain International Circuit,tsunoda,Yuki Tsunoda,RB F1 Team,11,14,0.0,Lapped,56,37.0
2024,1,Bahrain Grand Prix,Bahrain International Circuit,albon,Alexander Albon,Williams,13,15,0.0,Lapped,56,40.0
2024,1,Bahrain Grand Prix,Bahrain International Circuit,hulkenberg,Nico Hülkenberg,Haas F1 Team,10,16,0.0,Lapped,56,46.0
2024,1,Bahrain Grand Prix,Bahrain International Circuit,ocon,Esteban Ocon,Alpine F1 Team,19,17,0.0,Lapped,56,34.0
2024,1,Bahrain Grand Prix,Bahrain International Circuit,gasly,Pierre Gasly,Alpine F1 Team,20,18,0.0,Lapped,56,45.0
2024,1,Bahrain Grand Prix,Bahrain International Circuit,bottas,Valtteri Bottas,Sauber,16,19,0.0,Lapped,56,33.0
2024,1,Bahrain Grand Prix,Bahrain International Circuit,sargeant,Logan Sargeant,Williams,18,20,0.0,Lapped,55,42.0
2024,2,Saudi Arabian Grand Prix,Jeddah Corniche Circuit,max_verstappen,Max Verstappen,Red Bull,1,1,25.0,Finished,50,50.0
2024,2,Saudi Arabian Grand Prix,Jeddah Corniche Circuit,perez,Sergio Pérez,Red Bull,3,2,18.0,Finished,50,37.0
2024,2,Saudi Arabian Grand Prix,Jeddah Corniche Circuit,leclerc,Charles Leclerc,Ferrari,2,3,16.0,Finished,50,50.0
2024,2,Saudi Arabian Grand Prix,Jeddah Corniche Circuit,piastri,Oscar Piastri,McLaren,5,4,12.0,Finished,50,45.0
2024,2,Saudi Arabian Grand Prix,Jeddah Corniche Circuit,alonso,Fernando Alonso,Aston Martin,4,5,10.0,Finished,50,43.0
2024,2,Saudi Arabian Grand Prix,Jeddah Corniche Circuit,russell,George Russell,Mercedes,7,6,8.0,Finished,50,42.0
2024,2,Saudi Arabian Grand Prix,Jeddah Corniche Circuit,bearman,Oliver Bearman,Ferrari,11,7,6.0,Finished,50,50.0
2024,2,Saudi Arabian Grand Prix,Jeddah Corniche Circuit,norris,Lando Norris,McLaren,6,8,4.0,Finished,50,40.0
2024,2,Saudi Arabian Grand Prix,Jeddah Corniche Circuit,hamilton,Lewis Hamilton,Mercedes,8,9,2.0,Finished,50,38.0
2024,2,Saudi Arabian Grand Prix,Jeddah Corniche Circuit,hulkenberg,Nico Hülkenberg,Haas F1 Team,15,10,1.0,Finished,50,49.0
2024,2,Saudi Arabian Grand Prix,Jeddah Corniche Circuit,albon,Alexander Albon,Williams,12,11,0.0,Finished,50,50.0
2024,2,Saudi Arabian Grand Prix,Jeddah Corniche Circuit,kevin_magnussen,Kevin Magnussen,Haas F1 Team,13,12,0.0,Finished,50,47.0
2024,2,Saudi Arabian Grand Prix,Jeddah Corniche Circuit,ocon,Esteban Ocon,Alpine F1 Team,17,13,0.0,Lapped,49,48.0
2024,2,Saudi Arabian Grand Prix,Jeddah Corniche Circuit,sargeant,Logan Sargeant,Williams,19,14,0.0,Lapped,49,49.0
2024,2,Saudi Arabian Grand Prix,Jeddah Corniche Circuit,tsunoda,Yuki Tsunoda,RB F1 Team,9,15,0.0,Lapped,49,44.0
2024,2,Saudi Arabian Grand Prix,Jeddah Corniche Circuit,ricciardo,Daniel Ricciardo,RB F1 Team,14,16,0.0,Lapped,49,47.0
2024,2,Saudi Arabian Grand Prix,Jeddah Corniche Circuit,bottas,Valtteri Bottas,Sauber,16,17,0.0,Lapped,49,49.0
2024,2,Saudi Arabian Grand Prix,Jeddah Corniche Circuit,zhou,Guanyu Zhou,Sauber,20,18,0.0,Lapped,49,49.0
2024,2,Saudi Arabian Grand Prix,Jeddah Corniche Circuit,stroll,Lance Stroll,Aston Martin,10,19,0.0,Retired,5,5.0
2024,2,Saudi Arabian Grand Prix,Jeddah Corniche Circuit,gasly,Pierre Gasly,Alpine F1 Team,18,20,0.0,Retired,1,
2024,3,Australian Grand Prix,Albert Park Grand Prix Circuit,sainz,Carlos Sainz,Ferrari,2,1,25.0,Finished,58,48.0
2024,3,Australian Grand Prix,Albert Park Grand Prix Circuit,leclerc,Charles Leclerc,Ferrari,4,2,19.0,Finished,58,56.0
2024,3,Australian Grand Prix,Albert Park Grand Prix Circuit,norris,Lando Norris,McLaren,3,3,15.0,Finished,58,49.0
2024,3,Australian Grand Prix,Albert Park Grand Prix Circuit,piastri,Oscar Piastri,McLaren,5,4,12.0,Finished,58,54.0
2024,3,Australian Grand Prix,Albert Park Grand Prix Circuit,perez,Sergio Pérez,Red Bull,6,5,10.0,Finished,58,47.0
2024,3,Australian Grand Prix,Albert Park Grand Prix Circuit,stroll,Lance Stroll,Aston Martin,9,6,8.0,Finished,58,49.0
2024,3,Australian Grand Prix,Albert Park Grand Prix Circuit,tsunoda,Yuki Tsunoda,RB F1 Team,8,7,6.0,Finished,58,46.0
2024,3,Australian Grand Prix,Albert Park Grand Prix Circuit,alonso,Fernando Alonso,Aston Martin,10,8,4.0,Finished,58,52.0
2024,3,Australian Grand Prix,Albert Park Grand Prix Circuit,hulkenberg,Nico Hülkenberg,Haas F1 Team,16,9,2.0,Finished,58,46.0
2024,3,Australian Grand Prix,Albert Park Grand Prix Circuit,kevin_magnussen,Kevin Magnussen,Haas F1 Team,14,10,1.0,Lapped,57,44.0
2024,3,Australian Grand Prix,Albert Park Grand Prix Circuit,albon,Alexander Albon,Williams,12,11,0.0,Lapped,57,46.0
2024,3,Australian Grand Prix,Albert Park Grand Prix Circuit,ricciardo,Daniel Ricciardo,RB F1 Team,18,12,0.0,Lapped,57,46.0
2024,3,Australian Grand Prix,Albert Park Grand Prix Circuit,gasly,Pierre Gasly,Alpine F1 Team,17,13,0.0,Lapped,57,51.0
2024,3,Australian Grand Prix,Albert Park Grand Prix Circuit,bottas,Valtteri Bottas,Sauber,13,14,0.0,Lapped,57,48.0
2024,3,Australian Grand Prix,Albert Park Grand Prix Circuit,zhou,Guanyu Zhou,Sauber,19,15,0.0,Lapped,57,49.0
2024,3,Australian Grand Prix,Albert Park Grand Prix Circuit,ocon,Esteban Ocon,Alpine F1 Team,15,16,0.0,Lapped,57,45.0
2024,3,Australian Grand Prix,Albert Park Grand Prix Circuit,russell,George Russell,Mercedes,7,17,0.0,Retired,56,53.0
2024,3,Australian Grand Prix,Albert Park Grand Prix Circuit,hamilton,Lewis Hamilton,Mercedes,11,18,0.0,Retired,15,11.0
2024,3,Australian Grand Prix,Albert Park Grand Prix Circuit,max_verstappen,Max Verstappen,Red Bull,1,19,0.0,Retired,3,3.0
2024,4,Japanese Grand Prix,Suzuka Circuit,max_verstappen,Max Verstappen,Red Bull,1,1,26.0,Finished,53,50.0
2024,4,Japanese Grand Prix,Suzuka Circuit,perez,Sergio Pérez,Red Bull,2,2,18.0,Finished,53,35.0
2024,4,Japanese Grand Prix,Suzuka Circuit,sainz,Carlos Sainz,Ferrari,4,3,15.0,Finished,53,46.0
2024,4,Japanese Grand Prix,Suzuka Circuit,leclerc,Charles Leclerc,Ferrari,8,4,12.0,Finished,53,53.0
2024,4,Japanese Grand Prix,Suzuka Circuit,norris,Lando Norris,McLaren,3,5,10.0,Finished,53,51.0
2024,4,Japanese Grand Prix,Suzuka Circuit,alonso,Fernando Alonso,Aston Martin,5,6,8.0,Finished,53,53.0
2024,4,Japanese Grand Prix,Suzuka Circuit,russell,George Russell,Mercedes,9,7,6.0,Finished,53,39.0
2024,4,Japanese Grand Prix,Suzuka Circuit,piastri,Oscar Piastri,McLaren,6,8,4.0,Finished,53,35.0
2024,4,Japanese Grand Prix,Suzuka Circuit,hamilton,Lewis Hamilton,Mercedes,7,9,2.0,Finished,53,41.0
2024,4,Japanese Grand Prix,Suzuka Circuit,tsunoda,Yuki Tsunoda,RB F1 Team,10,10,1.0,Lapped,52,51.0
2024,4,Japanese Grand Prix,Suzuka Circuit,hulkenberg,Nico Hülkenberg,Haas F1 Team,12,11,0.0,Lapped,52,52.0
2024,4,Japanese Grand Prix,Suzuka Circuit,stroll,Lance Stroll,Aston Martin,16,12,0.0,Lapped,52,41.0
2024,4,Japanese Grand Prix,Suzuka Circuit,kevin_magnussen,Kevin Magnussen,Haas F1 Team,18,13,0.0,Lapped,52,24.0
2024,4,Japanese Grand Prix,Suzuka Circuit,bottas,Valtteri Bottas,Sauber,13,14,0.0,Lapped,52,25.0
2024,4,Japanese Grand Prix,Suzuka Circuit,ocon,Esteban Ocon,Alpine F1 Team,15,15,0.0,Lapped,52,52.0
2024,4,Japanese Grand Prix,Suzuka Circuit,gasly,Pierre Gasly,Alpine F1 Team,17,16,0.0,Lapped,52,48.0
2024,4,Japanese Grand Prix,Suzuka Circuit,sargeant,Logan Sargeant,Williams,19,17,0.0,Lapped,52,43.0
2024,4,Japanese Grand Prix,Suzuka Circuit,zhou,Guanyu Zhou,Sauber,20,18,0.0,Retired,12,9.0
2024,4,Japanese Grand Prix,Suzuka Circuit,ricciardo,Daniel Ricciardo,RB F1 Team,11,19,0.0,Retired,0,
2024,4,Japanese Grand Prix,Suzuka Circuit,albon,Alexander Albon,Williams,14,20,0.0,Retired,0,
2024,5,Chinese Grand Prix,Shanghai International Circuit,max_verstappen,Max Verstappen,Red Bull,1,1,25.0,Finished,56,33.0
2024,5,Chinese Grand Prix,Shanghai International Circuit,norris,Lando Norris,McLaren,4,2,18.0,Finished,56,33.0
2024,5,Chinese Grand Prix,Shanghai International Circuit,perez,Sergio Pérez,Red Bull,2,3,15.0,Finished,56,33.0
2024,5,Chinese Grand Prix,Shanghai International Circuit,leclerc,Charles Leclerc,Ferrari,6,4,12.0,Finished,56,33.0
2024,5,Chinese Grand Prix,Shanghai International Circuit,sainz,Carlos Sainz,Ferrari,7,5,10.0,Finished,56,19.0
2024,5,Chinese Grand Prix,Shanghai International Circuit,russell,George Russell,Mercedes,8,6,8.0,Finished,56,39.0
2024,5,Chinese Grand Prix,Shanghai International Circuit,alonso,Fernando Alonso,Aston Martin,3,7,7.0,Finished,56,45.0
2024,5,Chinese Grand Prix,Shanghai International Circuit,piastri,Oscar Piastri,McLaren,5,8,4.0,Finished,56,18.0
2024,5,Chinese Grand Prix,Shanghai International Circuit,hamilton,Lewis Hamilton,Mercedes,18,9,2.0,Finished,56,34.0
2024,5,Chinese Grand Prix,Shanghai International Circuit,hulkenberg,Nico Hülkenberg,Haas F1 Team,9,10,1.0,Finished,56,32.0
2024,5,Chinese Grand Prix,Shanghai International Circuit,ocon,Esteban Ocon,Alpine F1 Team,13,11,0.0,Finished,56,33.0
2024,5,Chinese Grand Prix,Shanghai International Circuit,albon,Alexander Albon,Williams,14,12,0.0,Finished,56,34.0
2024,5,Chinese Grand Prix,Shanghai International Circuit,gasly,Pierre Gasly,Alpine F1 Team,15,13,0.0,Finished,56,40.0
2024,5,Chinese Grand Prix,Shanghai International Circuit,zhou,Guanyu Zhou,Sauber,16,14,0.0,Finished,56,42.0
2024,5,Chinese Grand Prix,Shanghai International Circuit,stroll,Lance Stroll,Aston Martin,11,15,0.0,Finished,56,37.0
2024,5,Chinese Grand Prix,Shanghai International Circuit,kevin_magnussen,Kevin Magnussen,Haas F1 Team,17,16,0.0,Finished,56,45.0
2024,5,Chinese Grand Prix,Shanghai International Circuit,sargeant,Logan Sargeant,Williams,20,17,0.0,Finished,56,14.0
2024,5,Chinese Grand Prix,Shanghai International Circuit,ricciardo,Daniel Ricciardo,RB F1 Team,12,18,0.0,Retired,33,16.0
2024,5,Chinese Grand Prix,Shanghai International Circuit,tsunoda,Yuki Tsunoda,RB F1 Team,19,19,0.0,Retired,26,11.0
2024,5,Chinese Grand Prix,Shanghai International Circuit,bottas,Valtteri Bottas,Sauber,10,20,0.0,Retired,19,11.0
2024,6,Miami Grand Prix,Miami International Autodrome,norris,Lando Norris,McLaren,5,1,25.0,Finished,57,55.0
2024,6,Miami Grand Prix,Miami International Autodrome,max_verstappen,Max Verstappen,Red Bull,1,2,18.0,Finished,57,48.0
2024,6,Miami Grand Prix,Miami International Autodrome,leclerc,Charles Leclerc,Ferrari,2,3,15.0,Finished,57,56.0
2024,6,Miami Grand Prix,Miami International Autodrome,perez,Sergio Pérez,Red Bull,4,4,12.0,Finished,57,55.0
2024,6,Miami Grand Prix,Miami International Autodrome,sainz,Carlos Sainz,Ferrari,3,5,10.0,Finished,57,55.0
2024,6,Miami Grand Prix,Miami International Autodrome,hamilton,Lewis Hamilton,Mercedes,8,6,8.0,Finished,57,54.0
2024,6,Miami Grand Prix,Miami International Autodrome,tsunoda,Yuki Tsunoda,RB F1 Team,10,7,6.0,Finished,57,55.0
2024,6,Miami Grand Prix,Miami International Autodrome,russell,George Russell,Mercedes,7,8,4.0,Finished,57,43.0
2024,6,Miami Grand Prix,Miami International Autodrome,alonso,Fernando Alonso,Aston Martin,15,9,2.0,Finished,57,55.0
2024,6,Miami Grand Prix,Miami International Autodrome,ocon,Esteban Ocon,Alpine F1 Team,13,10,1.0,Finished,57,51.0
2024,6,Miami Grand Prix,Miami International Autodrome,hulkenberg,Nico Hülkenberg,Haas F1 Team,9,11,0.0,Finished,57,56.0
2024,6,Miami Grand Prix,Miami International Autodrome,gasly,Pierre Gasly,Alpine F1 Team,12,12,0.0,Finished,57,56.0
2024,6,Miami Grand Prix,Miami International Autodrome,piastri,Oscar Piastri,McLaren,6,13,0.0,Finished,57,43.0
2024,6,Miami Grand Prix,Miami International Autodrome,zhou,Guanyu Zhou,Sauber,19,14,0.0,Finished,57,56.0
2024,6,Miami Grand Prix,Miami International Autodrome,ricciardo,Daniel Ricciardo,RB F1 Team,20,15,0.0,Finished,57,57.0
2024,6,Miami Grand Prix,Miami International Autodrome,bottas,Valtteri Bottas,Sauber,16,16,0.0,Finished,57,55.0
2024,6,Miami Grand Prix,Miami International Autodrome,stroll,Lance Stroll,Aston Martin,11,17,0.0,Finished,57,57.0
2024,6,Miami Grand Prix,Miami International Autodrome,albon,Alexander Albon,Williams,14,18,0.0,Finished,57,55.0
2024,6,Miami Grand Prix,Miami International Autodrome,kevin_magnussen,Kevin Magnussen,Haas F1 Team,18,19,0.0,Finished,57,33.0
2024,6,Miami Grand Prix,Miami International Autodrome,sargeant,Logan Sargeant,Williams,17,20,0.0,Retired,27,15.0
2024,7,Emilia Romagna Grand Prix,Autodromo Enzo e Dino Ferrari,max_verstappen,Max Verstappen,Red Bull,1,1,25.0,Finished,63,38.0
2024,7,Emilia Romagna Grand Prix,Autodromo Enzo e Dino Ferrari,norris,Lando Norris,McLaren,2,2,18.0,Finished,63,54.0
2024,7,Emilia Romagna Grand Prix,Autodromo Enzo e Dino Ferrari,leclerc,Charles Leclerc,Ferrari,3,3,15.0,Finished,63,27.0
2024,7,Emilia Romagna Grand Prix,Autodromo Enzo e Dino Ferrari,piastri,Oscar Piastri,McLaren,5,4,12.0,Finished,63,25.0
2024,7,Emilia Romagna Grand Prix,Autodromo Enzo e Dino Ferrari,sainz,Carlos Sainz,Ferrari,4,5,10.0,Finished,63,63.0
2024,7,Emilia Romagna Grand Prix,Autodromo Enzo e Dino Ferrari,hamilton,Lewis Hamilton,Mercedes,8,6,8.0,Finished,63,43.0
2024,7,Emilia Romagna Grand Prix,Autodromo Enzo e Dino Ferrari,russell,George Russell,Mercedes,6,7,7.0,Finished,63,54.0
2024,7,Emilia Romagna Grand Prix,Autodromo Enzo e Dino Ferrari,perez,Sergio Pérez,Red Bull,11,8,4.0,Finished,63,52.0
2024,7,Emilia Romagna Grand Prix,Autodromo Enzo e Dino Ferrari,stroll,Lance Stroll,Aston Martin,13,9,2.0,Finished,63,58.0
2024,7,Emilia Romagna Grand Prix,Autodromo Enzo e Dino Ferrari,tsunoda,Yuki Tsunoda,RB F1 Team,7,10,1.0,Lapped,62,14.0
2024,7,Emilia Romagna Grand Prix,Autodromo Enzo e Dino Ferrari,hulkenberg,Nico Hülkenberg,Haas F1 Team,10,11,0.0,Lapped,62,3.0
2024,7,Emilia Romagna Grand Prix,Autodromo Enzo e Dino Ferrari,kevin_magnussen,Kevin Magnussen,Haas F1 Team,18,12,0.0,Lapped,62,58.0
2024,7,Emilia Romagna Grand Prix,Autodromo Enzo e Dino Ferrari,ricciardo,Daniel Ricciardo,RB F1 Team,9,13,0.0,Lapped,62,13.0
2024,7,Emilia Romagna Grand Prix,Autodromo Enzo e Dino Ferrari,ocon,Esteban Ocon,Alpine F1 Team,12,14,0.0,Lapped,62,37.0
2024,7,Emilia Romagna Grand Prix,Autodromo Enzo e Dino Ferrari,zhou,Guanyu Zhou,Sauber,17,15,0.0,Lapped,62,37.0
2024,7,Emilia Romagna Grand Prix,Autodromo Enzo e Dino Ferrari,gasly,Pierre Gasly,Alpine F1 Team,15,16,0.0,Lapped,62,10.0
2024,7,Emilia Romagna Grand Prix,Autodromo Enzo e Dino Ferrari,sargeant,Logan Sargeant,Williams,19,17,0.0,Lapped,62,55.0
2024,7,Emilia Romagna Grand Prix,Autodromo Enzo e Dino Ferrari,bottas,Valtteri Bottas,Sauber,16,18,0.0,Lapped,62,11.0
2024,7,Emilia Romagna Grand Prix,Autodromo Enzo e Dino Ferrari,alonso,Fernando Alonso,Aston Martin,20,19,0.0,Lapped,62,62.0
2024,7,Emilia Romagna Grand Prix,Autodromo Enzo e Dino Ferrari,albon,Alexander Albon,Williams,14,20,0.0,Retired,51,48.0
2024,8,Monaco Grand Prix,Circuit de Monaco,leclerc,Charles Leclerc,Ferrari,1,1,25.0,Finished,78,71.0
2024,8,Monaco Grand Prix,Circuit de Monaco,piastri,Oscar Piastri,McLaren,2,2,18.0,Finished,78,73.0
2024,8,Monaco Grand Prix,Circuit de Monaco,sainz,Carlos Sainz,Ferrari,3,3,15.0,Finished,78,62.0
2024,8,Monaco Grand Prix,Circuit de Monaco,norris,Lando Norris,McLaren,4,4,12.0,Finished,78,64.0
2024,8,Monaco Grand Prix,Circuit de Monaco,russell,George Russell,Mercedes,5,5,10.0,Finished,78,73.0
2024,8,Monaco Grand Prix,Circuit de Monaco,max_verstappen,Max Verstappen,Red Bull,6,6,8.0,Finished,78,58.0
2024,8,Monaco Grand Prix,Circuit de Monaco,hamilton,Lewis Hamilton,Mercedes,7,7,7.0,Finished,78,63.0
2024,8,Monaco Grand Prix,Circuit de Monaco,tsunoda,Yuki Tsunoda,RB F1 Team,8,8,4.0,Lapped,77,77.0
2024,8,Monaco Grand Prix,Circuit de Monaco,albon,Alexander Albon,Williams,9,9,2.0,Lapped,77,77.0
2024,8,Monaco Grand Prix,Circuit de Monaco,gasly,Pierre Gasly,Alpine F1 Team,10,10,1.0,Lapped,77,77.0
2024,8,Monaco Grand Prix,Circuit de Monaco,alonso,Fernando Alonso,Aston Martin,14,11,0.0,Lapped,76,68.0
2024,8,Monaco Grand Prix,Circuit de Monaco,ricciardo,Daniel Ricciardo,RB F1 Team,12,12,0.0,Lapped,76,46.0
2024,8,Monaco Grand Prix,Circuit de Monaco,bottas,Valtteri Bottas,Sauber,17,13,0.0,Lapped,76,17.0
2024,8,Monaco Grand Prix,Circuit de Monaco,stroll,Lance Stroll,Aston Martin,13,14,0.0,Lapped,76,59.0
2024,8,Monaco Grand Prix,Circuit de Monaco,sargeant,Logan Sargeant,Williams,15,15,0.0,Lapped,76,62.0
2024,8,Monaco Grand Prix,Circuit de Monaco,zhou,Guanyu Zhou,Sauber,18,16,0.0,Lapped,76,75.0
2024,8,Monaco Grand Prix,Circuit de Monaco,ocon,Esteban Ocon,Alpine F1 Team,11,17,0.0,Retired,0,
2024,8,Monaco Grand Prix,Circuit de Monaco,perez,Sergio Pérez,Red Bull,16,18,0.0,Retired,0,
2024,8,Monaco Grand Prix,Circuit de Monaco,hulkenberg,Nico Hülkenberg,Haas F1 Team,19,19,0.0,Retired,0,
2024,8,Monaco Grand Prix,Circuit de Monaco,kevin_magnussen,Kevin Magnussen,Haas F1 Team,20,20,0.0,Retired,0,
2024,9,Canadian Grand Prix,Circuit Gilles Villeneuve,max_verstappen,Max Verstappen,Red Bull,2,1,25.0,Finished,70,70.0
2024,9,Canadian Grand Prix,Circuit Gilles Villeneuve,norris,Lando Norris,McLaren,3,2,18.0,Finished,70,67.0
2024,9,Canadian Grand Prix,Circuit Gilles Villeneuve,russell,George Russell,Mercedes,1,3,15.0,Finished,70,70.0
2024,9,Canadian Grand Prix,Circuit Gilles Villeneuve,hamilton,Lewis Hamilton,Mercedes,7,4,13.0,Finished,70,70.0
2024,9,Canadian Grand Prix,Circuit Gilles Villeneuve,piastri,Oscar Piastri,McLaren,4,5,10.0,Finished,70,65.0
2024,9,Canadian Grand Prix,Circuit Gilles Villeneuve,alonso,Fernando Alonso,Aston Martin,6,6,8.0,Finished,70,70.0
2024,9,Canadian Grand Prix,Circuit Gilles Villeneuve,stroll,Lance Stroll,Aston Martin,9,7,6.0,Finished,70,70.0
2024,9,Canadian Grand Prix,Circuit Gilles Villeneuve,ricciardo,Daniel Ricciardo,RB F1 Team,5,8,4.0,Finished,70,68.0
2024,9,Canadian Grand Prix,Circuit Gilles Villeneuve,gasly,Pierre Gasly,Alpine F1 Team,15,9,2.0,Finished,70,70.0
2024,9,Canadian Grand Prix,Circuit Gilles Villeneuve,ocon,Esteban Ocon,Alpine F1 Team,18,10,1.0,Finished,70,70.0
2024,9,Canadian Grand Prix,Circuit Gilles Villeneuve,hulkenberg,Nico Hülkenberg,Haas F1 Team,17,11,0.0,Finished,70,67.0
2024,9,Canadian Grand Prix,Circuit Gilles Villeneuve,kevin_magnussen,Kevin Magnussen,Haas F1 Team,14,12,0.0,Finished,70,68.0
2024,9,Canadian Grand Prix,Circuit Gilles Villeneuve,bottas,Valtteri Bottas,Sauber,19,13,0.0,Finished,70,65.0
2024,9,Canadian Grand Prix,Circuit Gilles Villeneuve,tsunoda,Yuki Tsunoda,RB F1 Team,8,14,0.0,Finished,70,70.0
2024,9,Canadian Grand Prix,Circuit Gilles Villeneuve,zhou,Guanyu Zhou,Sauber,20,15,0.0,Lapped,69,68.0
2024,9,Canadian Grand Prix,Circuit Gilles Villeneuve,sainz,Carlos Sainz,Ferrari,12,16,0.0,Retired,52,51.0
2024,9,Canadian Grand Prix,Circuit Gilles Villeneuve,albon,Alexander Albon,Williams,10,17,0.0,Retired,52,51.0
2024,9,Canadian Grand Prix,Circuit Gilles Villeneuve,perez,Sergio Pérez,Red Bull,16,18,0.0,Retired,51,51.0
2024,9,Canadian Grand Prix,Circuit Gilles Villeneuve,leclerc,Charles Leclerc,Ferrari,11,19,0.0,Retired,40,39.0
2024,9,Canadian Grand Prix,Circuit Gilles Villeneuve,sargeant,Logan Sargeant,Williams,13,20,0.0,Retired,23,19.0
2024,10,Spanish Grand Prix,Circuit de Barcelona-Catalunya,max_verstappen,Max Verstappen,Red Bull,2,1,25.0,Finished,66,54.0
2024,10,Spanish Grand Prix,Circuit de Barcelona-Catalunya,norris,Lando Norris,McLaren,1,2,19.0,Finished,66,51.0
2024,10,Spanish Grand Prix,Circuit de Barcelona-Catalunya,hamilton,Lewis Hamilton,Mercedes,3,3,15.0,Finished,66,46.0
2024,10,Spanish Grand Prix,Circuit de Barcelona-Catalunya,russell,George Russell,Mercedes,4,4,12.0,Finished,66,50.0
2024,10,Spanish Grand Prix,Circuit de Barcelona-Catalunya,leclerc,Charles Leclerc,Ferrari,5,5,10.0,Finished,66,52.0
2024,10,Spanish Grand Prix,Circuit de Barcelona-Catalunya,sainz,Carlos Sainz,Ferrari,6,6,8.0,Finished,66,39.0
2024,10,Spanish Grand Prix,Circuit de Barcelona-Catalunya,piastri,Oscar Piastri,McLaren,9,7,6.0,Finished,66,56.0
2024,10,Spanish Grand Prix,Circuit de Barcelona-Catalunya,perez,Sergio Pérez,Red Bull,11,8,4.0,Finished,66,51.0
2024,10,Spanish Grand Prix,Circuit de Barcelona-Catalunya,gasly,Pierre Gasly,Alpine F1 Team,7,9,2.0,Finished,66,51.0
2024,10,Spanish Grand Prix,Circuit de Barcelona-Catalunya,ocon,Esteban Ocon,Alpine F1 Team,8,10,1.0,Finished,66,54.0
2024,10,Spanish Grand Prix,Circuit de Barcelona-Catalunya,hulkenberg,Nico Hülkenberg,Haas F1 Team,13,11,0.0,Finished,66,49.0
2024,10,Spanish Grand Prix,Circuit de Barcelona-Catalunya,alonso,Fernando Alonso,Aston Martin,10,12,0.0,Lapped,65,50.0
2024,10,Spanish Grand Prix,Circuit de Barcelona-Catalunya,zhou,Guanyu Zhou,Sauber,15,13,0.0,Lapped,65,50.0
2024,10,Spanish Grand Prix,Circuit de Barcelona-Catalunya,stroll,Lance Stroll,Aston Martin,14,14,0.0,Lapped,65,50.0
2024,10,Spanish Grand Prix,Circuit de Barcelona-Catalunya,ricciardo,Daniel Ricciardo,RB F1 Team,18,15,0.0,Lapped,65,61.0
2024,10,Spanish Grand Prix,Circuit de Barcelona-Catalunya,bottas,Valtteri Bottas,Sauber,12,16,0.0,Lapped,65,13.0
2024,10,Spanish Grand Prix,Circuit de Barcelona-Catalunya,kevin_magnussen,Kevin Magnussen,Haas F1 Team,16,17,0.0,Lapped,65,33.0
2024,10,Spanish Grand Prix,Circuit de Barcelona-Catalunya,albon,Alexander Albon,Williams,20,18,0.0,Lapped,65,45.0
2024,10,Spanish Grand Prix,Circuit de Barcelona-Catalunya,tsunoda,Yuki Tsunoda,RB F1 Team,17,19,0.0,Lapped,65,56.0
2024,10,Spanish Grand Prix,Circuit de Barcelona-Catalunya,sargeant,Logan Sargeant,Williams,19,20,0.0,Lapped,64,38.0
2024,11,Austrian Grand Prix,Red Bull Ring,russell,George Russell,Mercedes,3,1,25.0,Finished,71,48.0
2024,11,Austrian Grand Prix,Red Bull Ring,piastri,Oscar Piastri,McLaren,7,2,18.0,Finished,71,56.0
2024,11,Austrian Grand Prix,Red Bull Ring,sainz,Carlos Sainz,Ferrari,4,3,15.0,Finished,71,56.0
2024,11,Austrian Grand Prix,Red Bull Ring,hamilton,Lewis Hamilton,Mercedes,5,4,12.0,Finished,71,61.0
2024,11,Austrian Grand Prix,Red Bull Ring,max_verstappen,Max Verstappen,Red Bull,1,5,10.0,Finished,71,68.0
2024,11,Austrian Grand Prix,Red Bull Ring,hulkenberg,Nico Hülkenberg,Haas F1 Team,9,6,8.0,Finished,71,51.0
2024,11,Austrian Grand Prix,Red Bull Ring,perez,Sergio Pérez,Red Bull,8,7,6.0,Finished,71,56.0
2024,11,Austrian Grand Prix,Red Bull Ring,kevin_magnussen,Kevin Magnussen,Haas F1 Team,12,8,4.0,Finished,71,45.0
2024,11,Austrian Grand Prix,Red Bull Ring,ricciardo,Daniel Ricciardo,RB F1 Team,11,9,2.0,Finished,71,49.0
2024,11,Austrian Grand Prix,Red Bull Ring,gasly,Pierre Gasly,Alpine F1 Team,13,10,1.0,Finished,71,45.0
2024,11,Austrian Grand Prix,Red Bull Ring,leclerc,Charles Leclerc,Ferrari,6,11,0.0,Finished,71,55.0
2024,11,Austrian Grand Prix,Red Bull Ring,ocon,Esteban Ocon,Alpine F1 Team,10,12,0.0,Finished,71,45.0
2024,11,Austrian Grand Prix,Red Bull Ring,stroll,Lance Stroll,Aston Martin,17,13,0.0,Lapped,70,54.0
2024,11,Austrian Grand Prix,Red Bull Ring,tsunoda,Yuki Tsunoda,RB F1 Team,14,14,0.0,Lapped,70,54.0
2024,11,Austrian Grand Prix,Red Bull Ring,albon,Alexander Albon,Williams,16,15,0.0,Lapped,70,41.0
2024,11,Austrian Grand Prix,Red Bull Ring,bottas,Valtteri Bottas,Sauber,18,16,0.0,Lapped,70,48.0
2024,11,Austrian Grand Prix,Red Bull Ring,zhou,Guanyu Zhou,Sauber,20,17,0.0,Lapped,70,54.0
2024,11,Austrian Grand Prix,Red Bull Ring,alonso,Fernando Alonso,Aston Martin,15,18,0.0,Lapped,70,70.0
2024,11,Austrian Grand Prix,Red Bull Ring,sargeant,Logan Sargeant,Williams,19,19,0.0,Lapped,69,60.0
2024,11,Austrian Grand Prix,Red Bull Ring,norris,Lando Norris,McLaren,2,20,0.0,Lapped,64,53.0
2024,12,British Grand Prix,Silverstone Circuit,hamilton,Lewis Hamilton,Mercedes,2,1,25.0,Finished,52,45.0
2024,12,British Grand Prix,Silverstone Circuit,max_verstappen,Max Verstappen,Red Bull,4,2,18.0,Finished,52,48.0
2024,12,British Grand Prix,Silverstone Circuit,norris,Lando Norris,McLaren,3,3,15.0,Finished,52,43.0
2024,12,British Grand Prix,Silverstone Circuit,piastri,Oscar Piastri,McLaren,5,4,12.0,Finished,52,51.0
2024,12,British Grand Prix,Silverstone Circuit,sainz,Carlos Sainz,Ferrari,7,5,11.0,Finished,52,52.0
2024,12,British Grand Prix,Silverstone Circuit,hulkenberg,Nico Hülkenberg,Haas F1 Team,6,6,8.0,Finished,52,43.0
2024,12,British Grand Prix,Silverstone Circuit,stroll,Lance Stroll,Aston Martin,8,7,6.0,Finished,52,46.0
2024,12,British Grand Prix,Silverstone Circuit,alonso,Fernando Alonso,Aston Martin,10,8,4.0,Finished,52,47.0
2024,12,British Grand Prix,Silverstone Circuit,albon,Alexander Albon,Williams,9,9,2.0,Finished,52,52.0
2024,12,British Grand Prix,Silverstone Circuit,tsunoda,Yuki Tsunoda,RB F1 Team,13,10,1.0,Finished,52,43.0
2024,12,British Grand Prix,Silverstone Circuit,sargeant,Logan Sargeant,Williams,12,11,0.0,Finished,52,42.0
2024,12,British Grand Prix,Silverstone Circuit,kevin_magnussen,Kevin Magnussen,Haas F1 Team,17,12,0.0,Finished,52,42.0
2024,12,British Grand Prix,Silverstone Circuit,ricciardo,Daniel Ricciardo,RB F1 Team,15,13,0.0,Lapped,51,47.0
2024,12,British Grand Prix,Silverstone Circuit,leclerc,Charles Leclerc,Ferrari,11,14,0.0,Lapped,51,43.0
2024,12,British Grand Prix,Silverstone Circuit,bottas,Valtteri Bottas,Sauber,16,15,0.0,Lapped,51,44.0
2024,12,British Grand Prix,Silverstone Circuit,ocon,Esteban Ocon,Alpine F1 Team,18,16,0.0,Lapped,50,46.0
2024,12,British Grand Prix,Silverstone Circuit,perez,Sergio Pérez,Red Bull,20,17,0.0,Lapped,50,50.0
2024,12,British Grand Prix,Silverstone Circuit,zhou,Guanyu Zhou,Sauber,14,18,0.0,Lapped,50,43.0
2024,12,British Grand Prix,Silverstone Circuit,russell,George Russell,Mercedes,1,19,0.0,Retired,33,3.0
2024,12,British Grand Prix,Silverstone Circuit,gasly,Pierre Gasly,Alpine F1 Team,19,20,0.0,Did not start,0,
2024,13,Hungarian Grand Prix,Hungaroring,piastri,Oscar Piastri,McLaren,2,1,25.0,Finished,70,51.0
2024,13,Hungarian Grand Prix,Hungaroring,norris,Lando Norris,McLaren,1,2,18.0,Finished,70,50.0
2024,13,Hungarian Grand Prix,Hungaroring,hamilton,Lewis Hamilton,Mercedes,5,3,15.0,Finished,70,54.0
2024,13,Hungarian Grand Prix,Hungaroring,leclerc,Charles Leclerc,Ferrari,6,4,12.0,Finished,70,29.0
2024,13,Hungarian Grand Prix,Hungaroring,max_verstappen,Max Verstappen,Red Bull,3,5,10.0,Finished,70,51.0
2024,13,Hungarian Grand Prix,Hungaroring,sainz,Carlos Sainz,Ferrari,4,6,8.0,Finished,70,53.0
2024,13,Hungarian Grand Prix,Hungaroring,perez,Sergio Pérez,Red Bull,16,7,6.0,Finished,70,49.0
2024,13,Hungarian Grand Prix,Hungaroring,russell,George Russell,Mercedes,17,8,5.0,Finished,70,55.0
2024,13,Hungarian Grand Prix,Hungaroring,tsunoda,Yuki Tsunoda,RB F1 Team,10,9,2.0,Finished,70,57.0
2024,13,Hungarian Grand Prix,Hungaroring,stroll,Lance Stroll,Aston Martin,8,10,1.0,Finished,70,48.0
2024,13,Hungarian Grand Prix,Hungaroring,alonso,Fernando Alonso,Aston Martin,7,11,0.0,Finished,70,52.0
2024,13,Hungarian Grand Prix,Hungaroring,ricciardo,Daniel Ricciardo,RB F1 Team,9,12,0.0,Lapped,69,30.0
2024,13,Hungarian Grand Prix,Hungaroring,hulkenberg,Nico Hülkenberg,Haas F1 Team,11,13,0.0,Lapped,69,54.0
2024,13,Hungarian Grand Prix,Hungaroring,albon,Alexander Albon,Williams,13,14,0.0,Lapped,69,31.0
2024,13,Hungarian Grand Prix,Hungaroring,kevin_magnussen,Kevin Magnussen,Haas F1 Team,15,15,0.0,Lapped,69,50.0
2024,13,Hungarian Grand Prix,Hungaroring,bottas,Valtteri Bottas,Sauber,12,16,0.0,Lapped,69,52.0
2024,13,Hungarian Grand Prix,Hungaroring,sargeant,Logan Sargeant,Williams,14,17,0.0,Lapped,69,65.0
2024,13,Hungarian Grand Prix,Hungaroring,ocon,Esteban Ocon,Alpine F1 Team,19,18,0.0,Lapped,69,66.0
2024,13,Hungarian Grand Prix,Hungaroring,zhou,Guanyu Zhou,Sauber,18,19,0.0,Lapped,69,38.0
2024,13,Hungarian Grand Prix,Hungaroring,gasly,Pierre Gasly,Alpine F1 Team,20,20,0.0,Retired,33,31.0
2024,14,Belgian Grand Prix,Circuit de Spa-Francorchamps,hamilton,Lewis Hamilton,Mercedes,3,1,25.0,Finished,44,33.0
2024,14,Belgian Grand Prix,Circuit de Spa-Francorchamps,piastri,Oscar Piastri,McLaren,5,2,18.0,Finished,44,32.0
2024,14,Belgian Grand Prix,Circuit de Spa-Francorchamps,leclerc,Charles Leclerc,Ferrari,1,3,15.0,Finished,44,33.0
2024,14,Belgian Grand Prix,Circuit de Spa-Francorchamps,max_verstappen,Max Verstappen,Red Bull,11,4,12.0,Finished,44,32.0
2024,14,Belgian Grand Prix,Circuit de Spa-Francorchamps,norris,Lando Norris,McLaren,4,5,10.0,Finished,44,31.0
2024,14,Belgian Grand Prix,Circuit de Spa-Francorchamps,sainz,Carlos Sainz,Ferrari,7,6,8.0,Finished,44,44.0
2024,14,Belgian Grand Prix,Circuit de Spa-Francorchamps,perez,Sergio Pérez,Red Bull,2,7,7.0,Finished,44,44.0
2024,14,Belgian Grand Prix,Circuit de Spa-Francorchamps,alonso,Fernando Alonso,Aston Martin,8,8,4.0,Finished,44,42.0
2024,14,Belgian Grand Prix,Circuit de Spa-Francorchamps,ocon,Esteban Ocon,Alpine F1 Team,9,9,2.0,Finished,44,43.0
2024,14,Belgian Grand Prix,Circuit de Spa-Francorchamps,ricciardo,Daniel Ricciardo,RB F1 Team,13,10,1.0,Finished,44,37.0
2024,14,Belgian Grand Prix,Circuit de Spa-Francorchamps,stroll,Lance Stroll,Aston Martin,15,11,0.0,Finished,44,44.0
2024,14,Belgian Grand Prix,Circuit de Spa-Francorchamps,albon,Alexander Albon,Williams,10,12,0.0,Finished,44,44.0
2024,14,Belgian Grand Prix,Circuit de Spa-Francorchamps,gasly,Pierre Gasly,Alpine F1 Team,12,13,0.0,Finished,44,30.0
2024,14,Belgian Grand Prix,Circuit de Spa-Francorchamps,kevin_magnussen,Kevin Magnussen,Haas F1 Team,17,14,0.0,Finished,44,44.0
2024,14,Belgian Grand Prix,Circuit de Spa-Francorchamps,bottas,Valtteri Bottas,Sauber,14,15,0.0,Finished,44,37.0
2024,14,Belgian Grand Prix,Circuit de Spa-Francorchamps,tsunoda,Yuki Tsunoda,RB F1 Team,20,16,0.0,Finished,44,44.0
2024,14,Belgian Grand Prix,Circuit de Spa-Francorchamps,sargeant,Logan Sargeant,Williams,18,17,0.0,Finished,44,43.0
2024,14,Belgian Grand Prix,Circuit de Spa-Francorchamps,hulkenberg,Nico Hülkenberg,Haas F1 Team,16,18,0.0,Finished,44,44.0
2024,14,Belgian Grand Prix,Circuit de Spa-Francorchamps,zhou,Guanyu Zhou,Sauber,19,19,0.0,Retired,5,2.0
2024,14,Belgian Grand Prix,Circuit de Spa-Francorchamps,russell,George Russell,Mercedes,6,20,0.0,Disqualified,44,44.0
2024,15,Dutch Grand Prix,Circuit Park Zandvoort,norris,Lando Norris,McLaren,1,1,26.0,Finished,72,72.0
2024,15,Dutch Grand Prix,Circuit Park Zandvoort,max_verstappen,Max Verstappen,Red Bull,2,2,18.0,Finished,72,30.0
2024,15,Dutch Grand Prix,Circuit Park Zandvoort,leclerc,Charles Leclerc,Ferrari,6,3,15.0,Finished,72,62.0
2024,15,Dutch Grand Prix,Circuit Park Zandvoort,piastri,Oscar Piastri,McLaren,3,4,12.0,Finished,72,36.0
2024,15,Dutch Grand Prix,Circuit Park Zandvoort,sainz,Carlos Sainz,Ferrari,10,5,10.0,Finished,72,40.0
2024,15,Dutch Grand Prix,Circuit Park Zandvoort,perez,Sergio Pérez,Red Bull,5,6,8.0,Finished,72,69.0
2024,15,Dutch Grand Prix,Circuit Park Zandvoort,russell,George Russell,Mercedes,4,7,6.0,Finished,72,57.0
2024,15,Dutch Grand Prix,Circuit Park Zandvoort,hamilton,Lewis Hamilton,Mercedes,14,8,4.0,Finished,72,62.0
2024,15,Dutch Grand Prix,Circuit Park Zandvoort,gasly,Pierre Gasly,Alpine F1 Team,9,9,2.0,Lapped,71,54.0
2024,15,Dutch Grand Prix,Circuit Park Zandvoort,alonso,Fernando Alonso,Aston Martin,7,10,1.0,Lapped,71,34.0
2024,15,Dutch Grand Prix,Circuit Park Zandvoort,hulkenberg,Nico Hülkenberg,Haas F1 Team,12,11,0.0,Lapped,71,59.0
2024,15,Dutch Grand Prix,Circuit Park Zandvoort,ricciardo,Daniel Ricciardo,RB F1 Team,13,12,0.0,Lapped,71,52.0
2024,15,Dutch Grand Prix,Circuit Park Zandvoort,stroll,Lance Stroll,Aston Martin,8,13,0.0,Lapped,71,51.0
2024,15,Dutch Grand Prix,Circuit Park Zandvoort,albon,Alexander Albon,Williams,19,14,0.0,Lapped,71,71.0
2024,15,Dutch Grand Prix,Circuit Park Zandvoort,ocon,Esteban Ocon,Alpine F1 Team,15,15,0.0,Lapped,71,50.0
2024,15,Dutch Grand Prix,Circuit Park Zandvoort,sargeant,Logan Sargeant,Williams,18,16,0.0,Lapped,71,26.0
2024,15,Dutch Grand Prix,Circuit Park Zandvoort,tsunoda,Yuki Tsunoda,RB F1 Team,11,17,0.0,Lapped,71,16.0
2024,15,Dutch Grand Prix,Circuit Park Zandvoort,kevin_magnussen,Kevin Magnussen,Haas F1 Team,20,18,0.0,Lapped,71,42.0
2024,15,Dutch Grand Prix,Circuit Park Zandvoort,bottas,Valtteri Bottas,Sauber,16,19,0.0,Lapped,70,45.0
2024,15,Dutch Grand Prix,Circuit Park Zandvoort,zhou,Guanyu Zhou,Sauber,17,20,0.0,Lapped,70,67.0
2024,16,Italian Grand Prix,Autodromo Nazionale di Monza,leclerc,Charles Leclerc,Ferrari,4,1,25.0,Finished,53,33.0
2024,16,Italian Grand Prix,Autodromo Nazionale di Monza,piastri,Oscar Piastri,McLaren,2,2,18.0,Finished,53,53.0
2024,16,Italian Grand Prix,Autodromo Nazionale di Monza,norris,Lando Norris,McLaren,1,3,16.0,Finished,53,53.0
2024,16,Italian Grand Prix,Autodromo Nazionale di Monza,sainz,Carlos Sainz,Ferrari,5,4,12.0,Finished,53,53.0
2024,16,Italian Grand Prix,Autodromo Nazionale di Monza,hamilton,Lewis Hamilton,Mercedes,6,5,10.0,Finished,53,53.0
2024,16,Italian Grand Prix,Autodromo Nazionale di Monza,max_verstappen,Max Verstappen,Red Bull,7,6,8.0,Finished,53,43.0
2024,16,Italian Grand Prix,Autodromo Nazionale di Monza,russell,George Russell,Mercedes,3,7,6.0,Finished,53,49.0
2024,16,Italian Grand Prix,Autodromo Nazionale di Monza,perez,Sergio Pérez,Red Bull,8,8,4.0,Finished,53,47.0
2024,16,Italian Grand Prix,Autodromo Nazionale di Monza,albon,Alexander Albon,Williams,9,9,2.0,Finished,53,53.0
2024,16,Italian Grand Prix,Autodromo Nazionale di Monza,kevin_magnussen,Kevin Magnussen,Haas F1 Team,13,10,1.0,Finished,53,51.0
2024,16,Italian Grand Prix,Autodromo Nazionale di Monza,alonso,Fernando Alonso,Aston Martin,11,11,0.0,Finished,53,46.0
2024,16,Italian Grand Prix,Autodromo Nazionale di Monza,colapinto,Franco Colapinto,Williams,18,12,0.0,Finished,53,53.0
2024,16,Italian Grand Prix,Autodromo Nazionale di Monza,ricciardo,Daniel Ricciardo,RB F1 Team,12,13,0.0,Finished,53,52.0
2024,16,Italian Grand Prix,Autodromo Nazionale di Monza,ocon,Esteban Ocon,Alpine F1 Team,15,14,0.0,Lapped,52,52.0
2024,16,Italian Grand Prix,Autodromo Nazionale di Monza,gasly,Pierre Gasly,Alpine F1 Team,14,15,0.0,Lapped,52,51.0
2024,16,Italian Grand Prix,Autodromo Nazionale di Monza,bottas,Valtteri Bottas,Sauber,19,16,0.0,Lapped,52,52.0
2024,16,Italian Grand Prix,Autodromo Nazionale di Monza,hulkenberg,Nico Hülkenberg,Haas F1 Team,10,17,0.0,Lapped,52,44.0
2024,16,Italian Grand Prix,Autodromo Nazionale di Monza,zhou,Guanyu Zhou,Sauber,20,18,0.0,Lapped,52,17.0
2024,16,Italian Grand Prix,Autodromo Nazionale di Monza,stroll,Lance Stroll,Aston Martin,17,19,0.0,Lapped,52,52.0
2024,16,Italian Grand Prix,Autodromo Nazionale di Monza,tsunoda,Yuki Tsunoda,RB F1 Team,16,20,0.0,Retired,7,4.0
2024,17,Azerbaijan Grand Prix,Baku City Circuit,piastri,Oscar Piastri,McLaren,2,1,25.0,Finished,51,47.0
2024,17,Azerbaijan Grand Prix,Baku City Circuit,leclerc,Charles Leclerc,Ferrari,1,2,18.0,Finished,51,44.0
2024,17,Azerbaijan Grand Prix,Baku City Circuit,russell,George Russell,Mercedes,5,3,15.0,Finished,51,45.0
2024,17,Azerbaijan Grand Prix,Baku City Circuit,norris,Lando Norris,McLaren,15,4,13.0,Finished,51,42.0
2024,17,Azerbaijan Grand Prix,Baku City Circuit,max_verstappen,Max Verstappen,Red Bull,6,5,10.0,Finished,51,42.0
2024,17,Azerbaijan Grand Prix,Baku City Circuit,alonso,Fernando Alonso,Aston Martin,7,6,8.0,Finished,51,48.0
2024,17,Azerbaijan Grand Prix,Baku City Circuit,albon,Alexander Albon,Williams,9,7,6.0,Finished,51,43.0
2024,17,Azerbaijan Grand Prix,Baku City Circuit,colapinto,Franco Colapinto,Williams,8,8,4.0,Finished,51,44.0
2024,17,Azerbaijan Grand Prix,Baku City Circuit,hamilton,Lewis Hamilton,Mercedes,19,9,2.0,Finished,51,48.0
2024,17,Azerbaijan Grand Prix,Baku City Circuit,bearman,Oliver Bearman,Haas F1 Team,10,10,1.0,Finished,51,47.0
2024,17,Azerbaijan Grand Prix,Baku City Circuit,hulkenberg,Nico Hülkenberg,Haas F1 Team,12,11,0.0,Finished,51,42.0
2024,17,Azerbaijan Grand Prix,Baku City Circuit,gasly,Pierre Gasly,Alpine F1 Team,18,12,0.0,Finished,51,47.0
2024,17,Azerbaijan Grand Prix,Baku City Circuit,ricciardo,Daniel Ricciardo,RB F1 Team,14,13,0.0,Finished,51,39.0
2024,17,Azerbaijan Grand Prix,Baku City Circuit,zhou,Guanyu Zhou,Sauber,17,14,0.0,Finished,51,43.0
2024,17,Azerbaijan Grand Prix,Baku City Circuit,ocon,Esteban Ocon,Alpine F1 Team,20,15,0.0,Lapped,50,35.0
2024,17,Azerbaijan Grand Prix,Baku City Circuit,bottas,Valtteri Bottas,Sauber,16,16,0.0,Lapped,50,41.0
2024,17,Azerbaijan Grand Prix,Baku City Circuit,perez,Sergio Pérez,Red Bull,4,17,0.0,Retired,49,46.0
2024,17,Azerbaijan Grand Prix,Baku City Circuit,sainz,Carlos Sainz,Ferrari,3,18,0.0,Retired,49,46.0
2024,17,Azerbaijan Grand Prix,Baku City Circuit,stroll,Lance Stroll,Aston Martin,13,19,0.0,Retired,45,31.0
2024,17,Azerbaijan Grand Prix,Baku City Circuit,tsunoda,Yuki Tsunoda,RB F1 Team,11,20,0.0,Retired,14,8.0
2024,18,Singapore Grand Prix,Marina Bay Street Circuit,norris,Lando Norris,McLaren,1,1,25.0,Finished,62,48.0
2024,18,Singapore Grand Prix,Marina Bay Street Circuit,max_verstappen,Max Verstappen,Red Bull,2,2,18.0,Finished,62,59.0
2024,18,Singapore Grand Prix,Marina Bay Street Circuit,piastri,Oscar Piastri,McLaren,5,3,15.0,Finished,62,48.0
2024,18,Singapore Grand Prix,Marina Bay Street Circuit,russell,George Russell,Mercedes,4,4,12.0,Finished,62,30.0
2024,18,Singapore Grand Prix,Marina Bay Street Circuit,leclerc,Charles Leclerc,Ferrari,9,5,10.0,Finished,62,46.0
2024,18,Singapore Grand Prix,Marina Bay Street Circuit,hamilton,Lewis Hamilton,Mercedes,3,6,8.0,Finished,62,43.0
2024,18,Singapore Grand Prix,Marina Bay Street Circuit,sainz,Carlos Sainz,Ferrari,10,7,6.0,Finished,62,15.0
2024,18,Singapore Grand Prix,Marina Bay Street Circuit,alonso,Fernando Alonso,Aston Martin,7,8,4.0,Lapped,61,54.0
2024,18,Singapore Grand Prix,Marina Bay Street Circuit,hulkenberg,Nico Hülkenberg,Haas F1 Team,6,9,2.0,Lapped,61,35.0
2024,18,Singapore Grand Prix,Marina Bay Street Circuit,perez,Sergio Pérez,Red Bull,13,10,1.0,Lapped,61,33.0
2024,18,Singapore Grand Prix,Marina Bay Street Circuit,colapinto,Franco Colapinto,Williams,12,11,0.0,Lapped,61,35.0
2024,18,Singapore Grand Prix,Marina Bay Street Circuit,tsunoda,Yuki Tsunoda,RB F1 Team,8,12,0.0,Lapped,61,53.0
2024,18,Singapore Grand Prix,Marina Bay Street Circuit,ocon,Esteban Ocon,Alpine F1 Team,15,13,0.0,Lapped,61,48.0
2024,18,Singapore Grand Prix,Marina Bay Street Circuit,stroll,Lance Stroll,Aston Martin,17,14,0.0,Lapped,61,36.0
2024,18,Singapore Grand Prix,Marina Bay Street Circuit,zhou,Guanyu Zhou,Sauber,20,15,0.0,Lapped,61,47.0
2024,18,Singapore Grand Prix,Marina Bay Street Circuit,bottas,Valtteri Bottas,Sauber,19,16,0.0,Lapped,61,46.0
2024,18,Singapore Grand Prix,Marina Bay Street Circuit,gasly,Pierre Gasly,Alpine F1 Team,18,17,0.0,Lapped,61,46.0
2024,18,Singapore Grand Prix,Marina Bay Street Circuit,ricciardo,Daniel Ricciardo,RB F1 Team,16,18,0.0,Lapped,61,60.0
2024,18,Singapore Grand Prix,Marina Bay Street Circuit,kevin_magnussen,Kevin Magnussen,Haas F1 Team,14,19,0.0,Retired,57,52.0
2024,18,Singapore Grand Prix,Marina Bay Street Circuit,albon,Alexander Albon,Williams,11,20,0.0,Retired,15,13.0
2024,19,United States Grand Prix,Circuit of the Americas,leclerc,Charles Leclerc,Ferrari,4,1,25.0,Finished,56,39.0
2024,19,United States Grand Prix,Circuit of the Americas,sainz,Carlos Sainz,Ferrari,3,2,18.0,Finished,56,42.0
2024,19,United States Grand Prix,Circuit of the Americas,max_verstappen,Max Verstappen,Red Bull,2,3,15.0,Finished,56,42.0
2024,19,United States Grand Prix,Circuit of the Americas,norris,Lando Norris,McLaren,1,4,12.0,Finished,56,55.0
2024,19,United States Grand Prix,Circuit of the Americas,piastri,Oscar Piastri,McLaren,5,5,10.0,Finished,56,42.0
2024,19,United States Grand Prix,Circuit of the Americas,russell,George Russell,Mercedes,20,6,8.0,Finished,56,42.0
2024,19,United States Grand Prix,Circuit of the Americas,perez,Sergio Pérez,Red Bull,9,7,6.0,Finished,56,45.0
2024,19,United States Grand Prix,Circuit of the Americas,hulkenberg,Nico Hülkenberg,Haas F1 Team,11,8,4.0,Finished,56,51.0
2024,19,United States Grand Prix,Circuit of the Americas,lawson,Liam Lawson,RB F1 Team,19,9,2.0,Finished,56,54.0
2024,19,United States Grand Prix,Circuit of the Americas,colapinto,Franco Colapinto,Williams,15,10,1.0,Finished,56,46.0
2024,19,United States Grand Prix,Circuit of the Americas,kevin_magnussen,Kevin Magnussen,Haas F1 Team,8,11,0.0,Finished,56,56.0
2024,19,United States Grand Prix,Circuit of the Americas,gasly,Pierre Gasly,Alpine F1 Team,6,12,0.0,Finished,56,55.0
2024,19,United States Grand Prix,Circuit of the Americas,alonso,Fernando Alonso,Aston Martin,7,13,0.0,Lapped,55,52.0
2024,19,United States Grand Prix,Circuit of the Americas,tsunoda,Yuki Tsunoda,RB F1 Team,10,14,0.0,Lapped,55,54.0
2024,19,United States Grand Prix,Circuit of the Americas,stroll,Lance Stroll,Aston Martin,13,15,0.0,Lapped,55,54.0
2024,19,United States Grand Prix,Circuit of the Americas,albon,Alexander Albon,Williams,14,16,0.0,Lapped,55,54.0
2024,19,United States Grand Prix,Circuit of the Americas,bottas,Valtteri Bottas,Sauber,16,17,0.0,Lapped,55,53.0
2024,19,United States Grand Prix,Circuit of the Americas,ocon,Esteban Ocon,Alpine F1 Team,12,18,0.0,Lapped,55,53.0
2024,19,United States Grand Prix,Circuit of the Americas,zhou,Guanyu Zhou,Sauber,18,19,0.0,Lapped,55,53.0
2024,19,United States Grand Prix,Circuit of the Americas,hamilton,Lewis Hamilton,Mercedes,17,20,0.0,Retired,1,
2024,20,Mexico City Grand Prix,Autódromo Hermanos Rodríguez,sainz,Carlos Sainz,Ferrari,1,1,25.0,Finished,71,62.0
2024,20,Mexico City Grand Prix,Autódromo Hermanos Rodríguez,norris,Lando Norris,McLaren,3,2,18.0,Finished,71,68.0
2024,20,Mexico City Grand Prix,Autódromo Hermanos Rodríguez,leclerc,Charles Leclerc,Ferrari,4,3,16.0,Finished,71,71.0
2024,20,Mexico City Grand Prix,Autódromo Hermanos Rodríguez,hamilton,Lewis Hamilton,Mercedes,6,4,12.0,Finished,71,31.0
2024,20,Mexico City Grand Prix,Autódromo Hermanos Rodríguez,russell,George Russell,Mercedes,5,5,10.0,Finished,71,63.0
2024,20,Mexico City Grand Prix,Autódromo Hermanos Rodríguez,max_verstappen,Max Verstappen,Red Bull,2,6,8.0,Finished,71,53.0
2024,20,Mexico City Grand Prix,Autódromo Hermanos Rodríguez,kevin_magnussen,Kevin Magnussen,Haas F1 Team,7,7,6.0,Finished,71,61.0
2024,20,Mexico City Grand Prix,Autódromo Hermanos Rodríguez,piastri,Oscar Piastri,McLaren,17,8,4.0,Finished,71,65.0
2024,20,Mexico City Grand Prix,Autódromo Hermanos Rodríguez,hulkenberg,Nico Hülkenberg,Haas F1 Team,10,9,2.0,Lapped,70,69.0
2024,20,Mexico City Grand Prix,Autódromo Hermanos Rodríguez,gasly,Pierre Gasly,Alpine F1 Team,8,10,1.0,Lapped,70,67.0
2024,20,Mexico City Grand Prix,Autódromo Hermanos Rodríguez,stroll,Lance Stroll,Aston Martin,14,11,0.0,Lapped,70,55.0
2024,20,Mexico City Grand Prix,Autódromo Hermanos Rodríguez,colapinto,Franco Colapinto,Williams,16,12,0.0,Lapped,70,50.0
2024,20,Mexico City Grand Prix,Autódromo Hermanos Rodríguez,ocon,Esteban Ocon,Alpine F1 Team,0,13,0.0,Lapped,70,70.0
2024,20,Mexico City Grand Prix,Autódromo Hermanos Rodríguez,bottas,Valtteri Bottas,Sauber,15,14,0.0,Lapped,70,57.0
2024,20,Mexico City Grand Prix,Autódromo Hermanos Rodríguez,zhou,Guanyu Zhou,Sauber,19,15,0.0,Lapped,70,56.0
2024,20,Mexico City Grand Prix,Autódromo Hermanos Rodríguez,lawson,Liam Lawson,RB F1 Team,12,16,0.0,Lapped,70,67.0
2024,20,Mexico City Grand Prix,Autódromo Hermanos Rodríguez,perez,Sergio Pérez,Red Bull,18,17,0.0,Lapped,70,70.0
2024,20,Mexico City Grand Prix,Autódromo Hermanos Rodríguez,alonso,Fernando Alonso,Aston Martin,13,18,0.0,Retired,15,7.0
2024,20,Mexico City Grand Prix,Autódromo Hermanos Rodríguez,albon,Alexander Albon,Williams,9,19,0.0,Retired,0,
2024,20,Mexico City Grand Prix,Autódromo Hermanos Rodríguez,tsunoda,Yuki Tsunoda,RB F1 Team,11,20,0.0,Retired,0,
2024,21,São Paulo Grand Prix,Autódromo José Carlos Pace,max_verstappen,Max Verstappen,Red Bull,17,1,26.0,Finished,69,67.0
2024,21,São Paulo Grand Prix,Autódromo José Carlos Pace,ocon,Esteban Ocon,Alpine F1 Team,4,2,18.0,Finished,69,64.0
2024,21,São Paulo Grand Prix,Autódromo José Carlos Pace,gasly,Pierre Gasly,Alpine F1 Team,13,3,15.0,Finished,69,66.0
2024,21,São Paulo Grand Prix,Autódromo José Carlos Pace,russell,George Russell,Mercedes,2,4,12.0,Finished,69,66.0
2024,21,São Paulo Grand Prix,Autódromo José Carlos Pace,leclerc,Charles Leclerc,Ferrari,6,5,10.0,Finished,69,60.0
2024,21,São Paulo Grand Prix,Autódromo José Carlos Pace,norris,Lando Norris,McLaren,1,6,8.0,Finished,69,67.0
2024,21,São Paulo Grand Prix,Autódromo José Carlos Pace,tsunoda,Yuki Tsunoda,RB F1 Team,3,7,6.0,Finished,69,69.0
2024,21,São Paulo Grand Prix,Autódromo José Carlos Pace,piastri,Oscar Piastri,McLaren,8,8,4.0,Finished,69,69.0
2024,21,São Paulo Grand Prix,Autódromo José Carlos Pace,lawson,Liam Lawson,RB F1 Team,5,9,2.0,Finished,69,67.0
2024,21,São Paulo Grand Prix,Autódromo José Carlos Pace,hamilton,Lewis Hamilton,Mercedes,14,10,1.0,Finished,69,69.0
2024,21,São Paulo Grand Prix,Autódromo José Carlos Pace,perez,Sergio Pérez,Red Bull,12,11,0.0,Finished,69,67.0
2024,21,São Paulo Grand Prix,Autódromo José Carlos Pace,bearman,Oliver Bearman,Haas F1 Team,15,12,0.0,Finished,69,64.0
2024,21,São Paulo Grand Prix,Autódromo José Carlos Pace,bottas,Valtteri Bottas,Sauber,11,13,0.0,Finished,69,67.0
2024,21,São Paulo Grand Prix,Autódromo José Carlos Pace,alonso,Fernando Alonso,Aston Martin,9,14,0.0,Finished,69,59.0
2024,21,São Paulo Grand Prix,Autódromo José Carlos Pace,zhou,Guanyu Zhou,Sauber,19,15,0.0,Finished,69,65.0
2024,21,São Paulo Grand Prix,Autódromo José Carlos Pace,sainz,Carlos Sainz,Ferrari,20,16,0.0,Retired,38,19.0
2024,21,São Paulo Grand Prix,Autódromo José Carlos Pace,colapinto,Franco Colapinto,Williams,16,17,0.0,Retired,30,21.0
2024,21,São Paulo Grand Prix,Autódromo José Carlos Pace,albon,Alexander Albon,Williams,7,18,0.0,Did not start,0,
2024,21,São Paulo Grand Prix,Autódromo José Carlos Pace,stroll,Lance Stroll,Aston Martin,10,19,0.0,Did not start,0,
2024,21,São Paulo Grand Prix,Autódromo José Carlos Pace,hulkenberg,Nico Hülkenberg,Haas F1 Team,18,20,0.0,Disqualified,0,
2024,22,Las Vegas Grand Prix,Las Vegas Strip Street Circuit,russell,George Russell,Mercedes,1,1,25.0,Finished,50,46.0
2024,22,Las Vegas Grand Prix,Las Vegas Strip Street Circuit,hamilton,Lewis Hamilton,Mercedes,10,2,18.0,Finished,50,41.0
2024,22,Las Vegas Grand Prix,Las Vegas Strip Street Circuit,sainz,Carlos Sainz,Ferrari,2,3,15.0,Finished,50,44.0
2024,22,Las Vegas Grand Prix,Las Vegas Strip Street Circuit,leclerc,Charles Leclerc,Ferrari,4,4,12.0,Finished,50,40.0
2024,22,Las Vegas Grand Prix,Las Vegas Strip Street Circuit,max_verstappen,Max Verstappen,Red Bull,5,5,10.0,Finished,50,43.0
2024,22,Las Vegas Grand Prix,Las Vegas Strip Street Circuit,norris,Lando Norris,McLaren,6,6,9.0,Finished,50,50.0
2024,22,Las Vegas Grand Prix,Las Vegas Strip Street Circuit,piastri,Oscar Piastri,McLaren,8,7,6.0,Finished,50,44.0
2024,22,Las Vegas Grand Prix,Las Vegas Strip Street Circuit,hulkenberg,Nico Hülkenberg,Haas F1 Team,9,8,4.0,Finished,50,48.0
2024,22,Las Vegas Grand Prix,Las Vegas Strip Street Circuit,tsunoda,Yuki Tsunoda,RB F1 Team,7,9,2.0,Finished,50,48.0
2024,22,Las Vegas Grand Prix,Las Vegas Strip Street Circuit,perez,Sergio Pérez,Red Bull,15,10,1.0,Finished,50,42.0
2024,22,Las Vegas Grand Prix,Las Vegas Strip Street Circuit,alonso,Fernando Alonso,Aston Martin,16,11,0.0,Finished,50,39.0
2024,22,Las Vegas Grand Prix,Las Vegas Strip Street Circuit,kevin_magnussen,Kevin Magnussen,Haas F1 Team,12,12,0.0,Finished,50,49.0
2024,22,Las Vegas Grand Prix,Las Vegas Strip Street Circuit,zhou,Guanyu Zhou,Sauber,13,13,0.0,Finished,50,46.0
2024,22,Las Vegas Grand Prix,Las Vegas Strip Street Circuit,colapinto,Franco Colapinto,Williams,20,14,0.0,Finished,50,37.0
2024,22,Las Vegas Grand Prix,Las Vegas Strip Street Circuit,stroll,Lance Stroll,Aston Martin,18,15,0.0,Finished,50,43.0
2024,22,Las Vegas Grand Prix,Las Vegas Strip Street Circuit,lawson,Liam Lawson,RB F1 Team,14,16,0.0,Finished,50,45.0
2024,22,Las Vegas Grand Prix,Las Vegas Strip Street Circuit,ocon,Esteban Ocon,Alpine F1 Team,11,17,0.0,Lapped,49,47.0
2024,22,Las Vegas Grand Prix,Las Vegas Strip Street Circuit,bottas,Valtteri Bottas,Sauber,19,18,0.0,Lapped,49,46.0
2024,22,Las Vegas Grand Prix,Las Vegas Strip Street Circuit,albon,Alexander Albon,Williams,17,19,0.0,Retired,25,21.0
2024,22,Las Vegas Grand Prix,Las Vegas Strip Street Circuit,gasly,Pierre Gasly,Alpine F1 Team,3,20,0.0,Retired,15,13.0
2024,23,Qatar Grand Prix,Lusail International Circuit,max_verstappen,Max Verstappen,Red Bull,2,1,25.0,Finished,57,55.0
2024,23,Qatar Grand Prix,Lusail International Circuit,leclerc,Charles Leclerc,Ferrari,5,2,18.0,Finished,57,53.0
2024,23,Qatar Grand Prix,Lusail International Circuit,piastri,Oscar Piastri,McLaren,4,3,15.0,Finished,57,51.0
2024,23,Qatar Grand Prix,Lusail International Circuit,russell,George Russell,Mercedes,1,4,12.0,Finished,57,50.0
2024,23,Qatar Grand Prix,Lusail International Circuit,gasly,Pierre Gasly,Alpine F1 Team,11,5,10.0,Finished,57,56.0
2024,23,Qatar Grand Prix,Lusail International Circuit,sainz,Carlos Sainz,Ferrari,7,6,8.0,Finished,57,52.0
2024,23,Qatar Grand Prix,Lusail International Circuit,alonso,Fernando Alonso,Aston Martin,8,7,6.0,Finished,57,57.0
2024,23,Qatar Grand Prix,Lusail International Circuit,zhou,Guanyu Zhou,Sauber,12,8,4.0,Finished,57,57.0
2024,23,Qatar Grand Prix,Lusail International Circuit,kevin_magnussen,Kevin Magnussen,Haas F1 Team,10,9,2.0,Finished,57,55.0
2024,23,Qatar Grand Prix,Lusail International Circuit,norris,Lando Norris,McLaren,3,10,2.0,Finished,57,56.0
2024,23,Qatar Grand Prix,Lusail International Circuit,bottas,Valtteri Bottas,Sauber,13,11,0.0,Finished,57,53.0
2024,23,Qatar Grand Prix,Lusail International Circuit,hamilton,Lewis Hamilton,Mercedes,6,12,0.0,Finished,57,52.0
2024,23,Qatar Grand Prix,Lusail International Circuit,tsunoda,Yuki Tsunoda,RB F1 Team,14,13,0.0,Finished,57,47.0
2024,23,Qatar Grand Prix,Lusail International Circuit,lawson,Liam Lawson,RB F1 Team,17,14,0.0,Finished,57,46.0
2024,23,Qatar Grand Prix,Lusail International Circuit,albon,Alexander Albon,Williams,16,15,0.0,Lapped,56,47.0
2024,23,Qatar Grand Prix,Lusail International Circuit,hulkenberg,Nico Hülkenberg,Haas F1 Team,18,16,0.0,Retired,39,33.0
2024,23,Qatar Grand Prix,Lusail International Circuit,perez,Sergio Pérez,Red Bull,9,17,0.0,Retired,38,31.0
2024,23,Qatar Grand Prix,Lusail International Circuit,stroll,Lance Stroll,Aston Martin,15,18,0.0,Retired,8,6.0
2024,23,Qatar Grand Prix,Lusail International Circuit,colapinto,Franco Colapinto,Williams,19,19,0.0,Retired,0,
2024,23,Qatar Grand Prix,Lusail International Circuit,ocon,Esteban Ocon,Alpine F1 Team,20,20,0.0,Retired,0,
2024,24,Abu Dhabi Grand Prix,Yas Marina Circuit,norris,Lando Norris,McLaren,1,1,25.0,Finished,58,52.0
2024,24,Abu Dhabi Grand Prix,Yas Marina Circuit,sainz,Carlos Sainz,Ferrari,3,2,18.0,Finished,58,55.0
2024,24,Abu Dhabi Grand Prix,Yas Marina Circuit,leclerc,Charles Leclerc,Ferrari,19,3,15.0,Finished,58,51.0
2024,24,Abu Dhabi Grand Prix,Yas Marina Circuit,hamilton,Lewis Hamilton,Mercedes,16,4,12.0,Finished,58,44.0
2024,24,Abu Dhabi Grand Prix,Yas Marina Circuit,russell,George Russell,Mercedes,6,5,10.0,Finished,58,56.0
2024,24,Abu Dhabi Grand Prix,Yas Marina Circuit,max_verstappen,Max Verstappen,Red Bull,4,6,8.0,Finished,58,56.0
2024,24,Abu Dhabi Grand Prix,Yas Marina Circuit,gasly,Pierre Gasly,Alpine F1 Team,5,7,6.0,Finished,58,30.0
2024,24,Abu Dhabi Grand Prix,Yas Marina Circuit,hulkenberg,Nico Hülkenberg,Haas F1 Team,7,8,4.0,Finished,58,17.0
2024,24,Abu Dhabi Grand Prix,Yas Marina Circuit,alonso,Fernando Alonso,Aston Martin,8,9,2.0,Finished,58,51.0
2024,24,Abu Dhabi Grand Prix,Yas Marina Circuit,piastri,Oscar Piastri,McLaren,2,10,1.0,Finished,58,51.0
2024,24,Abu Dhabi Grand Prix,Yas Marina Circuit,albon,Alexander Albon,Williams,18,11,0.0,Lapped,57,46.0
2024,24,Abu Dhabi Grand Prix,Yas Marina Circuit,tsunoda,Yuki Tsunoda,RB F1 Team,11,12,0.0,Lapped,57,41.0
2024,24,Abu Dhabi Grand Prix,Yas Marina Circuit,zhou,Guanyu Zhou,Sauber,15,13,0.0,Lapped,57,56.0
2024,24,Abu Dhabi Grand Prix,Yas Marina Circuit,stroll,Lance Stroll,Aston Martin,13,14,0.0,Lapped,57,42.0
2024,24,Abu Dhabi Grand Prix,Yas Marina Circuit,doohan,Jack Doohan,Alpine F1 Team,17,15,0.0,Lapped,57,56.0
2024,24,Abu Dhabi Grand Prix,Yas Marina Circuit,kevin_magnussen,Kevin Magnussen,Haas F1 Team,14,16,0.0,Lapped,57,57.0
2024,24,Abu Dhabi Grand Prix,Yas Marina Circuit,lawson,Liam Lawson,RB F1 Team,12,17,0.0,Retired,55,52.0
2024,24,Abu Dhabi Grand Prix,Yas Marina Circuit,bottas,Valtteri Bottas,Sauber,9,18,0.0,Retired,30,14.0
2024,24,Abu Dhabi Grand Prix,Yas Marina Circuit,colapinto,Franco Colapinto,Williams,20,19,0.0,Retired,26,5.0
2024,24,Abu Dhabi Grand Prix,Yas Marina Circuit,perez,Sergio Pérez,Red Bull,10,20,0.0,Retired,0,
2025,1,Australian Grand Prix,Albert Park Grand Prix Circuit,norris,Lando Norris,McLaren,1,1,25.0,Finished,57,43.0
2025,1,Australian Grand Prix,Albert Park Grand Prix Circuit,max_verstappen,Max Verstappen,Red Bull,3,2,18.0,Finished,57,43.0
2025,1,Australian Grand Prix,Albert Park Grand Prix Circuit,russell,George Russell,Mercedes,4,3,15.0,Finished,57,43.0
2025,1,Australian Grand Prix,Albert Park Grand Prix Circuit,antonelli,Andrea Kimi Antonelli,Mercedes,16,4,12.0,Finished,57,43.0
2025,1,Australian Grand Prix,Albert Park Grand Prix Circuit,albon,Alexander Albon,Williams,6,5,10.0,Finished,57,43.0
2025,1,Australian Grand Prix,Albert Park Grand Prix Circuit,stroll,Lance Stroll,Aston Martin,13,6,8.0,Finished,57,43.0
2025,1,Australian Grand Prix,Albert Park Grand Prix Circuit,hulkenberg,Nico Hülkenberg,Sauber,17,7,6.0,Finished,57,43.0
2025,1,Australian Grand Prix,Albert Park Grand Prix Circuit,leclerc,Charles Leclerc,Ferrari,7,8,4.0,Finished,57,43.0
2025,1,Australian Grand Prix,Albert Park Grand Prix Circuit,piastri,Oscar Piastri,McLaren,2,9,2.0,Finished,57,43.0
2025,1,Australian Grand Prix,Albert Park Grand Prix Circuit,hamilton,Lewis Hamilton,Ferrari,8,10,1.0,Finished,57,43.0
2025,1,Australian Grand Prix,Albert Park Grand Prix Circuit,gasly,Pierre Gasly,Alpine F1 Team,9,11,0.0,Finished,57,43.0
2025,1,Australian Grand Prix,Albert Park Grand Prix Circuit,tsunoda,Yuki Tsunoda,RB F1 Team,5,12,0.0,Finished,57,43.0
2025,1,Australian Grand Prix,Albert Park Grand Prix Circuit,ocon,Esteban Ocon,Haas F1 Team,19,13,0.0,Finished,57,42.0
2025,1,Australian Grand Prix,Albert Park Grand Prix Circuit,bearman,Oliver Bearman,Haas F1 Team,20,14,0.0,Finished,57,42.0
2025,1,Australian Grand Prix,Albert Park Grand Prix Circuit,lawson,Liam Lawson,Red Bull,18,15,0.0,Retired,46,43.0
2025,1,Australian Grand Prix,Albert Park Grand Prix Circuit,bortoleto,Gabriel Bortoleto,Sauber,15,16,0.0,Retired,45,43.0
2025,1,Australian Grand Prix,Albert Park Grand Prix Circuit,alonso,Fernando Alonso,Aston Martin,12,17,0.0,Retired,32,32.0
2025,1,Australian Grand Prix,Albert Park Grand Prix Circuit,sainz,Carlos Sainz,Williams,10,18,0.0,Retired,0,
2025,1,Australian Grand Prix,Albert Park Grand Prix Circuit,doohan,Jack Doohan,Alpine F1 Team,14,19,0.0,Retired,0,
2025,1,Australian Grand Prix,Albert Park Grand Prix Circuit,hadjar,Isack Hadjar,RB F1 Team,11,20,0.0,Retired,0,
2025,2,Chinese Grand Prix,Shanghai International Circuit,piastri,Oscar Piastri,McLaren,1,1,25.0,Finished,56,53.0
2025,2,Chinese Grand Prix,Shanghai International Circuit,norris,Lando Norris,McLaren,3,2,18.0,Finished,56,53.0
2025,2,Chinese Grand Prix,Shanghai International Circuit,russell,George Russell,Mercedes,2,3,15.0,Finished,56,55.0
2025,2,Chinese Grand Prix,Shanghai International Circuit,max_verstappen,Max Verstappen,Red Bull,4,4,12.0,Finished,56,56.0
2025,2,Chinese Grand Prix,Shanghai International Circuit,ocon,Esteban Ocon,Haas F1 Team,11,5,10.0,Finished,56,56.0
2025,2,Chinese Grand Prix,Shanghai International Circuit,antonelli,Andrea Kimi Antonelli,Mercedes,8,6,8.0,Finished,56,56.0
2025,2,Chinese Grand Prix,Shanghai International Circuit,albon,Alexander Albon,Williams,10,7,6.0,Finished,56,52.0
2025,2,Chinese Grand Prix,Shanghai International Circuit,bearman,Oliver Bearman,Haas F1 Team,17,8,4.0,Finished,56,52.0
2025,2,Chinese Grand Prix,Shanghai International Circuit,stroll,Lance Stroll,Aston Martin,14,9,2.0,Finished,56,39.0
2025,2,Chinese Grand Prix,Shanghai International Circuit,sainz,Carlos Sainz,Williams,15,10,1.0,Finished,56,50.0
2025,2,Chinese Grand Prix,Shanghai International Circuit,hadjar,Isack Hadjar,RB F1 Team,7,11,0.0,Finished,56,35.0
2025,2,Chinese Grand Prix,Shanghai International Circuit,lawson,Liam Lawson,Red Bull,20,12,0.0,Finished,56,32.0
2025,2,Chinese Grand Prix,Shanghai International Circuit,doohan,Jack Doohan,Alpine F1 Team,18,13,0.0,Finished,56,52.0
2025,2,Chinese Grand Prix,Shanghai International Circuit,bortoleto,Gabriel Bortoleto,Sauber,19,14,0.0,Lapped,55,28.0
2025,2,Chinese Grand Prix,Shanghai International Circuit,hulkenberg,Nico Hülkenberg,Sauber,12,15,0.0,Lapped,55,35.0
2025,2,Chinese Grand Prix,Shanghai International Circuit,tsunoda,Yuki Tsunoda,RB F1 Team,9,16,0.0,Lapped,55,49.0
2025,2,Chinese Grand Prix,Shanghai International Circuit,alonso,Fernando Alonso,Aston Martin,13,17,0.0,Retired,4,3.0
2025,2,Chinese Grand Prix,Shanghai International Circuit,leclerc,Charles Leclerc,Ferrari,6,18,0.0,Disqualified,0,
2025,2,Chinese Grand Prix,Shanghai International Circuit,hamilton,Lewis Hamilton,Ferrari,5,19,0.0,Disqualified,0,
2025,2,Chinese Grand Prix,Shanghai International Circuit,gasly,Pierre Gasly,Alpine F1 Team,16,20,0.0,Disqualified,0,
2025,3,Japanese Grand Prix,Suzuka Circuit,max_verstappen,Max Verstappen,Red Bull,1,1,25.0,Finished,53,52.0
2025,3,Japanese Grand Prix,Suzuka Circuit,norris,Lando Norris,McLaren,2,2,18.0,Finished,53,51.0
2025,3,Japanese Grand Prix,Suzuka Circuit,piastri,Oscar Piastri,McLaren,3,3,15.0,Finished,53,53.0
2025,3,Japanese Grand Prix,Suzuka Circuit,leclerc,Charles Leclerc,Ferrari,4,4,12.0,Finished,53,47.0
2025,3,Japanese Grand Prix,Suzuka Circuit,russell,George Russell,Mercedes,5,5,10.0,Finished,53,51.0
2025,3,Japanese Grand Prix,Suzuka Circuit,antonelli,Andrea Kimi Antonelli,Mercedes,6,6,8.0,Finished,53,50.0
2025,3,Japanese Grand Prix,Suzuka Circuit,hamilton,Lewis Hamilton,Ferrari,8,7,6.0,Finished,53,51.0
2025,3,Japanese Grand Prix,Suzuka Circuit,hadjar,Isack Hadjar,RB F1 Team,7,8,4.0,Finished,53,52.0
2025,3,Japanese Grand Prix,Suzuka Circuit,albon,Alexander Albon,Williams,9,9,2.0,Finished,53,52.0
2025,3,Japanese Grand Prix,Suzuka Circuit,bearman,Oliver Bearman,Haas F1 Team,10,10,1.0,Finished,53,49.0
2025,3,Japanese Grand Prix,Suzuka Circuit,alonso,Fernando Alonso,Aston Martin,12,11,0.0,Finished,53,51.0
2025,3,Japanese Grand Prix,Suzuka Circuit,tsunoda,Yuki Tsunoda,Red Bull,14,12,0.0,Finished,53,51.0
2025,3,Japanese Grand Prix,Suzuka Circuit,gasly,Pierre Gasly,Alpine F1 Team,11,13,0.0,Finished,53,52.0
2025,3,Japanese Grand Prix,Suzuka Circuit,sainz,Carlos Sainz,Williams,15,14,0.0,Finished,53,36.0
2025,3,Japanese Grand Prix,Suzuka Circuit,doohan,Jack Doohan,Alpine F1 Team,19,15,0.0,Finished,53,47.0
2025,3,Japanese Grand Prix,Suzuka Circuit,hulkenberg,Nico Hülkenberg,Sauber,16,16,0.0,Finished,53,31.0
2025,3,Japanese Grand Prix,Suzuka Circuit,lawson,Liam Lawson,RB F1 Team,13,17,0.0,Finished,53,39.0
2025,3,Japanese Grand Prix,Suzuka Circuit,ocon,Esteban Ocon,Haas F1 Team,18,18,0.0,Finished,53,48.0
2025,3,Japanese Grand Prix,Suzuka Circuit,bortoleto,Gabriel Bortoleto,Sauber,17,19,0.0,Finished,53,45.0
2025,3,Japanese Grand Prix,Suzuka Circuit,stroll,Lance Stroll,Aston Martin,20,20,0.0,Lapped,52,52.0
2025,4,Bahrain Grand Prix,Bahrain International Circuit,piastri,Oscar Piastri,McLaren,1,1,25.0,Finished,57,36.0
2025,4,Bahrain Grand Prix,Bahrain International Circuit,russell,George Russell,Mercedes,3,2,18.0,Finished,57,36.0
2025,4,Bahrain Grand Prix,Bahrain International Circuit,norris,Lando Norris,McLaren,6,3,15.0,Finished,57,38.0
2025,4,Bahrain Grand Prix,Bahrain International Circuit,leclerc,Charles Leclerc,Ferrari,2,4,12.0,Finished,57,36.0
2025,4,Bahrain Grand Prix,Bahrain International Circuit,hamilton,Lewis Hamilton,Ferrari,9,5,10.0,Finished,57,37.0
2025,4,Bahrain Grand Prix,Bahrain International Circuit,max_verstappen,Max Verstappen,Red Bull,7,6,8.0,Finished,57,29.0
2025,4,Bahrain Grand Prix,Bahrain International Circuit,gasly,Pierre Gasly,Alpine F1 Team,4,7,6.0,Finished,57,39.0
2025,4,Bahrain Grand Prix,Bahrain International Circuit,ocon,Esteban Ocon,Haas F1 Team,14,8,4.0,Finished,57,30.0
2025,4,Bahrain Grand Prix,Bahrain International Circuit,tsunoda,Yuki Tsunoda,Red Bull,10,9,2.0,Finished,57,45.0
2025,4,Bahrain Grand Prix,Bahrain International Circuit,bearman,Oliver Bearman,Haas F1 Team,20,10,1.0,Finished,57,40.0
2025,4,Bahrain Grand Prix,Bahrain International Circuit,antonelli,Andrea Kimi Antonelli,Mercedes,5,11,0.0,Finished,57,29.0
2025,4,Bahrain Grand Prix,Bahrain International Circuit,albon,Alexander Albon,Williams,15,12,0.0,Finished,57,47.0
2025,4,Bahrain Grand Prix,Bahrain International Circuit,hadjar,Isack Hadjar,RB F1 Team,12,13,0.0,Finished,57,30.0
2025,4,Bahrain Grand Prix,Bahrain International Circuit,doohan,Jack Doohan,Alpine F1 Team,11,14,0.0,Finished,57,31.0
2025,4,Bahrain Grand Prix,Bahrain International Circuit,alonso,Fernando Alonso,Aston Martin,13,15,0.0,Finished,57,38.0
2025,4,Bahrain Grand Prix,Bahrain International Circuit,lawson,Liam Lawson,RB F1 Team,17,16,0.0,Finished,57,44.0
2025,4,Bahrain Grand Prix,Bahrain International Circuit,stroll,Lance Stroll,Aston Martin,19,17,0.0,Finished,57,38.0
2025,4,Bahrain Grand Prix,Bahrain International Circuit,bortoleto,Gabriel Bortoleto,Sauber,18,18,0.0,Finished,57,38.0
2025,4,Bahrain Grand Prix,Bahrain International Circuit,sainz,Carlos Sainz,Williams,8,19,0.0,Retired,45,16.0
2025,4,Bahrain Grand Prix,Bahrain International Circuit,hulkenberg,Nico Hülkenberg,Sauber,16,20,0.0,Disqualified,0,
2025,5,Saudi Arabian Grand Prix,Jeddah Corniche Circuit,piastri,Oscar Piastri,McLaren,2,1,25.0,Finished,50,50.0
2025,5,Saudi Arabian Grand Prix,Jeddah Corniche Circuit,max_verstappen,Max Verstappen,Red Bull,1,2,18.0,Finished,50,49.0
2025,5,Saudi Arabian Grand Prix,Jeddah Corniche Circuit,leclerc,Charles Leclerc,Ferrari,4,3,15.0,Finished,50,49.0
2025,5,Saudi Arabian Grand Prix,Jeddah Corniche Circuit,norris,Lando Norris,McLaren,10,4,12.0,Finished,50,41.0
2025,5,Saudi Arabian Grand Prix,Jeddah Corniche Circuit,russell,George Russell,Mercedes,3,5,10.0,Finished,50,32.0
2025,5,Saudi Arabian Grand Prix,Jeddah Corniche Circuit,antonelli,Andrea Kimi Antonelli,Mercedes,5,6,8.0,Finished,50,50.0
2025,5,Saudi Arabian Grand Prix,Jeddah Corniche Circuit,hamilton,Lewis Hamilton,Ferrari,7,7,6.0,Finished,50,43.0
2025,5,Saudi Arabian Grand Prix,Jeddah Corniche Circuit,sainz,Carlos Sainz,Williams,6,8,4.0,Finished,50,50.0
2025,5,Saudi Arabian Grand Prix,Jeddah Corniche Circuit,albon,Alexander Albon,Williams,11,9,2.0,Finished,50,47.0
2025,5,Saudi Arabian Grand Prix,Jeddah Corniche Circuit,hadjar,Isack Hadjar,RB F1 Team,14,10,1.0,Finished,50,39.0
2025,5,Saudi Arabian Grand Prix,Jeddah Corniche Circuit,alonso,Fernando Alonso,Aston Martin,13,11,0.0,Finished,50,49.0
2025,5,Saudi Arabian Grand Prix,Jeddah Corniche Circuit,lawson,Liam Lawson,RB F1 Team,12,12,0.0,Finished,50,43.0
2025,5,Saudi Arabian Grand Prix,Jeddah Corniche Circuit,bearman,Oliver Bearman,Haas F1 Team,15,13,0.0,Finished,50,50.0
2025,5,Saudi Arabian Grand Prix,Jeddah Corniche Circuit,ocon,Esteban Ocon,Haas F1 Team,19,14,0.0,Finished,50,47.0
2025,5,Saudi Arabian Grand Prix,Jeddah Corniche Circuit,hulkenberg,Nico Hülkenberg,Sauber,18,15,0.0,Lapped,49,39.0
2025,5,Saudi Arabian Grand Prix,Jeddah Corniche Circuit,stroll,Lance Stroll,Aston Martin,16,16,0.0,Lapped,49,44.0
2025,5,Saudi Arabian Grand Prix,Jeddah Corniche Circuit,doohan,Jack Doohan,Alpine F1 Team,17,17,0.0,Lapped,49,48.0
2025,5,Saudi Arabian Grand Prix,Jeddah Corniche Circuit,bortoleto,Gabriel Bortoleto,Sauber,20,18,0.0,Lapped,49,39.0
2025,5,Saudi Arabian Grand Prix,Jeddah Corniche Circuit,tsunoda,Yuki Tsunoda,Red Bull,8,19,0.0,Retired,1,
2025,5,Saudi Arabian Grand Prix,Jeddah Corniche Circuit,gasly,Pierre Gasly,Alpine F1 Team,9,20,0.0,Retired,0,
2025,6,Miami Grand Prix,Miami International Autodrome,piastri,Oscar Piastri,McLaren,4,1,25.0,Finished,57,35.0
2025,6,Miami Grand Prix,Miami International Autodrome,norris,Lando Norris,McLaren,2,2,18.0,Finished,57,36.0
2025,6,Miami Grand Prix,Miami International Autodrome,russell,George Russell,Mercedes,5,3,15.0,Finished,57,31.0
2025,6,Miami Grand Prix,Miami International Autodrome,max_verstappen,Max Verstappen,Red Bull,1,4,12.0,Finished,57,41.0
2025,6,Miami Grand Prix,Miami International Autodrome,albon,Alexander Albon,Williams,7,5,10.0,Finished,57,55.0
2025,6,Miami Grand Prix,Miami International Autodrome,antonelli,Andrea Kimi Antonelli,Mercedes,3,6,8.0,Finished,57,27.0
2025,6,Miami Grand Prix,Miami International Autodrome,leclerc,Charles Leclerc,Ferrari,8,7,6.0,Finished,57,35.0
2025,6,Miami Grand Prix,Miami International Autodrome,hamilton,Lewis Hamilton,Ferrari,12,8,4.0,Finished,57,35.0
2025,6,Miami Grand Prix,Miami International Autodrome,sainz,Carlos Sainz,Williams,6,9,2.0,Finished,57,35.0
2025,6,Miami Grand Prix,Miami International Autodrome,tsunoda,Yuki Tsunoda,Red Bull,10,10,1.0,Finished,57,55.0
2025,6,Miami Grand Prix,Miami International Autodrome,hadjar,Isack Hadjar,RB F1 Team,11,11,0.0,Finished,57,51.0
2025,6,Miami Grand Prix,Miami International Autodrome,ocon,Esteban Ocon,Haas F1 Team,9,12,0.0,Finished,57,30.0
2025,6,Miami Grand Prix,Miami International Autodrome,gasly,Pierre Gasly,Alpine F1 Team,20,13,0.0,Finished,57,35.0
2025,6,Miami Grand Prix,Miami International Autodrome,hulkenberg,Nico Hülkenberg,Sauber,16,14,0.0,Lapped,56,43.0
2025,6,Miami Grand Prix,Miami International Autodrome,alonso,Fernando Alonso,Aston Martin,17,15,0.0,Lapped,56,38.0
2025,6,Miami Grand Prix,Miami International Autodrome,stroll,Lance Stroll,Aston Martin,18,16,0.0,Lapped,56,50.0
2025,6,Miami Grand Prix,Miami International Autodrome,lawson,Liam Lawson,RB F1 Team,15,17,0.0,Retired,36,30.0
2025,6,Miami Grand Prix,Miami International Autodrome,bortoleto,Gabriel Bortoleto,Sauber,13,18,0.0,Retired,30,21.0
2025,6,Miami Grand Prix,Miami International Autodrome,bearman,Oliver Bearman,Haas F1 Team,19,19,0.0,Retired,27,24.0
2025,6,Miami Grand Prix,Miami International Autodrome,doohan,Jack Doohan,Alpine F1 Team,14,20,0.0,Retired,0,
2025,7,Emilia Romagna Grand Prix,Autodromo Enzo e Dino Ferrari,max_verstappen,Max Verstappen,Red Bull,2,1,25.0,Finished,63,58.0
2025,7,Emilia Romagna Grand Prix,Autodromo Enzo e Dino Ferrari,norris,Lando Norris,McLaren,4,2,18.0,Finished,63,63.0
2025,7,Emilia Romagna Grand Prix,Autodromo Enzo e Dino Ferrari,piastri,Oscar Piastri,McLaren,1,3,15.0,Finished,63,56.0
2025,7,Emilia Romagna Grand Prix,Autodromo Enzo e Dino Ferrari,hamilton,Lewis Hamilton,Ferrari,12,4,12.0,Finished,63,61.0
2025,7,Emilia Romagna Grand Prix,Autodromo Enzo e Dino Ferrari,albon,Alexander Albon,Williams,7,5,10.0,Finished,63,63.0
2025,7,Emilia Romagna Grand Prix,Autodromo Enzo e Dino Ferrari,leclerc,Charles Leclerc,Ferrari,11,6,8.0,Finished,63,56.0
2025,7,Emilia Romagna Grand Prix,Autodromo Enzo e Dino Ferrari,russell,George Russell,Mercedes,3,7,6.0,Finished,63,55.0
2025,7,Emilia Romagna Grand Prix,Autodromo Enzo e Dino Ferrari,sainz,Carlos Sainz,Williams,6,8,4.0,Finished,63,58.0
2025,7,Emilia Romagna Grand Prix,Autodromo Enzo e Dino Ferrari,hadjar,Isack Hadjar,RB F1 Team,9,9,2.0,Finished,63,60.0
2025,7,Emilia Romagna Grand Prix,Autodromo Enzo e Dino Ferrari,tsunoda,Yuki Tsunoda,Red Bull,20,10,1.0,Finished,63,60.0
2025,7,Emilia Romagna Grand Prix,Autodromo Enzo e Dino Ferrari,alonso,Fernando Alonso,Aston Martin,5,11,0.0,Finished,63,61.0
2025,7,Emilia Romagna Grand Prix,Autodromo Enzo e Dino Ferrari,hulkenberg,Nico Hülkenberg,Sauber,17,12,0.0,Finished,63,62.0
2025,7,Emilia Romagna Grand Prix,Autodromo Enzo e Dino Ferrari,gasly,Pierre Gasly,Alpine F1 Team,10,13,0.0,Finished,63,58.0
2025,7,Emilia Romagna Grand Prix,Autodromo Enzo e Dino Ferrari,lawson,Liam Lawson,RB F1 Team,15,14,0.0,Finished,63,60.0
2025,7,Emilia Romagna Grand Prix,Autodromo Enzo e Dino Ferrari,stroll,Lance Stroll,Aston Martin,8,15,0.0,Finished,63,58.0
2025,7,Emilia Romagna Grand Prix,Autodromo Enzo e Dino Ferrari,colapinto,Franco Colapinto,Alpine F1 Team,16,16,0.0,Finished,63,57.0
2025,7,Emilia Romagna Grand Prix,Autodromo Enzo e Dino Ferrari,bearman,Oliver Bearman,Haas F1 Team,19,17,0.0,Finished,63,52.0
2025,7,Emilia Romagna Grand Prix,Autodromo Enzo e Dino Ferrari,bortoleto,Gabriel Bortoleto,Sauber,14,18,0.0,Finished,63,57.0
2025,7,Emilia Romagna Grand Prix,Autodromo Enzo e Dino Ferrari,antonelli,Andrea Kimi Antonelli,Mercedes,13,19,0.0,Retired,44,33.0
2025,7,Emilia Romagna Grand Prix,Autodromo Enzo e Dino Ferrari,ocon,Esteban Ocon,Haas F1 Team,18,20,0.0,Retired,27,3.0
2025,8,Monaco Grand Prix,Circuit de Monaco,norris,Lando Norris,McLaren,1,1,25.0,Finished,78,78.0
2025,8,Monaco Grand Prix,Circuit de Monaco,leclerc,Charles Leclerc,Ferrari,2,2,18.0,Finished,78,36.0
2025,8,Monaco Grand Prix,Circuit de Monaco,piastri,Oscar Piastri,McLaren,3,3,15.0,Finished,78,60.0
2025,8,Monaco Grand Prix,Circuit de Monaco,max_verstappen,Max Verstappen,Red Bull,4,4,12.0,Finished,78,45.0
2025,8,Monaco Grand Prix,Circuit de Monaco,hamilton,Lewis Hamilton,Ferrari,7,5,10.0,Finished,78,73.0
2025,8,Monaco Grand Prix,Circuit de Monaco,hadjar,Isack Hadjar,RB F1 Team,5,6,8.0,Lapped,77,16.0
2025,8,Monaco Grand Prix,Circuit de Monaco,ocon,Esteban Ocon,Haas F1 Team,8,7,6.0,Lapped,77,34.0
2025,8,Monaco Grand Prix,Circuit de Monaco,lawson,Liam Lawson,RB F1 Team,9,8,4.0,Lapped,77,54.0
2025,8,Monaco Grand Prix,Circuit de Monaco,albon,Alexander Albon,Williams,10,9,2.0,Lapped,76,74.0
2025,8,Monaco Grand Prix,Circuit de Monaco,sainz,Carlos Sainz,Williams,11,10,1.0,Lapped,76,68.0
2025,8,Monaco Grand Prix,Circuit de Monaco,russell,George Russell,Mercedes,14,11,0.0,Lapped,76,74.0
2025,8,Monaco Grand Prix,Circuit de Monaco,bearman,Oliver Bearman,Haas F1 Team,20,12,0.0,Lapped,76,6.0
2025,8,Monaco Grand Prix,Circuit de Monaco,colapinto,Franco Colapinto,Alpine F1 Team,18,13,0.0,Lapped,76,30.0
2025,8,Monaco Grand Prix,Circuit de Monaco,bortoleto,Gabriel Bortoleto,Sauber,16,14,0.0,Lapped,76,37.0
2025,8,Monaco Grand Prix,Circuit de Monaco,stroll,Lance Stroll,Aston Martin,19,15,0.0,Lapped,76,67.0
2025,8,Monaco Grand Prix,Circuit de Monaco,hulkenberg,Nico Hülkenberg,Sauber,13,16,0.0,Lapped,76,47.0
2025,8,Monaco Grand Prix,Circuit de Monaco,tsunoda,Yuki Tsunoda,Red Bull,12,17,0.0,Lapped,76,75.0
2025,8,Monaco Grand Prix,Circuit de Monaco,antonelli,Andrea Kimi Antonelli,Mercedes,15,18,0.0,Lapped,75,74.0
2025,8,Monaco Grand Prix,Circuit de Monaco,alonso,Fernando Alonso,Aston Martin,6,19,0.0,Retired,36,15.0
2025,8,Monaco Grand Prix,Circuit de Monaco,gasly,Pierre Gasly,Alpine F1 Team,17,20,0.0,Retired,7,6.0
2025,9,Spanish Grand Prix,Circuit de Barcelona-Catalunya,piastri,Oscar Piastri,McLaren,1,1,25.0,Finished,66,61.0
2025,9,Spanish Grand Prix,Circuit de Barcelona-Catalunya,norris,Lando Norris,McLaren,2,2,18.0,Finished,66,61.0
2025,9,Spanish Grand Prix,Circuit de Barcelona-Catalunya,leclerc,Charles Leclerc,Ferrari,7,3,15.0,Finished,66,62.0
2025,9,Spanish Grand Prix,Circuit de Barcelona-Catalunya,russell,George Russell,Mercedes,4,4,12.0,Finished,66,62.0
2025,9,Spanish Grand Prix,Circuit de Barcelona-Catalunya,hulkenberg,Nico Hülkenberg,Sauber,15,5,10.0,Finished,66,63.0
2025,9,Spanish Grand Prix,Circuit de Barcelona-Catalunya,hamilton,Lewis Hamilton,Ferrari,5,6,8.0,Finished,66,62.0
2025,9,Spanish Grand Prix,Circuit de Barcelona-Catalunya,hadjar,Isack Hadjar,RB F1 Team,9,7,6.0,Finished,66,63.0
2025,9,Spanish Grand Prix,Circuit de Barcelona-Catalunya,gasly,Pierre Gasly,Alpine F1 Team,8,8,4.0,Finished,66,63.0
2025,9,Spanish Grand Prix,Circuit de Barcelona-Catalunya,alonso,Fernando Alonso,Aston Martin,10,9,2.0,Finished,66,66.0
2025,9,Spanish Grand Prix,Circuit de Barcelona-Catalunya,max_verstappen,Max Verstappen,Red Bull,3,10,1.0,Finished,66,62.0
2025,9,Spanish Grand Prix,Circuit de Barcelona-Catalunya,lawson,Liam Lawson,RB F1 Team,13,11,0.0,Finished,66,62.0
2025,9,Spanish Grand Prix,Circuit de Barcelona-Catalunya,bortoleto,Gabriel Bortoleto,Sauber,12,12,0.0,Finished,66,51.0
2025,9,Spanish Grand Prix,Circuit de Barcelona-Catalunya,tsunoda,Yuki Tsunoda,Red Bull,19,13,0.0,Finished,66,46.0
2025,9,Spanish Grand Prix,Circuit de Barcelona-Catalunya,sainz,Carlos Sainz,Williams,17,14,0.0,Finished,66,65.0
2025,9,Spanish Grand Prix,Circuit de Barcelona-Catalunya,colapinto,Franco Colapinto,Alpine F1 Team,18,15,0.0,Finished,66,41.0
2025,9,Spanish Grand Prix,Circuit de Barcelona-Catalunya,ocon,Esteban Ocon,Haas F1 Team,16,16,0.0,Finished,66,46.0
2025,9,Spanish Grand Prix,Circuit de Barcelona-Catalunya,bearman,Oliver Bearman,Haas F1 Team,14,17,0.0,Finished,66,63.0
2025,9,Spanish Grand Prix,Circuit de Barcelona-Catalunya,antonelli,Andrea Kimi Antonelli,Mercedes,6,18,0.0,Retired,53,52.0
2025,9,Spanish Grand Prix,Circuit de Barcelona-Catalunya,albon,Alexander Albon,Williams,11,19,0.0,Retired,27,9.0
2025,10,Canadian Grand Prix,Circuit Gilles Villeneuve,russell,George Russell,Mercedes,1,1,25.0,Finished,70,63.0
2025,10,Canadian Grand Prix,Circuit Gilles Villeneuve,max_verstappen,Max Verstappen,Red Bull,2,2,18.0,Finished,70,62.0
2025,10,Canadian Grand Prix,Circuit Gilles Villeneuve,antonelli,Andrea Kimi Antonelli,Mercedes,4,3,15.0,Finished,70,60.0
2025,10,Canadian Grand Prix,Circuit Gilles Villeneuve,piastri,Oscar Piastri,McLaren,3,4,12.0,Finished,70,64.0
2025,10,Canadian Grand Prix,Circuit Gilles Villeneuve,leclerc,Charles Leclerc,Ferrari,8,5,10.0,Finished,70,57.0
2025,10,Canadian Grand Prix,Circuit Gilles Villeneuve,hamilton,Lewis Hamilton,Ferrari,5,6,8.0,Finished,70,64.0
2025,10,Canadian Grand Prix,Circuit Gilles Villeneuve,alonso,Fernando Alonso,Aston Martin,6,7,6.0,Finished,70,58.0
2025,10,Canadian Grand Prix,Circuit Gilles Villeneuve,hulkenberg,Nico Hülkenberg,Sauber,11,8,4.0,Finished,70,65.0
2025,10,Canadian Grand Prix,Circuit Gilles Villeneuve,ocon,Esteban Ocon,Haas F1 Team,14,9,2.0,Lapped,69,61.0
2025,10,Canadian Grand Prix,Circuit Gilles Villeneuve,sainz,Carlos Sainz,Williams,16,10,1.0,Lapped,69,59.0
2025,10,Canadian Grand Prix,Circuit Gilles Villeneuve,bearman,Oliver Bearman,Haas F1 Team,13,11,0.0,Lapped,69,62.0
2025,10,Canadian Grand Prix,Circuit Gilles Villeneuve,tsunoda,Yuki Tsunoda,Red Bull,18,12,0.0,Lapped,69,59.0
2025,10,Canadian Grand Prix,Circuit Gilles Villeneuve,colapinto,Franco Colapinto,Alpine F1 Team,10,13,0.0,Lapped,69,53.0
2025,10,Canadian Grand Prix,Circuit Gilles Villeneuve,bortoleto,Gabriel Bortoleto,Sauber,15,14,0.0,Lapped,69,56.0
2025,10,Canadian Grand Prix,Circuit Gilles Villeneuve,gasly,Pierre Gasly,Alpine F1 Team,20,15,0.0,Lapped,69,63.0
2025,10,Canadian Grand Prix,Circuit Gilles Villeneuve,hadjar,Isack Hadjar,RB F1 Team,12,16,0.0,Lapped,69,51.0
2025,10,Canadian Grand Prix,Circuit Gilles Villeneuve,stroll,Lance Stroll,Aston Martin,17,17,0.0,Lapped,69,57.0
2025,10,Canadian Grand Prix,Circuit Gilles Villeneuve,norris,Lando Norris,McLaren,7,18,0.0,Retired,66,65.0
2025,10,Canadian Grand Prix,Circuit Gilles Villeneuve,lawson,Liam Lawson,RB F1 Team,19,19,0.0,Retired,53,52.0
2025,10,Canadian Grand Prix,Circuit Gilles Villeneuve,albon,Alexander Albon,Williams,9,20,0.0,Retired,46,31.0
2025,11,Austrian Grand Prix,Red Bull Ring,norris,Lando Norris,McLaren,1,1,25.0,Finished,70,61.0
2025,11,Austrian Grand Prix,Red Bull Ring,piastri,Oscar Piastri,McLaren,3,2,18.0,Finished,70,59.0
2025,11,Austrian Grand Prix,Red Bull Ring,leclerc,Charles Leclerc,Ferrari,2,3,15.0,Finished,70,56.0
2025,11,Austrian Grand Prix,Red Bull Ring,hamilton,Lewis Hamilton,Ferrari,4,4,12.0,Finished,70,53.0
2025,11,Austrian Grand Prix,Red Bull Ring,russell,George Russell,Mercedes,5,5,10.0,Finished,70,47.0
2025,11,Austrian Grand Prix,Red Bull Ring,lawson,Liam Lawson,RB F1 Team,6,6,8.0,Finished,70,58.0
2025,11,Austrian Grand Prix,Red Bull Ring,alonso,Fernando Alonso,Aston Martin,11,7,6.0,Lapped,69,39.0
2025,11,Austrian Grand Prix,Red Bull Ring,bortoleto,Gabriel Bortoleto,Sauber,8,8,4.0,Lapped,69,60.0
2025,11,Austrian Grand Prix,Red Bull Ring,hulkenberg,Nico Hülkenberg,Sauber,20,9,2.0,Lapped,69,57.0
2025,11,Austrian Grand Prix,Red Bull Ring,ocon,Esteban Ocon,Haas F1 Team,17,10,1.0,Lapped,69,55.0
2025,11,Austrian Grand Prix,Red Bull Ring,bearman,Oliver Bearman,Haas F1 Team,15,11,0.0,Lapped,69,42.0
2025,11,Austrian Grand Prix,Red Bull Ring,hadjar,Isack Hadjar,RB F1 Team,13,12,0.0,Lapped,69,40.0
2025,11,Austrian Grand Prix,Red Bull Ring,gasly,Pierre Gasly,Alpine F1 Team,10,13,0.0,Lapped,69,46.0
2025,11,Austrian Grand Prix,Red Bull Ring,stroll,Lance Stroll,Aston Martin,16,14,0.0,Lapped,69,55.0
2025,11,Austrian Grand Prix,Red Bull Ring,colapinto,Franco Colapinto,Alpine F1 Team,14,15,0.0,Lapped,69,44.0
2025,11,Austrian Grand Prix,Red Bull Ring,tsunoda,Yuki Tsunoda,Red Bull,18,16,0.0,Lapped,68,62.0
2025,11,Austrian Grand Prix,Red Bull Ring,albon,Alexander Albon,Williams,12,17,0.0,Retired,15,9.0
2025,11,Austrian Grand Prix,Red Bull Ring,max_verstappen,Max Verstappen,Red Bull,7,18,0.0,Retired,0,
2025,11,Austrian Grand Prix,Red Bull Ring,antonelli,Andrea Kimi Antonelli,Mercedes,9,19,0.0,Retired,0,
2025,11,Austrian Grand Prix,Red Bull Ring,sainz,Carlos Sainz,Williams,19,20,0.0,Did not start,0,
2025,12,British Grand Prix,Silverstone Circuit,norris,Lando Norris,McLaren,3,1,25.0,Finished,52,48.0
2025,12,British Grand Prix,Silverstone Circuit,piastri,Oscar Piastri,McLaren,2,2,18.0,Finished,52,51.0
2025,12,British Grand Prix,Silverstone Circuit,hulkenberg,Nico Hülkenberg,Sauber,19,3,15.0,Finished,52,51.0
2025,12,British Grand Prix,Silverstone Circuit,hamilton,Lewis Hamilton,Ferrari,5,4,12.0,Finished,52,49.0
2025,12,British Grand Prix,Silverstone Circuit,max_verstappen,Max Verstappen,Red Bull,1,5,10.0,Finished,52,49.0
2025,12,British Grand Prix,Silverstone Circuit,gasly,Pierre Gasly,Alpine F1 Team,8,6,8.0,Finished,52,48.0
2025,12,British Grand Prix,Silverstone Circuit,stroll,Lance Stroll,Aston Martin,17,7,6.0,Finished,52,50.0
2025,12,British Grand Prix,Silverstone Circuit,albon,Alexander Albon,Williams,13,8,4.0,Finished,52,50.0
2025,12,British Grand Prix,Silverstone Circuit,alonso,Fernando Alonso,Aston Martin,7,9,2.0,Finished,52,49.0
2025,12,British Grand Prix,Silverstone Circuit,russell,George Russell,Mercedes,4,10,1.0,Finished,52,51.0
2025,12,British Grand Prix,Silverstone Circuit,bearman,Oliver Bearman,Haas F1 Team,18,11,0.0,Finished,52,50.0
2025,12,British Grand Prix,Silverstone Circuit,sainz,Carlos Sainz,Williams,9,12,0.0,Finished,52,52.0
2025,12,British Grand Prix,Silverstone Circuit,ocon,Esteban Ocon,Haas F1 Team,14,13,0.0,Finished,52,52.0
2025,12,British Grand Prix,Silverstone Circuit,leclerc,Charles Leclerc,Ferrari,6,14,0.0,Finished,52,50.0
2025,12,British Grand Prix,Silverstone Circuit,tsunoda,Yuki Tsunoda,Red Bull,11,15,0.0,Lapped,51,49.0
2025,12,British Grand Prix,Silverstone Circuit,antonelli,Andrea Kimi Antonelli,Mercedes,10,16,0.0,Retired,23,8.0
2025,12,British Grand Prix,Silverstone Circuit,hadjar,Isack Hadjar,RB F1 Team,12,17,0.0,Retired,17,9.0
2025,12,British Grand Prix,Silverstone Circuit,bortoleto,Gabriel Bortoleto,Sauber,16,18,0.0,Retired,3,3.0
2025,12,British Grand Prix,Silverstone Circuit,lawson,Liam Lawson,RB F1 Team,15,19,0.0,Retired,0,
2025,12,British Grand Prix,Silverstone Circuit,colapinto,Franco Colapinto,Alpine F1 Team,20,20,0.0,Did not start,0,
2025,13,Belgian Grand Prix,Circuit de Spa-Francorchamps,piastri,Oscar Piastri,McLaren,2,1,25.0,Finished,44,43.0
2025,13,Belgian Grand Prix,Circuit de Spa-Francorchamps,norris,Lando Norris,McLaren,1,2,18.0,Finished,44,42.0
2025,13,Belgian Grand Prix,Circuit de Spa-Francorchamps,leclerc,Charles Leclerc,Ferrari,3,3,15.0,Finished,44,40.0
2025,13,Belgian Grand Prix,Circuit de Spa-Francorchamps,max_verstappen,Max Verstappen,Red Bull,4,4,12.0,Finished,44,40.0
2025,13,Belgian Grand Prix,Circuit de Spa-Francorchamps,russell,George Russell,Mercedes,6,5,10.0,Finished,44,43.0
2025,13,Belgian Grand Prix,Circuit de Spa-Francorchamps,albon,Alexander Albon,Williams,5,6,8.0,Finished,44,38.0
2025,13,Belgian Grand Prix,Circuit de Spa-Francorchamps,hamilton,Lewis Hamilton,Ferrari,18,7,6.0,Finished,44,43.0
2025,13,Belgian Grand Prix,Circuit de Spa-Francorchamps,lawson,Liam Lawson,RB F1 Team,9,8,4.0,Finished,44,38.0
2025,13,Belgian Grand Prix,Circuit de Spa-Francorchamps,bortoleto,Gabriel Bortoleto,Sauber,10,9,2.0,Finished,44,41.0
2025,13,Belgian Grand Prix,Circuit de Spa-Francorchamps,gasly,Pierre Gasly,Alpine F1 Team,13,10,1.0,Finished,44,42.0
2025,13,Belgian Grand Prix,Circuit de Spa-Francorchamps,bearman,Oliver Bearman,Haas F1 Team,12,11,0.0,Finished,44,43.0
2025,13,Belgian Grand Prix,Circuit de Spa-Francorchamps,hulkenberg,Nico Hülkenberg,Sauber,14,12,0.0,Finished,44,39.0
2025,13,Belgian Grand Prix,Circuit de Spa-Francorchamps,tsunoda,Yuki Tsunoda,Red Bull,7,13,0.0,Finished,44,42.0
2025,13,Belgian Grand Prix,Circuit de Spa-Francorchamps,stroll,Lance Stroll,Aston Martin,16,14,0.0,Finished,44,38.0
2025,13,Belgian Grand Prix,Circuit de Spa-Francorchamps,ocon,Esteban Ocon,Haas F1 Team,11,15,0.0,Finished,44,44.0
2025,13,Belgian Grand Prix,Circuit de Spa-Francorchamps,antonelli,Andrea Kimi Antonelli,Mercedes,19,16,0.0,Finished,44,32.0
2025,13,Belgian Grand Prix,Circuit de Spa-Francorchamps,alonso,Fernando Alonso,Aston Martin,20,17,0.0,Finished,44,32.0
2025,13,Belgian Grand Prix,Circuit de Spa-Francorchamps,sainz,Carlos Sainz,Williams,17,18,0.0,Finished,44,30.0
2025,13,Belgian Grand Prix,Circuit de Spa-Francorchamps,colapinto,Franco Colapinto,Alpine F1 Team,15,19,0.0,Finished,44,30.0
2025,13,Belgian Grand Prix,Circuit de Spa-Francorchamps,hadjar,Isack Hadjar,RB F1 Team,8,20,0.0,Lapped,43,43.0
2025,14,Hungarian Grand Prix,Hungaroring,norris,Lando Norris,McLaren,3,1,25.0,Finished,70,57.0
2025,14,Hungarian Grand Prix,Hungaroring,piastri,Oscar Piastri,McLaren,2,2,18.0,Finished,70,56.0
2025,14,Hungarian Grand Prix,Hungaroring,russell,George Russell,Mercedes,4,3,15.0,Finished,70,45.0
2025,14,Hungarian Grand Prix,Hungaroring,leclerc,Charles Leclerc,Ferrari,1,4,12.0,Finished,70,47.0
2025,14,Hungarian Grand Prix,Hungaroring,alonso,Fernando Alonso,Aston Martin,5,5,10.0,Finished,70,54.0
2025,14,Hungarian Grand Prix,Hungaroring,bortoleto,Gabriel Bortoleto,Sauber,7,6,8.0,Finished,70,48.0
2025,14,Hungarian Grand Prix,Hungaroring,stroll,Lance Stroll,Aston Martin,6,7,6.0,Finished,70,55.0
2025,14,Hungarian Grand Prix,Hungaroring,lawson,Liam Lawson,RB F1 Team,9,8,4.0,Finished,70,56.0
2025,14,Hungarian Grand Prix,Hungaroring,max_verstappen,Max Verstappen,Red Bull,8,9,2.0,Finished,70,50.0
2025,14,Hungarian Grand Prix,Hungaroring,antonelli,Andrea Kimi Antonelli,Mercedes,15,10,1.0,Lapped,69,54.0
2025,14,Hungarian Grand Prix,Hungaroring,hadjar,Isack Hadjar,RB F1 Team,10,11,0.0,Lapped,69,48.0
2025,14,Hungarian Grand Prix,Hungaroring,hamilton,Lewis Hamilton,Ferrari,12,12,0.0,Lapped,69,55.0
2025,14,Hungarian Grand Prix,Hungaroring,hulkenberg,Nico Hülkenberg,Sauber,18,13,0.0,Lapped,69,67.0
2025,14,Hungarian Grand Prix,Hungaroring,sainz,Carlos Sainz,Williams,13,14,0.0,Lapped,69,53.0
2025,14,Hungarian Grand Prix,Hungaroring,albon,Alexander Albon,Williams,19,15,0.0,Lapped,69,49.0
2025,14,Hungarian Grand Prix,Hungaroring,ocon,Esteban Ocon,Haas F1 Team,17,16,0.0,Lapped,69,17.0
2025,14,Hungarian Grand Prix,Hungaroring,tsunoda,Yuki Tsunoda,Red Bull,20,17,0.0,Lapped,69,46.0
2025,14,Hungarian Grand Prix,Hungaroring,colapinto,Franco Colapinto,Alpine F1 Team,14,18,0.0,Lapped,69,37.0
2025,14,Hungarian Grand Prix,Hungaroring,gasly,Pierre Gasly,Alpine F1 Team,16,19,0.0,Lapped,69,46.0
2025,14,Hungarian Grand Prix,Hungaroring,bearman,Oliver Bearman,Haas F1 Team,11,20,0.0,Retired,48,37.0
2025,15,Dutch Grand Prix,Circuit Park Zandvoort,piastri,Oscar Piastri,McLaren,1,1,25.0,Finished,72,60.0
2025,15,Dutch Grand Prix,Circuit Park Zandvoort,max_verstappen,Max Verstappen,Red Bull,3,2,18.0,Finished,72,70.0
2025,15,Dutch Grand Prix,Circuit Park Zandvoort,hadjar,Isack Hadjar,RB F1 Team,4,3,15.0,Finished,72,70.0
2025,15,Dutch Grand Prix,Circuit Park Zandvoort,russell,George Russell,Mercedes,5,4,12.0,Finished,72,70.0
2025,15,Dutch Grand Prix,Circuit Park Zandvoort,albon,Alexander Albon,Williams,15,5,10.0,Finished,72,70.0
2025,15,Dutch Grand Prix,Circuit Park Zandvoort,bearman,Oliver Bearman,Haas F1 Team,20,6,8.0,Finished,72,70.0
2025,15,Dutch Grand Prix,Circuit Park Zandvoort,stroll,Lance Stroll,Aston Martin,19,7,6.0,Finished,72,70.0
2025,15,Dutch Grand Prix,Circuit Park Zandvoort,alonso,Fernando Alonso,Aston Martin,10,8,4.0,Finished,72,42.0
2025,15,Dutch Grand Prix,Circuit Park Zandvoort,tsunoda,Yuki Tsunoda,Red Bull,12,9,2.0,Finished,72,71.0
2025,15,Dutch Grand Prix,Circuit Park Zandvoort,ocon,Esteban Ocon,Haas F1 Team,18,10,1.0,Finished,72,71.0
2025,15,Dutch Grand Prix,Circuit Park Zandvoort,colapinto,Franco Colapinto,Alpine F1 Team,16,11,0.0,Finished,72,72.0
2025,15,Dutch Grand Prix,Circuit Park Zandvoort,lawson,Liam Lawson,RB F1 Team,8,12,0.0,Finished,72,60.0
2025,15,Dutch Grand Prix,Circuit Park Zandvoort,sainz,Carlos Sainz,Williams,9,13,0.0,Finished,72,58.0
2025,15,Dutch Grand Prix,Circuit Park Zandvoort,hulkenberg,Nico Hülkenberg,Sauber,17,14,0.0,Finished,72,61.0
2025,15,Dutch Grand Prix,Circuit Park Zandvoort,bortoleto,Gabriel Bortoleto,Sauber,13,15,0.0,Finished,72,63.0
2025,15,Dutch Grand Prix,Circuit Park Zandvoort,antonelli,Andrea Kimi Antonelli,Mercedes,11,16,0.0,Finished,72,70.0
2025,15,Dutch Grand Prix,Circuit Park Zandvoort,gasly,Pierre Gasly,Alpine F1 Team,14,17,0.0,Finished,72,59.0
2025,15,Dutch Grand Prix,Circuit Park Zandvoort,norris,Lando Norris,McLaren,2,18,0.0,Retired,64,59.0
2025,15,Dutch Grand Prix,Circuit Park Zandvoort,leclerc,Charles Leclerc,Ferrari,6,19,0.0,Retired,52,33.0
2025,15,Dutch Grand Prix,Circuit Park Zandvoort,hamilton,Lewis Hamilton,Ferrari,7,20,0.0,Retired,22,6.0
2025,16,Italian Grand Prix,Autodromo Nazionale di Monza,max_verstappen,Max Verstappen,Red Bull,1,1,25.0,Finished,53,52.0
2025,16,Italian Grand Prix,Autodromo Nazionale di Monza,norris,Lando Norris,McLaren,2,2,18.0,Finished,53,53.0
2025,16,Italian Grand Prix,Autodromo Nazionale di Monza,piastri,Oscar Piastri,McLaren,3,3,15.0,Finished,53,47.0
2025,16,Italian Grand Prix,Autodromo Nazionale di Monza,leclerc,Charles Leclerc,Ferrari,4,4,12.0,Finished,53,53.0
2025,16,Italian Grand Prix,Autodromo Nazionale di Monza,russell,George Russell,Mercedes,5,5,10.0,Finished,53,45.0
2025,16,Italian Grand Prix,Autodromo Nazionale di Monza,hamilton,Lewis Hamilton,Ferrari,10,6,8.0,Finished,53,50.0
2025,16,Italian Grand Prix,Autodromo Nazionale di Monza,albon,Alexander Albon,Williams,14,7,6.0,Finished,53,53.0
2025,16,Italian Grand Prix,Autodromo Nazionale di Monza,bortoleto,Gabriel Bortoleto,Sauber,7,8,4.0,Finished,53,51.0
2025,16,Italian Grand Prix,Autodromo Nazionale di Monza,antonelli,Andrea Kimi Antonelli,Mercedes,6,9,2.0,Finished,53,53.0
2025,16,Italian Grand Prix,Autodromo Nazionale di Monza,hadjar,Isack Hadjar,RB F1 Team,19,10,1.0,Finished,53,46.0
2025,16,Italian Grand Prix,Autodromo Nazionale di Monza,sainz,Carlos Sainz,Williams,13,11,0.0,Finished,53,47.0
2025,16,Italian Grand Prix,Autodromo Nazionale di Monza,bearman,Oliver Bearman,Haas F1 Team,11,12,0.0,Finished,53,53.0
2025,16,Italian Grand Prix,Autodromo Nazionale di Monza,tsunoda,Yuki Tsunoda,Red Bull,9,13,0.0,Finished,53,52.0
2025,16,Italian Grand Prix,Autodromo Nazionale di Monza,lawson,Liam Lawson,RB F1 Team,18,14,0.0,Finished,53,49.0
2025,16,Italian Grand Prix,Autodromo Nazionale di Monza,ocon,Esteban Ocon,Haas F1 Team,15,15,0.0,Lapped,52,48.0
2025,16,Italian Grand Prix,Autodromo Nazionale di Monza,gasly,Pierre Gasly,Alpine F1 Team,20,16,0.0,Lapped,52,52.0
2025,16,Italian Grand Prix,Autodromo Nazionale di Monza,colapinto,Franco Colapinto,Alpine F1 Team,17,17,0.0,Lapped,52,48.0
2025,16,Italian Grand Prix,Autodromo Nazionale di Monza,stroll,Lance Stroll,Aston Martin,16,18,0.0,Lapped,52,51.0
2025,16,Italian Grand Prix,Autodromo Nazionale di Monza,alonso,Fernando Alonso,Aston Martin,8,19,0.0,Retired,24,23.0
2025,16,Italian Grand Prix,Autodromo Nazionale di Monza,hulkenberg,Nico Hülkenberg,Sauber,12,20,0.0,Did not start,0,
2025,17,Azerbaijan Grand Prix,Baku City Circuit,max_verstappen,Max Verstappen,Red Bull,1,1,25.0,Finished,51,50.0
2025,17,Azerbaijan Grand Prix,Baku City Circuit,russell,George Russell,Mercedes,5,2,18.0,Finished,51,42.0
2025,17,Azerbaijan Grand Prix,Baku City Circuit,sainz,Carlos Sainz,Williams,2,3,15.0,Finished,51,47.0
2025,17,Azerbaijan Grand Prix,Baku City Circuit,antonelli,Andrea Kimi Antonelli,Mercedes,4,4,12.0,Finished,51,47.0
2025,17,Azerbaijan Grand Prix,Baku City Circuit,lawson,Liam Lawson,RB F1 Team,3,5,10.0,Finished,51,49.0
2025,17,Azerbaijan Grand Prix,Baku City Circuit,tsunoda,Yuki Tsunoda,Red Bull,6,6,8.0,Finished,51,41.0
2025,17,Azerbaijan Grand Prix,Baku City Circuit,norris,Lando Norris,McLaren,7,7,6.0,Finished,51,42.0
2025,17,Azerbaijan Grand Prix,Baku City Circuit,hamilton,Lewis Hamilton,Ferrari,12,8,4.0,Finished,51,40.0
2025,17,Azerbaijan Grand Prix,Baku City Circuit,leclerc,Charles Leclerc,Ferrari,10,9,2.0,Finished,51,50.0
2025,17,Azerbaijan Grand Prix,Baku City Circuit,hadjar,Isack Hadjar,RB F1 Team,8,10,1.0,Finished,51,50.0
2025,17,Azerbaijan Grand Prix,Baku City Circuit,bortoleto,Gabriel Bortoleto,Sauber,13,11,0.0,Finished,51,45.0
2025,17,Azerbaijan Grand Prix,Baku City Circuit,bearman,Oliver Bearman,Haas F1 Team,15,12,0.0,Finished,51,31.0
2025,17,Azerbaijan Grand Prix,Baku City Circuit,albon,Alexander Albon,Williams,19,13,0.0,Finished,51,51.0
2025,17,Azerbaijan Grand Prix,Baku City Circuit,ocon,Esteban Ocon,Haas F1 Team,20,14,0.0,Finished,51,50.0
2025,17,Azerbaijan Grand Prix,Baku City Circuit,alonso,Fernando Alonso,Aston Martin,11,15,0.0,Finished,51,50.0
2025,17,Azerbaijan Grand Prix,Baku City Circuit,hulkenberg,Nico Hülkenberg,Sauber,17,16,0.0,Finished,51,47.0
2025,17,Azerbaijan Grand Prix,Baku City Circuit,stroll,Lance Stroll,Aston Martin,14,17,0.0,Finished,51,50.0
2025,17,Azerbaijan Grand Prix,Baku City Circuit,gasly,Pierre Gasly,Alpine F1 Team,18,18,0.0,Lapped,50,37.0
2025,17,Azerbaijan Grand Prix,Baku City Circuit,colapinto,Franco Colapinto,Alpine F1 Team,16,19,0.0,Lapped,50,40.0
2025,17,Azerbaijan Grand Prix,Baku City Circuit,piastri,Oscar Piastri,McLaren,9,20,0.0,Retired,0,
2025,18,Singapore Grand Prix,Marina Bay Street Circuit,russell,George Russell,Mercedes,1,1,25.0,Finished,62,27.0
2025,18,Singapore Grand Prix,Marina Bay Street Circuit,max_verstappen,Max Verstappen,Red Bull,2,2,18.0,Finished,62,30.0
2025,18,Singapore Grand Prix,Marina Bay Street Circuit,norris,Lando Norris,McLaren,5,3,15.0,Finished,62,36.0
2025,18,Singapore Grand Prix,Marina Bay Street Circuit,piastri,Oscar Piastri,McLaren,3,4,12.0,Finished,62,31.0
2025,18,Singapore Grand Prix,Marina Bay Street Circuit,antonelli,Andrea Kimi Antonelli,Mercedes,4,5,10.0,Finished,62,27.0
2025,18,Singapore Grand Prix,Marina Bay Street Circuit,leclerc,Charles Leclerc,Ferrari,7,6,8.0,Finished,62,41.0
2025,18,Singapore Grand Prix,Marina Bay Street Circuit,alonso,Fernando Alonso,Aston Martin,10,7,6.0,Finished,62,52.0
2025,18,Singapore Grand Prix,Marina Bay Street Circuit,hamilton,Lewis Hamilton,Ferrari,6,8,4.0,Finished,62,48.0
2025,18,Singapore Grand Prix,Marina Bay Street Circuit,bearman,Oliver Bearman,Haas F1 Team,9,9,2.0,Finished,62,56.0
2025,18,Singapore Grand Prix,Marina Bay Street Circuit,sainz,Carlos Sainz,Williams,18,10,1.0,Lapped,61,61.0
2025,18,Singapore Grand Prix,Marina Bay Street Circuit,hadjar,Isack Hadjar,RB F1 Team,8,11,0.0,Lapped,61,54.0
2025,18,Singapore Grand Prix,Marina Bay Street Circuit,tsunoda,Yuki Tsunoda,Red Bull,13,12,0.0,Lapped,61,45.0
2025,18,Singapore Grand Prix,Marina Bay Street Circuit,stroll,Lance Stroll,Aston Martin,15,13,0.0,Lapped,61,60.0
2025,18,Singapore Grand Prix,Marina Bay Street Circuit,albon,Alexander Albon,Williams,20,14,0.0,Lapped,61,60.0
2025,18,Singapore Grand Prix,Marina Bay Street Circuit,lawson,Liam Lawson,RB F1 Team,12,15,0.0,Lapped,61,61.0
2025,18,Singapore Grand Prix,Marina Bay Street Circuit,colapinto,Franco Colapinto,Alpine F1 Team,16,16,0.0,Lapped,61,17.0
2025,18,Singapore Grand Prix,Marina Bay Street Circuit,bortoleto,Gabriel Bortoleto,Sauber,14,17,0.0,Lapped,61,16.0
2025,18,Singapore Grand Prix,Marina Bay Street Circuit,ocon,Esteban Ocon,Haas F1 Team,17,18,0.0,Lapped,61,32.0
2025,18,Singapore Grand Prix,Marina Bay Street Circuit,gasly,Pierre Gasly,Alpine F1 Team,19,19,0.0,Lapped,61,53.0
2025,18,Singapore Grand Prix,Marina Bay Street Circuit,hulkenberg,Nico Hülkenberg,Sauber,11,20,0.0,Lapped,61,47.0
2025,19,United States Grand Prix,Circuit of the Americas,max_verstappen,Max Verstappen,Red Bull,1,1,25.0,Finished,56,35.0
2025,19,United States Grand Prix,Circuit of the Americas,norris,Lando Norris,McLaren,2,2,18.0,Finished,56,35.0
2025,19,United States Grand Prix,Circuit of the Americas,leclerc,Charles Leclerc,Ferrari,3,3,15.0,Finished,56,47.0
2025,19,United States Grand Prix,Circuit of the Americas,hamilton,Lewis Hamilton,Ferrari,5,4,12.0,Finished,56,55.0
2025,19,United States Grand Prix,Circuit of the Americas,piastri,Oscar Piastri,McLaren,6,5,10.0,Finished,56,55.0
2025,19,United States Grand Prix,Circuit of the Americas,russell,George Russell,Mercedes,4,6,8.0,Finished,56,35.0
2025,19,United States Grand Prix,Circuit of the Americas,tsunoda,Yuki Tsunoda,Red Bull,13,7,6.0,Finished,56,54.0
2025,19,United States Grand Prix,Circuit of the Americas,hulkenberg,Nico Hülkenberg,Sauber,11,8,4.0,Finished,56,54.0
2025,19,United States Grand Prix,Circuit of the Americas,bearman,Oliver Bearman,Haas F1 Team,8,9,2.0,Finished,56,32.0
2025,19,United States Grand Prix,Circuit of the Americas,alonso,Fernando Alonso,Aston Martin,10,10,1.0,Finished,56,54.0
2025,19,United States Grand Prix,Circuit of the Americas,lawson,Liam Lawson,RB F1 Team,12,11,0.0,Finished,56,53.0
2025,19,United States Grand Prix,Circuit of the Americas,stroll,Lance Stroll,Aston Martin,19,12,0.0,Finished,56,54.0
2025,19,United States Grand Prix,Circuit of the Americas,antonelli,Andrea Kimi Antonelli,Mercedes,7,13,0.0,Finished,56,33.0
2025,19,United States Grand Prix,Circuit of the Americas,albon,Alexander Albon,Williams,18,14,0.0,Finished,56,38.0
2025,19,United States Grand Prix,Circuit of the Americas,ocon,Esteban Ocon,Haas F1 Team,17,15,0.0,Finished,56,31.0
2025,19,United States Grand Prix,Circuit of the Americas,hadjar,Isack Hadjar,RB F1 Team,20,16,0.0,Finished,56,54.0
2025,19,United States Grand Prix,Circuit of the Americas,colapinto,Franco Colapinto,Alpine F1 Team,15,17,0.0,Lapped,55,54.0
2025,19,United States Grand Prix,Circuit of the Americas,bortoleto,Gabriel Bortoleto,Sauber,16,18,0.0,Lapped,55,39.0
2025,19,United States Grand Prix,Circuit of the Americas,gasly,Pierre Gasly,Alpine F1 Team,14,19,0.0,Lapped,55,30.0
2025,19,United States Grand Prix,Circuit of the Americas,sainz,Carlos Sainz,Williams,9,20,0.0,Retired,5,3.0
2025,20,Mexico City Grand Prix,Autódromo Hermanos Rodríguez,norris,Lando Norris,McLaren,1,1,25.0,Finished,71,45.0
2025,20,Mexico City Grand Prix,Autódromo Hermanos Rodríguez,leclerc,Charles Leclerc,Ferrari,2,2,18.0,Finished,71,45.0
2025,20,Mexico City Grand Prix,Autódromo Hermanos Rodríguez,max_verstappen,Max Verstappen,Red Bull,5,3,15.0,Finished,71,50.0
2025,20,Mexico City Grand Prix,Autódromo Hermanos Rodríguez,bearman,Oliver Bearman,Haas F1 Team,9,4,12.0,Finished,71,51.0
2025,20,Mexico City Grand Prix,Autódromo Hermanos Rodríguez,piastri,Oscar Piastri,McLaren,7,5,10.0,Finished,71,53.0
2025,20,Mexico City Grand Prix,Autódromo Hermanos Rodríguez,antonelli,Andrea Kimi Antonelli,Mercedes,6,6,8.0,Finished,71,58.0
2025,20,Mexico City Grand Prix,Autódromo Hermanos Rodríguez,russell,George Russell,Mercedes,4,7,6.0,Finished,71,50.0
2025,20,Mexico City Grand Prix,Autódromo Hermanos Rodríguez,hamilton,Lewis Hamilton,Ferrari,3,8,4.0,Finished,71,50.0
2025,20,Mexico City Grand Prix,Autódromo Hermanos Rodríguez,ocon,Esteban Ocon,Haas F1 Team,11,9,2.0,Finished,71,65.0
2025,20,Mexico City Grand Prix,Autódromo Hermanos Rodríguez,bortoleto,Gabriel Bortoleto,Sauber,16,10,1.0,Finished,71,39.0
2025,20,Mexico City Grand Prix,Autódromo Hermanos Rodríguez,tsunoda,Yuki Tsunoda,Red Bull,10,11,0.0,Finished,71,44.0
2025,20,Mexico City Grand Prix,Autódromo Hermanos Rodríguez,albon,Alexander Albon,Williams,17,12,0.0,Lapped,70,45.0
2025,20,Mexico City Grand Prix,Autódromo Hermanos Rodríguez,hadjar,Isack Hadjar,RB F1 Team,8,13,0.0,Lapped,70,44.0
2025,20,Mexico City Grand Prix,Autódromo Hermanos Rodríguez,stroll,Lance Stroll,Aston Martin,19,14,0.0,Lapped,70,45.0
2025,20,Mexico City Grand Prix,Autódromo Hermanos Rodríguez,gasly,Pierre Gasly,Alpine F1 Team,18,15,0.0,Lapped,70,43.0
2025,20,Mexico City Grand Prix,Autódromo Hermanos Rodríguez,colapinto,Franco Colapinto,Alpine F1 Team,20,16,0.0,Lapped,70,50.0
2025,20,Mexico City Grand Prix,Autódromo Hermanos Rodríguez,sainz,Carlos Sainz,Williams,12,17,0.0,Retired,67,48.0
2025,20,Mexico City Grand Prix,Autódromo Hermanos Rodríguez,alonso,Fernando Alonso,Aston Martin,14,18,0.0,Retired,34,22.0
2025,20,Mexico City Grand Prix,Autódromo Hermanos Rodríguez,hulkenberg,Nico Hülkenberg,Sauber,13,19,0.0,Retired,25,14.0
2025,20,Mexico City Grand Prix,Autódromo Hermanos Rodríguez,lawson,Liam Lawson,RB F1 Team,15,20,0.0,Retired,5,4.0
2025,21,São Paulo Grand Prix,Autódromo José Carlos Pace,norris,Lando Norris,McLaren,1,1,25.0,Finished,71,66.0
2025,21,São Paulo Grand Prix,Autódromo José Carlos Pace,antonelli,Andrea Kimi Antonelli,Mercedes,2,2,18.0,Finished,71,52.0
2025,21,São Paulo Grand Prix,Autódromo José Carlos Pace,max_verstappen,Max Verstappen,Red Bull,19,3,15.0,Finished,71,56.0
2025,21,São Paulo Grand Prix,Autódromo José Carlos Pace,russell,George Russell,Mercedes,6,4,12.0,Finished,71,52.0
2025,21,São Paulo Grand Prix,Autódromo José Carlos Pace,piastri,Oscar Piastri,McLaren,4,5,10.0,Finished,71,54.0
2025,21,São Paulo Grand Prix,Autódromo José Carlos Pace,bearman,Oliver Bearman,Haas F1 Team,8,6,8.0,Finished,71,48.0
2025,21,São Paulo Grand Prix,Autódromo José Carlos Pace,lawson,Liam Lawson,RB F1 Team,7,7,6.0,Finished,71,21.0
2025,21,São Paulo Grand Prix,Autódromo José Carlos Pace,hadjar,Isack Hadjar,RB F1 Team,5,8,4.0,Finished,71,40.0
2025,21,São Paulo Grand Prix,Autódromo José Carlos Pace,hulkenberg,Nico Hülkenberg,Sauber,10,9,2.0,Finished,71,39.0
2025,21,São Paulo Grand Prix,Autódromo José Carlos Pace,gasly,Pierre Gasly,Alpine F1 Team,9,10,1.0,Finished,71,42.0
2025,21,São Paulo Grand Prix,Autódromo José Carlos Pace,albon,Alexander Albon,Williams,12,11,0.0,Finished,71,59.0
2025,21,São Paulo Grand Prix,Autódromo José Carlos Pace,ocon,Esteban Ocon,Haas F1 Team,20,12,0.0,Finished,71,10.0
2025,21,São Paulo Grand Prix,Autódromo José Carlos Pace,sainz,Carlos Sainz,Williams,15,13,0.0,Finished,71,19.0
2025,21,São Paulo Grand Prix,Autódromo José Carlos Pace,alonso,Fernando Alonso,Aston Martin,11,14,0.0,Finished,71,48.0
2025,21,São Paulo Grand Prix,Autódromo José Carlos Pace,colapinto,Franco Colapinto,Alpine F1 Team,16,15,0.0,Finished,71,45.0
2025,21,São Paulo Grand Prix,Autódromo José Carlos Pace,stroll,Lance Stroll,Aston Martin,14,16,0.0,Finished,71,56.0
2025,21,São Paulo Grand Prix,Autódromo José Carlos Pace,tsunoda,Yuki Tsunoda,Red Bull,17,17,0.0,Finished,71,49.0
2025,21,São Paulo Grand Prix,Autódromo José Carlos Pace,hamilton,Lewis Hamilton,Ferrari,13,18,0.0,Retired,37,35.0
2025,21,São Paulo Grand Prix,Autódromo José Carlos Pace,leclerc,Charles Leclerc,Ferrari,3,19,0.0,Retired,5,2.0
2025,21,São Paulo Grand Prix,Autódromo José Carlos Pace,bortoleto,Gabriel Bortoleto,Sauber,18,20,0.0,Retired,0,
2025,22,Las Vegas Grand Prix,Las Vegas Strip Street Circuit,max_verstappen,Max Verstappen,Red Bull,2,1,25.0,Finished,50,50.0
2025,22,Las Vegas Grand Prix,Las Vegas Strip Street Circuit,russell,George Russell,Mercedes,4,2,18.0,Finished,50,50.0
2025,22,Las Vegas Grand Prix,Las Vegas Strip Street Circuit,antonelli,Andrea Kimi Antonelli,Mercedes,17,3,15.0,Finished,50,48.0
2025,22,Las Vegas Grand Prix,Las Vegas Strip Street Circuit,leclerc,Charles Leclerc,Ferrari,9,4,12.0,Finished,50,43.0
2025,22,Las Vegas Grand Prix,Las Vegas Strip Street Circuit,sainz,Carlos Sainz,Williams,3,5,10.0,Finished,50,42.0
2025,22,Las Vegas Grand Prix,Las Vegas Strip Street Circuit,hadjar,Isack Hadjar,RB F1 Team,8,6,8.0,Finished,50,50.0
2025,22,Las Vegas Grand Prix,Las Vegas Strip Street Circuit,hulkenberg,Nico Hülkenberg,Sauber,11,7,6.0,Finished,50,49.0
2025,22,Las Vegas Grand Prix,Las Vegas Strip Street Circuit,hamilton,Lewis Hamilton,Ferrari,19,8,4.0,Finished,50,49.0
2025,22,Las Vegas Grand Prix,Las Vegas Strip Street Circuit,ocon,Esteban Ocon,Haas F1 Team,13,9,2.0,Finished,50,48.0
2025,22,Las Vegas Grand Prix,Las Vegas Strip Street Circuit,bearman,Oliver Bearman,Haas F1 Team,14,10,1.0,Finished,50,50.0
2025,22,Las Vegas Grand Prix,Las Vegas Strip Street Circuit,alonso,Fernando Alonso,Aston Martin,7,11,0.0,Finished,50,41.0
2025,22,Las Vegas Grand Prix,Las Vegas Strip Street Circuit,tsunoda,Yuki Tsunoda,Red Bull,20,12,0.0,Finished,50,49.0
2025,22,Las Vegas Grand Prix,Las Vegas Strip Street Circuit,gasly,Pierre Gasly,Alpine F1 Team,10,13,0.0,Finished,50,44.0
2025,22,Las Vegas Grand Prix,Las Vegas Strip Street Circuit,lawson,Liam Lawson,RB F1 Team,6,14,0.0,Lapped,49,47.0
2025,22,Las Vegas Grand Prix,Las Vegas Strip Street Circuit,colapinto,Franco Colapinto,Alpine F1 Team,15,15,0.0,Lapped,49,38.0
2025,22,Las Vegas Grand Prix,Las Vegas Strip Street Circuit,albon,Alexander Albon,Williams,16,16,0.0,Retired,35,26.0
2025,22,Las Vegas Grand Prix,Las Vegas Strip Street Circuit,bortoleto,Gabriel Bortoleto,Sauber,18,17,0.0,Retired,2,
2025,22,Las Vegas Grand Prix,Las Vegas Strip Street Circuit,stroll,Lance Stroll,Aston Martin,12,18,0.0,Retired,0,
2025,22,Las Vegas Grand Prix,Las Vegas Strip Street Circuit,norris,Lando Norris,McLaren,1,19,0.0,Disqualified,50,
2025,22,Las Vegas Grand Prix,Las Vegas Strip Street Circuit,piastri,Oscar Piastri,McLaren,5,20,0.0,Disqualified,50,
2025,23,Qatar Grand Prix,Lusail International Circuit,max_verstappen,Max Verstappen,Red Bull,3,1,25.0,Finished,57,50.0
2025,23,Qatar Grand Prix,Lusail International Circuit,piastri,Oscar Piastri,McLaren,1,2,18.0,Finished,57,44.0
2025,23,Qatar Grand Prix,Lusail International Circuit,sainz,Carlos Sainz,Williams,7,3,15.0,Finished,57,48.0
2025,23,Qatar Grand Prix,Lusail International Circuit,norris,Lando Norris,McLaren,2,4,12.0,Finished,57,47.0
2025,23,Qatar Grand Prix,Lusail International Circuit,antonelli,Andrea Kimi Antonelli,Mercedes,5,5,10.0,Finished,57,55.0
2025,23,Qatar Grand Prix,Lusail International Circuit,russell,George Russell,Mercedes,4,6,8.0,Finished,57,56.0
2025,23,Qatar Grand Prix,Lusail International Circuit,alonso,Fernando Alonso,Aston Martin,8,7,6.0,Finished,57,57.0
2025,23,Qatar Grand Prix,Lusail International Circuit,leclerc,Charles Leclerc,Ferrari,10,8,4.0,Finished,57,56.0
2025,23,Qatar Grand Prix,Lusail International Circuit,lawson,Liam Lawson,RB F1 Team,12,9,2.0,Finished,57,54.0
2025,23,Qatar Grand Prix,Lusail International Circuit,tsunoda,Yuki Tsunoda,Red Bull,15,10,1.0,Finished,57,57.0
2025,23,Qatar Grand Prix,Lusail International Circuit,albon,Alexander Albon,Williams,14,11,0.0,Finished,57,57.0
2025,23,Qatar Grand Prix,Lusail International Circuit,hamilton,Lewis Hamilton,Ferrari,17,12,0.0,Finished,57,52.0
2025,23,Qatar Grand Prix,Lusail International Circuit,bortoleto,Gabriel Bortoleto,Sauber,19,13,0.0,Finished,57,54.0
2025,23,Qatar Grand Prix,Lusail International Circuit,colapinto,Franco Colapinto,Alpine F1 Team,20,14,0.0,Lapped,56,52.0
2025,23,Qatar Grand Prix,Lusail International Circuit,ocon,Esteban Ocon,Haas F1 Team,16,15,0.0,Lapped,56,36.0
2025,23,Qatar Grand Prix,Lusail International Circuit,gasly,Pierre Gasly,Alpine F1 Team,9,16,0.0,Lapped,56,54.0
2025,23,Qatar Grand Prix,Lusail International Circuit,stroll,Lance Stroll,Aston Martin,18,17,0.0,Retired,55,51.0
2025,23,Qatar Grand Prix,Lusail International Circuit,hadjar,Isack Hadjar,RB F1 Team,6,18,0.0,Retired,55,52.0
2025,23,Qatar Grand Prix,Lusail International Circuit,bearman,Oliver Bearman,Haas F1 Team,13,19,0.0,Retired,41,34.0
2025,23,Qatar Grand Prix,Lusail International Circuit,hulkenberg,Nico Hülkenberg,Sauber,11,20,0.0,Retired,6,5.0
2025,24,Abu Dhabi Grand Prix,Yas Marina Circuit,max_verstappen,Max Verstappen,Red Bull,1,1,25.0,Finished,58,39.0
2025,24,Abu Dhabi Grand Prix,Yas Marina Circuit,piastri,Oscar Piastri,McLaren,3,2,18.0,Finished,58,44.0
2025,24,Abu Dhabi Grand Prix,Yas Marina Circuit,norris,Lando Norris,McLaren,2,3,15.0,Finished,58,48.0
2025,24,Abu Dhabi Grand Prix,Yas Marina Circuit,leclerc,Charles Leclerc,Ferrari,5,4,12.0,Finished,58,45.0
2025,24,Abu Dhabi Grand Prix,Yas Marina Circuit,russell,George Russell,Mercedes,4,5,10.0,Finished,58,57.0
2025,24,Abu Dhabi Grand Prix,Yas Marina Circuit,alonso,Fernando Alonso,Aston Martin,6,6,8.0,Finished,58,54.0
2025,24,Abu Dhabi Grand Prix,Yas Marina Circuit,ocon,Esteban Ocon,Haas F1 Team,8,7,6.0,Finished,58,56.0
2025,24,Abu Dhabi Grand Prix,Yas Marina Circuit,hamilton,Lewis Hamilton,Ferrari,16,8,4.0,Finished,58,36.0
2025,24,Abu Dhabi Grand Prix,Yas Marina Circuit,hulkenberg,Nico Hülkenberg,Sauber,18,9,2.0,Finished,58,46.0
2025,24,Abu Dhabi Grand Prix,Yas Marina Circuit,stroll,Lance Stroll,Aston Martin,15,10,1.0,Finished,58,52.0
2025,24,Abu Dhabi Grand Prix,Yas Marina Circuit,bortoleto,Gabriel Bortoleto,Sauber,7,11,0.0,Finished,58,47.0
2025,24,Abu Dhabi Grand Prix,Yas Marina Circuit,bearman,Oliver Bearman,Haas F1 Team,11,12,0.0,Finished,58,50.0
2025,24,Abu Dhabi Grand Prix,Yas Marina Circuit,sainz,Carlos Sainz,Williams,12,13,0.0,Finished,58,51.0
2025,24,Abu Dhabi Grand Prix,Yas Marina Circuit,tsunoda,Yuki Tsunoda,Red Bull,10,14,0.0,Finished,58,44.0
2025,24,Abu Dhabi Grand Prix,Yas Marina Circuit,antonelli,Andrea Kimi Antonelli,Mercedes,14,15,0.0,Finished,58,34.0
2025,24,Abu Dhabi Grand Prix,Yas Marina Circuit,albon,Alexander Albon,Williams,17,16,0.0,Finished,58,45.0
2025,24,Abu Dhabi Grand Prix,Yas Marina Circuit,hadjar,Isack Hadjar,RB F1 Team,9,17,0.0,Lapped,57,52.0
2025,24,Abu Dhabi Grand Prix,Yas Marina Circuit,lawson,Liam Lawson,RB F1 Team,13,18,0.0,Lapped,57,39.0
2025,24,Abu Dhabi Grand Prix,Yas Marina Circuit,gasly,Pierre Gasly,Alpine F1 Team,19,19,0.0,Lapped,57,46.0
2025,24,Abu Dhabi Grand Prix,Yas Marina Circuit,colapinto,Franco Colapinto,Alpine F1 Team,20,20,0.0,Lapped,57,42.0
